StudentID,SessionMinute,SimulatedTimeSec,ScenarioTemplate,Class,SimulationScenario,AF3 delta m,AF3 delta std,F7 delta m,F7 delta std,F3 delta m,F3 delta std,FC5 delta m,FC5 delta std,T7 delta m,T7 delta std,P7 delta m,P7 delta std,O1 delta m,O1 delta std,O2 delta m,O2 delta std,P8 delta m,P8 delta std,T8 delta m,T8 delta std,FC6 delta m,FC6 delta std,F4 delta m,F4 delta std,F8 delta m,F8 delta std,AF4 delta m,AF4 delta std,AF3 theta m,AF3 theta std,F7 theta m,F7 theta std,F3 theta m,F3 theta std,FC5 theta m,FC5 theta std,T7 theta m,T7 theta std,P7 theta m,P7 theta std,O1 theta m,O1 theta std,O2 theta m,O2 theta std,P8 theta m,P8 theta std,T8 theta m,T8 theta std,FC6 theta m,FC6 theta std,F4 theta m,F4 theta std,F8 theta m,F8 theta std,AF4 theta m,AF4 theta std,AF3 alpha m,AF3 alpha std,F7 alpha m,F7 alpha std,F3 alpha m,F3 alpha std,FC5 alpha m,FC5 alpha std,T7 alpha m,T7 alpha std,P7 alpha m,P7 alpha std,O1 alpha m,O1 alpha std,O2 alpha m,O2 alpha std,P8 alpha m,P8 alpha std,T8 alpha m,T8 alpha std,FC6 alpha m,FC6 alpha std,F4 alpha m,F4 alpha std,F8 alpha m,F8 alpha std,AF4 alpha m,AF4 alpha std,AF3 beta m,AF3 beta std,F7 beta m,F7 beta std,F3 beta m,F3 beta std,FC5 beta m,FC5 beta std,T7 beta m,T7 beta std,P7 beta m,P7 beta std,O1 beta m,O1 beta std,O2 beta m,O2 beta std,P8 beta m,P8 beta std,T8 beta m,T8 beta std,FC6 beta m,FC6 beta std,F4 beta m,F4 beta std,F8 beta m,F8 beta std,AF4 beta m,AF4 beta std
1,1,0,fatigue_profile,medium_attention,medium_attention,2481.713996,55.421526,2455.395980,56.453246,2420.688779,82.784003,2467.656512,60.573843,2482.781642,57.116551,2478.203708,43.587365,2493.632760,68.918241,2430.019268,59.777162,2413.705482,76.020346,2469.360401,61.245473,2541.186992,62.013093,2529.686135,63.654956,2460.426054,52.382805,2475.399916,37.987540,13.949588,0.459595,14.120905,0.262547,14.514646,0.277744,13.821789,0.323424,14.462380,0.422848,14.207172,0.467741,14.243516,0.494833,14.292132,0.386770,14.205514,0.342322,13.944913,0.338063,14.462127,0.395751,14.332672,0.403747,14.476053,0.408014,14.321399,0.469317,22.977502,0.534630,22.970864,0.468453,23.674421,0.690329,22.846542,0.684873,22.678193,0.475087,22.286792,0.707964,23.352186,0.586131,22.922861,0.613412,23.227319,0.716112,23.287977,0.709137,22.985141,0.519212,22.460253,0.620437,23.588971,0.559711,22.417850,0.563665,41.186691,1.235319,40.390250,0.997677,41.037564,1.291886,39.774985,1.110808,40.788908,1.081849,40.274510,1.106346,39.879775,1.203737,39.274893,0.854010,39.096295,1.335788,40.614582,0.992924,41.186912,1.096695,40.234708,1.037515,40.075441,1.047310,39.465546,0.964795
1,2,60,fatigue_profile,medium_attention,medium_attention,2440.646053,76.520424,2427.824935,63.736465,2432.715124,65.408418,2411.006727,43.209367,2435.166455,66.333469,2429.955628,50.738770,2476.246605,64.215414,2441.207205,89.732422,2384.026506,58.391896,2411.718172,63.809493,2540.316185,74.693421,2482.876383,64.237318,2404.072797,61.935233,2417.776244,71.041169,14.046773,0.361518,14.263305,0.443684,14.443285,0.323989,13.932040,0.265283,14.467025,0.290700,14.213124,0.316856,14.132767,0.386751,14.159695,0.362073,14.329198,0.361510,13.807818,0.408967,14.286380,0.398599,14.156015,0.442983,14.563671,0.346499,14.206654,0.414853,22.960247,0.710129,22.358555,0.452201,23.503468,0.616909,22.966186,0.545069,22.646105,0.500007,22.296208,0.511656,23.032894,0.519606,23.244583,0.539544,23.171846,0.588083,22.948911,0.506633,22.951428,0.553671,22.550743,0.641188,23.479811,0.498397,22.410817,0.558039,41.830849,1.227773,40.624525,1.042474,41.514432,0.967528,40.411429,1.097473,40.484609,0.996488,40.858290,1.022503,40.478138,0.921598,39.202525,0.891261,39.284848,1.144446,41.207460,1.098527,42.015682,0.905216,40.929689,0.941872,40.625237,1.028790,40.549763,0.871649
1,3,120,fatigue_profile,medium_attention,medium_attention,2449.989597,72.836803,2502.890868,64.168229,2436.422248,80.306563,2427.162352,66.942899,2461.927063,47.248527,2439.340006,63.270134,2495.484264,58.154867,2434.787323,56.408006,2431.927136,62.350267,2463.651877,68.916720,2525.133949,61.447219,2516.845080,70.928329,2390.271730,68.925014,2467.048829,57.532442,13.805538,0.398200,14.261034,0.315393,14.443824,0.265081,13.912457,0.349042,14.626968,0.444755,14.082137,0.437904,14.311952,0.410686,14.107273,0.358474,14.387926,0.303699,13.655668,0.349563,14.276089,0.302691,14.363540,0.385443,14.727175,0.311318,14.301985,0.294881,22.885137,0.574685,22.475399,0.586901,23.300977,0.841676,23.127439,0.585475,22.459164,0.543806,22.046169,0.425327,23.180982,0.552156,22.919172,0.520431,23.208503,0.573774,22.718200,0.584010,22.712363,0.575701,22.443131,0.737126,23.459864,0.649509,22.529166,0.533902,41.876526,0.891696,40.677577,1.023612,41.032609,1.243494,40.545747,0.516481,40.691974,0.596700,40.563286,0.939811,40.221596,0.847396,38.983481,0.989769,38.465811,0.891491,40.771477,1.050017,41.324241,0.767583,40.657807,0.939882,39.541764,1.074663,40.047796,1.000312
1,4,180,fatigue_profile,medium_attention,medium_attention,2429.292791,51.696695,2466.034700,55.321020,2436.580271,55.134119,2429.101003,64.971166,2436.697018,55.788545,2420.475817,61.001015,2450.482077,51.434387,2417.234256,69.263168,2349.060626,67.968925,2433.929291,54.490284,2498.751788,62.402683,2490.418198,59.399424,2392.423545,46.422131,2452.026338,67.551904,14.375703,0.268627,14.616347,0.312562,14.672328,0.409906,14.247749,0.334635,14.958988,0.331074,14.729295,0.231889,14.483840,0.350018,14.720970,0.307768,14.822787,0.468534,14.327205,0.454584,14.739200,0.398003,14.352717,0.213538,15.145626,0.476606,14.716462,0.351552,23.532220,0.551340,22.688817,0.524032,24.151663,0.606240,23.271294,0.471963,22.997765,0.615815,22.521277,0.644045,23.628543,0.692333,23.219305,0.532850,23.740275,0.608038,23.167882,0.455582,23.274164,0.427344,23.118655,0.688355,23.837783,0.626419,22.888344,0.645240,41.145249,1.305706,39.946912,1.071052,40.985703,0.915697,40.093502,0.908677,39.870695,1.020608,40.105144,1.210638,40.238005,0.810080,39.012025,0.655660,38.481910,0.994594,40.841490,0.943882,40.657650,1.155350,40.302569,0.957910,39.888198,0.841655,39.401159,1.300477
1,5,240,fatigue_profile,low_attention,low_attention,2471.667170,67.470134,2458.351991,52.582077,2422.924075,59.915316,2419.952595,53.472193,2437.281174,50.792724,2423.970897,51.587071,2443.974598,56.207154,2436.243841,64.335937,2396.047969,46.562558,2415.115727,56.261252,2495.467650,78.947517,2517.117008,65.970558,2412.005970,50.432919,2457.719780,67.510981,14.631159,0.301777,15.159651,0.424338,15.375581,0.388533,14.573158,0.349305,15.663384,0.343622,15.041496,0.471018,15.017978,0.440987,15.082763,0.366998,15.317576,0.358169,14.748626,0.413624,15.325478,0.409494,15.212462,0.405035,15.693744,0.319212,15.033559,0.377481,23.683620,0.597835,23.123634,0.441009,24.357795,0.511708,23.305818,0.683901,23.376007,0.600619,22.837056,0.682833,24.533881,0.740865,23.907975,0.799310,23.849667,0.717288,23.756470,0.616313,23.360649,0.623600,23.401029,0.643075,24.179355,0.756424,23.531458,0.679925,40.939611,0.776500,39.748097,0.946873,40.559719,0.514885,39.984017,0.983649,40.093241,1.168090,40.208960,0.987583,39.924795,1.046331,38.454205,0.882147,38.650693,1.145242,40.515357,1.036732,41.114700,1.286412,39.850398,0.994316,40.095777,0.947475,39.258582,1.286316
1,6,300,fatigue_profile,low_attention,low_attention,2483.134480,63.848603,2476.087906,57.153913,2470.602068,82.714202,2465.646014,55.889824,2443.469930,49.045158,2433.265626,47.586197,2507.175590,58.942531,2452.903823,52.333251,2393.234317,49.073537,2481.644287,41.536560,2543.060180,77.990943,2508.028452,61.987816,2405.379829,59.780150,2479.461390,63.555696,15.453162,0.433574,15.869273,0.371620,16.254758,0.356295,15.492772,0.343950,16.311167,0.419535,15.860235,0.377283,15.687311,0.487563,15.774966,0.446757,15.823074,0.362137,15.123901,0.248705,15.844795,0.392473,15.556690,0.357329,16.182473,0.335253,15.870723,0.426199,23.835273,0.569610,23.184816,0.642039,24.752992,0.645495,23.990689,0.692592,23.926740,0.611214,23.266384,0.471835,24.755239,0.524575,24.079934,0.525641,23.816274,0.665791,23.826258,0.609002,23.694075,0.516870,23.679110,0.583748,24.110239,0.508607,23.530929,0.686855,41.427770,1.045988,39.965918,1.356499,40.269355,1.221811,39.819228,1.272783,40.285849,1.460889,39.822574,1.063031,39.746150,1.047471,38.861953,0.841855,38.214253,0.936544,40.622212,0.953382,41.121725,1.085209,40.031507,1.077230,39.755991,0.973482,39.842752,1.013019
1,7,360,fatigue_profile,low_attention,low_attention,2501.678806,60.486665,2481.305080,50.455469,2479.451016,50.242109,2477.233085,61.192412,2465.608368,69.544371,2464.134485,65.095422,2513.572322,67.727479,2450.449935,51.970518,2451.572481,50.055227,2472.572368,72.997216,2524.555879,39.029690,2542.630931,43.162300,2456.482928,53.278587,2473.171815,70.979236,16.400968,0.440149,16.594038,0.456007,16.811407,0.466746,16.366327,0.350055,16.862695,0.457038,16.396355,0.363166,16.586543,0.421763,16.577355,0.317411,16.684277,0.376018,15.961028,0.296152,16.710787,0.369904,16.482967,0.343214,16.920588,0.378232,16.880394,0.448366,24.878467,0.553439,24.441337,0.700344,25.575449,0.638311,24.846254,0.760155,24.858969,0.762970,24.460384,0.501778,25.560311,0.531438,25.267780,0.537129,25.304228,0.676693,24.890895,0.511120,24.894074,0.617928,24.514290,0.684109,25.006572,0.728434,24.741613,0.599517,40.029725,0.975418,38.503507,0.918120,39.788925,0.814037,39.417760,1.014304,39.339098,0.857545,39.437529,0.902369,38.978327,0.819398,38.182398,0.787451,37.309262,0.997481,39.387338,1.013166,40.302132,1.210335,39.322953,0.870939,38.960028,0.977606,38.533996,0.897994
1,8,420,fatigue_profile,low_attention,low_attention,2519.014976,65.099282,2453.016448,73.940922,2433.731022,58.623798,2448.121267,72.738284,2469.647081,69.307236,2432.911354,66.866602,2515.705898,69.345995,2479.869605,53.280399,2434.134995,71.456043,2466.255595,61.816151,2530.062303,67.696792,2504.379863,65.842774,2414.605525,63.240428,2488.746695,69.233918,17.376611,0.481622,18.036460,0.359613,17.973701,0.639798,17.540618,0.325445,18.109053,0.446565,17.821716,0.559002,17.770153,0.338430,17.847041,0.433167,17.963629,0.451243,16.956186,0.456195,18.014009,0.335801,18.026096,0.317447,18.462059,0.407803,18.389039,0.493514,26.186646,0.489450,25.548394,0.546154,26.431665,0.662641,25.691415,0.590248,26.167756,0.710238,25.261582,0.501338,26.406260,0.817510,26.438697,0.759074,26.282656,0.849222,25.598776,0.690823,25.661855,0.422696,25.591074,0.704293,26.322775,0.682379,25.852579,0.726348,40.535053,1.001635,38.796489,1.187960,39.595973,1.010698,39.253813,0.994194,39.890568,0.946441,38.982782,0.936255,39.544787,0.860271,38.009151,0.995335,37.330910,0.770552,39.890570,0.998476,40.170655,0.766784,39.250925,0.739023,38.325761,0.819415,38.440817,0.991137
1,9,480,fatigue_profile,low_attention,low_attention,2526.047737,57.580713,2476.659440,71.540291,2493.240907,57.807503,2459.565983,59.251801,2518.530649,75.304944,2468.271083,69.233891,2517.788119,52.386521,2468.921911,51.786523,2436.890941,63.892916,2461.496991,52.223529,2570.720219,61.330612,2561.163738,57.920940,2451.879251,61.643879,2505.439939,63.029971,18.730388,0.331733,18.989769,0.428098,19.185939,0.411156,18.629361,0.302252,19.276827,0.429453,18.657338,0.467907,18.929904,0.397252,19.060971,0.430956,19.095506,0.602186,18.326069,0.459433,18.843884,0.595619,19.106833,0.556031,19.446432,0.501282,18.970748,0.533831,26.852628,0.689728,26.184798,0.665512,27.138692,0.633290,26.510030,0.709066,26.907525,0.404193,25.948161,0.917196,27.291419,0.750179,26.726174,0.717385,26.954221,0.461082,26.699774,0.764725,26.342212,0.782962,26.284259,0.656513,27.313296,0.607707,26.676015,0.722580,39.800952,0.952034,38.017433,0.708376,38.954990,1.010865,38.691692,0.659381,38.633743,1.022828,38.632813,0.972845,38.756004,0.886567,37.281328,0.808795,36.901788,0.955961,38.514192,1.040460,39.266172,1.186646,38.689664,0.942244,37.944704,0.932364,38.223877,0.819894
1,10,540,fatigue_profile,low_attention,low_attention,2498.589167,51.707974,2466.700426,59.568428,2481.865037,56.055282,2471.596740,61.553573,2449.797620,57.548449,2471.380621,54.655022,2519.331628,74.523394,2455.485766,63.368442,2426.182204,64.189392,2451.021498,66.962824,2506.913990,50.294898,2514.820509,61.099122,2444.224240,66.249959,2475.318369,57.564040,19.467786,0.469754,20.028110,0.485925,20.217057,0.528549,19.349131,0.521167,20.561402,0.531720,19.741123,0.541290,19.803444,0.549162,19.896542,0.562323,20.204003,0.406532,19.018294,0.534339,20.187172,0.542299,19.948058,0.638856,20.555509,0.582601,20.041513,0.515543,27.721111,0.599429,27.213228,0.627102,28.201630,0.696514,27.480129,0.467376,27.940220,0.522189,26.641562,0.442194,28.329968,0.579956,28.107004,0.588697,28.245417,0.601004,27.525695,0.768137,27.425472,0.721081,27.253365,0.654296,28.008674,0.778054,27.286328,0.811015,39.306655,1.010208,38.417013,0.906797,39.881142,0.730474,38.184126,1.021242,37.898956,1.021649,39.047646,1.038236,38.287281,0.775161,37.296738,0.653831,36.899843,0.839377,38.574275,1.087491,38.859696,1.050812,38.476551,0.868052,37.998482,0.697911,37.875004,0.927511
1,11,600,fatigue_profile,low_attention,low_attention,2512.343002,66.597437,2521.484422,53.661123,2500.161090,78.550210,2481.111828,58.398350,2510.535027,56.405297,2506.937493,75.726079,2516.516101,49.663489,2448.290550,56.348017,2397.853251,50.484875,2498.125493,57.962431,2565.713378,61.543806,2556.616158,72.704372,2455.781025,62.743389,2464.266246,52.162103,20.381110,0.612880,20.585778,0.443809,21.077140,0.490405,20.004836,0.361744,21.170499,0.388551,20.684109,0.505821,20.533726,0.769568,20.988144,0.423651,20.805030,0.549481,19.851042,0.416659,21.079052,0.463289,20.850594,0.386628,21.087030,0.548989,20.702206,0.494824,28.405687,0.718151,27.897364,0.640427,28.537183,0.823371,27.977921,0.789841,28.269319,0.734792,27.420600,0.669971,28.814906,0.853239,28.409916,0.518047,28.343372,0.675271,28.133100,0.693945,28.023005,0.697268,27.764467,0.761967,29.088322,0.758241,27.600238,0.840839,38.674989,0.745551,38.179828,0.921382,38.935438,0.781856,37.714750,0.792602,37.230053,0.845822,37.657229,1.085984,37.732080,0.887193,36.717229,0.820456,36.132683,0.538114,38.350806,0.884109,38.664574,1.130819,37.959345,0.793321,37.485061,1.003965,37.233719,1.123270
1,12,660,fatigue_profile,low_attention,low_attention,2500.452290,55.736610,2484.258336,68.755197,2466.751441,46.853310,2453.224705,58.337711,2481.422549,82.230682,2446.044785,69.089250,2508.724133,57.416204,2425.186360,48.219113,2410.404506,63.641330,2459.521248,81.832149,2526.804538,67.361769,2559.959640,65.923760,2432.266626,52.957969,2470.921843,38.273680,20.849313,0.434179,21.221835,0.510018,21.722337,0.660170,20.822782,0.607573,21.421430,0.563662,21.151343,0.627695,20.927139,0.583692,21.499433,0.523814,21.485923,0.582201,20.589949,0.629552,21.595697,0.432535,21.379299,0.634894,22.172817,0.647693,21.298168,0.491559,29.659499,0.851324,28.421219,0.989660,29.374944,0.946203,28.717985,0.775220,28.829971,0.661877,28.283379,0.891397,29.303062,0.666654,29.409423,0.806351,29.230338,0.843517,28.488370,0.750942,28.590559,0.539215,28.142317,0.781643,29.133650,0.794591,28.412103,0.792487,38.541841,0.848551,37.472901,0.986405,37.798957,0.976882,36.980918,0.746909,36.772008,0.709788,37.280755,0.939959,37.410960,0.769327,36.072546,1.085160,35.859331,0.693572,37.668473,0.829416,38.073855,1.034984,36.815654,0.904454,37.339291,0.670994,36.838941,0.963930
1,13,720,fatigue_profile,low_attention,low_attention,2483.693124,56.145210,2451.482332,58.661862,2464.995254,56.076764,2455.432605,46.696924,2536.954955,69.441344,2452.233271,60.739336,2513.464677,54.734844,2470.790672,39.930346,2421.199150,62.235883,2448.199747,69.554019,2554.425293,58.356225,2517.671411,74.445751,2444.346586,77.768536,2495.399762,54.803145,21.417325,0.580853,21.787999,0.514637,22.132412,0.562280,20.977725,0.710370,21.831248,0.436687,21.608377,0.615052,21.438463,0.653187,21.727430,0.539652,21.920169,0.515682,21.030548,0.503199,22.128157,0.591815,21.882675,0.558553,22.474175,0.600922,21.962589,0.523809,29.464865,0.719216,28.699521,0.649910,29.878371,0.728886,29.076549,0.966845,28.689357,0.482906,28.281207,0.673335,29.225832,0.722194,29.605536,0.635528,29.433801,0.813104,29.125095,0.606253,28.873766,0.726585,28.643769,0.602032,29.539259,0.716581,28.968979,0.684212,38.339467,0.802147,37.056994,0.843544,37.885516,1.017149,36.966003,0.835563,37.001472,0.995890,37.266710,0.902989,36.767599,0.865752,36.021540,0.685269,35.489064,0.922652,37.564125,0.999049,38.073396,1.098088,37.147471,1.294296,37.291372,1.160944,36.786757,1.314580
1,14,780,fatigue_profile,low_attention,low_attention,2445.889026,52.367935,2473.718366,63.434620,2427.875137,91.093793,2433.556039,77.360981,2489.993733,50.844484,2447.734331,81.153892,2493.369491,76.670835,2456.984908,66.470904,2371.941207,65.649114,2462.530193,63.439870,2505.409709,45.667665,2503.357161,48.981355,2442.482785,78.193244,2463.447519,49.893815,21.993277,0.577481,22.349389,0.495255,22.879830,0.551297,21.827246,0.752761,22.952841,0.602501,22.385409,0.441472,21.963064,0.645200,22.413508,0.524337,22.453961,0.544028,21.408173,0.584884,22.519776,0.530099,22.506266,0.504484,23.066028,0.743883,22.571064,0.518298,29.807741,0.655918,29.020698,0.578267,30.053672,0.806930,29.530624,0.963112,29.367568,0.510658,28.654885,0.607924,30.062241,0.676481,29.797071,0.681761,29.550560,0.912624,29.286963,0.880037,29.591947,0.772814,28.772787,0.838841,30.251471,0.792815,29.069265,0.543146,38.326369,0.674820,37.574071,0.829682,37.429565,0.933528,36.744262,0.915222,37.037802,0.615000,37.101843,0.868641,37.074954,0.712671,35.654228,0.656437,35.639702,0.822857,37.421163,0.979131,37.294721,0.917211,36.622272,0.786336,36.368332,0.877606,36.833128,0.758560
1,15,840,fatigue_profile,low_attention,low_attention,2408.115852,70.806068,2435.474439,71.891940,2457.658153,59.461622,2433.757086,71.904603,2443.143548,66.520462,2415.239815,46.992675,2495.995725,65.923781,2483.366591,62.115314,2367.154306,61.589806,2442.796879,54.767246,2538.963696,54.500156,2488.616510,69.474468,2430.131039,75.330233,2452.800852,71.808139,23.067884,0.527370,23.847625,0.517493,24.275959,0.704787,22.912290,0.739644,23.868081,0.681864,23.478340,0.589673,23.479804,0.478614,23.799978,0.594918,23.628224,0.509049,23.048703,0.661730,23.841006,0.611792,23.658043,0.545221,24.304067,0.700831,23.470525,0.495601,30.031724,0.754984,29.116084,0.860591,30.292451,0.716493,29.670591,0.664320,29.826383,0.881367,28.944076,0.819425,30.061632,0.672275,29.986731,0.807197,30.171278,0.764063,29.658341,0.759480,29.652552,0.747947,29.074902,0.690476,30.412704,0.925549,29.235768,0.914535,38.790265,1.128591,37.282072,0.815322,37.363189,0.960587,36.783113,0.983329,37.258444,0.919223,36.682214,0.960024,37.257434,0.785254,35.994361,0.885054,35.751974,1.110975,37.244592,1.087640,38.053045,0.829812,36.352897,1.008096,36.593944,1.059224,36.790096,0.816381
1,16,900,fatigue_profile,low_attention,low_attention,2462.108165,59.121833,2481.502979,53.422918,2477.762853,61.791268,2426.104950,68.871577,2454.419101,43.785135,2455.859101,66.846254,2467.248852,54.802950,2457.950773,61.711616,2375.604919,47.776030,2451.345632,76.204420,2502.320574,62.045303,2476.458805,39.106355,2418.843961,63.274006,2461.106976,67.562223,24.340504,0.854258,24.749278,0.701342,25.575260,0.614366,23.993481,0.736887,25.324245,0.507591,24.683757,0.713074,24.626343,0.607603,25.168930,0.821072,24.974099,0.818703,24.116348,0.668362,25.143235,0.584009,25.180601,0.583370,25.640595,0.620032,25.327761,0.705051,29.871267,0.947382,28.892231,0.751562,30.542436,0.830255,29.607209,0.667372,29.895187,0.865814,29.057588,0.952165,29.991284,0.767599,30.280899,0.711095,30.396317,0.794100,29.643940,0.632601,29.847036,0.714502,29.152240,0.901146,30.182368,0.851762,29.745937,0.708444,37.426265,1.020280,36.325086,0.976300,36.808737,0.760583,36.516660,0.931683,36.168972,0.851818,36.197239,0.938247,36.538084,1.034414,35.117661,0.894527,34.863741,0.892839,36.642512,0.827005,37.338140,0.802090,35.797417,1.172950,36.130185,0.988915,35.920370,0.834588
1,17,960,fatigue_profile,low_attention,low_attention,2464.898819,55.756913,2451.577248,80.135527,2386.768451,42.531040,2441.578748,54.324360,2427.626376,41.728699,2423.086063,46.645958,2463.575766,69.420007,2435.164726,57.065258,2332.011901,49.636884,2469.541309,77.011011,2497.101626,62.653699,2438.273964,83.084051,2403.980584,66.511073,2414.821907,66.122852,26.261872,0.471622,26.252886,0.643296,27.267864,0.646472,25.753975,0.499656,26.728621,0.500750,26.241597,0.650339,26.324632,0.711873,26.787116,0.627011,26.627638,0.860200,25.730737,0.598607,26.963945,0.611236,26.683289,0.695860,27.407657,0.586081,26.802386,0.628640,30.408865,0.733278,29.427480,0.909745,31.135048,0.941302,30.007481,0.616066,30.287903,0.851181,29.729973,0.551077,30.688565,0.834913,30.854297,0.867340,30.536206,0.630151,29.989070,0.954314,30.621492,0.512681,29.858970,0.748512,30.878688,0.644674,29.630303,0.776610,37.528797,1.338873,35.646448,0.982403,36.384652,0.795566,35.420062,0.883963,36.211234,0.788307,35.940254,0.859157,35.462169,0.865101,34.966462,0.867282,34.822232,0.755727,36.278297,1.068241,36.666152,1.001338,35.817951,0.894076,35.229693,0.807782,35.245299,0.735855
1,18,1020,fatigue_profile,low_attention,low_attention,2505.723592,63.571034,2471.659963,45.142120,2440.585440,59.828001,2448.824683,62.954259,2457.819218,44.951418,2439.424685,40.775821,2523.726080,69.865192,2494.127527,57.618843,2401.608223,82.203387,2459.350592,65.642784,2504.679241,61.382818,2494.860635,78.305931,2441.480319,69.623142,2499.426207,64.991315,27.855967,0.643278,28.348641,0.684463,29.190326,0.772069,27.686783,0.636019,29.121545,0.667493,28.010641,0.840557,28.224103,0.814724,28.485055,0.774527,28.471118,0.727381,27.408191,0.749686,28.660648,0.848655,28.491394,0.826231,28.981006,0.817300,29.002579,0.715709,30.654528,0.652528,29.755616,0.631719,31.137527,0.776021,30.483032,0.739904,30.344681,0.764864,29.417977,0.790428,30.680179,0.737941,30.545135,0.895191,30.270177,0.896743,30.210784,0.747193,30.407141,0.715177,29.520823,0.453618,30.884034,0.644709,29.459641,0.541525,36.762159,0.866492,34.807047,0.563121,35.904521,0.913903,34.823384,0.884801,35.381463,0.914283,35.046890,1.131337,35.016119,1.226997,34.311606,0.791978,33.718460,0.898387,35.296384,0.948875,35.715539,0.801896,34.690337,0.826252,33.736323,0.702913,35.098791,0.599488
1,19,1080,fatigue_profile,drowsy,drowsy,2489.083865,62.594669,2465.339333,85.317593,2437.108454,70.817894,2464.719051,60.718105,2472.018130,52.609282,2424.730860,59.677180,2493.366105,77.908641,2473.363784,48.516996,2420.296265,60.966726,2498.200201,61.728708,2548.461899,54.689550,2518.119756,60.149492,2466.639674,57.454174,2482.294561,48.179506,29.890650,0.699081,30.162484,0.786796,31.211970,0.828703,29.649178,0.825578,31.250154,0.894076,30.207329,0.777323,30.078690,0.846958,30.916019,0.842931,30.544401,0.771500,29.307025,0.820589,31.159431,0.617761,30.328620,0.741492,31.374673,0.781873,30.309486,0.592972,30.691660,0.788496,30.401802,0.825078,31.480756,0.678411,30.489785,0.655370,30.259031,0.874634,29.972692,0.729674,31.013126,0.764048,30.787874,0.846893,30.747940,0.982702,31.001702,0.812920,30.627413,0.854397,30.198933,0.810767,30.843878,0.678188,29.971156,0.690073,35.772874,0.887912,34.165978,0.723513,34.660766,0.983799,34.871909,0.764983,34.922700,0.868288,34.751540,0.849196,34.577513,0.811976,34.265134,0.692072,32.505890,1.019429,35.508304,0.797907,34.711315,0.842950,34.041472,0.781252,34.099626,0.821632,34.286263,0.877666
1,20,1140,fatigue_profile,drowsy,drowsy,2487.285394,49.908871,2484.939808,69.573789,2438.418351,64.839380,2441.380055,71.425105,2486.274152,51.433783,2452.460097,66.192745,2509.836539,68.155737,2477.825855,69.355261,2401.026220,68.304770,2445.083827,75.617171,2522.694770,75.968841,2500.079166,65.655505,2409.401178,58.928600,2481.694987,53.999390,31.584039,0.641350,32.254140,1.245625,33.130721,0.815683,31.596674,0.740425,33.120131,0.731808,32.589027,0.888822,32.321425,0.818872,32.405886,0.566875,32.206003,0.843727,31.199141,0.848419,32.626060,0.717698,32.662637,0.743786,33.459792,0.840017,32.522982,0.805638,31.321747,0.876738,30.321548,0.789591,31.559855,0.616038,31.016738,0.852668,30.725075,0.719825,29.781612,0.705894,31.264455,0.713989,31.318702,0.877981,30.612834,0.796441,30.990073,0.687950,30.663031,0.606467,30.189091,0.650250,31.326250,0.787104,30.020352,0.725910,34.924876,0.748763,33.335158,0.700089,33.862174,1.070724,33.514951,0.798752,33.586424,0.940622,33.308936,0.861491,33.623524,0.850056,32.907538,0.773569,31.817215,0.780935,33.792409,0.828209,33.861533,0.913800,33.182303,0.835825,32.693123,0.697335,32.992883,1.151377
1,21,1200,fatigue_profile,drowsy,drowsy,2420.896217,67.651819,2394.450495,65.081596,2361.847900,39.902905,2350.672973,56.527994,2390.262577,54.879282,2356.941675,85.832917,2441.206659,69.101883,2412.299016,49.007982,2287.185676,57.817373,2377.992205,46.418464,2474.744418,75.160626,2411.275266,40.881003,2358.244944,55.603543,2389.067704,48.447831,33.962742,0.827002,34.053630,0.801982,34.702487,0.706519,33.337371,1.020866,34.724348,1.054330,33.864364,0.750562,33.603262,0.755726,34.533830,0.842898,34.657627,1.095566,32.983958,0.798108,34.463240,0.829616,34.450213,0.896153,35.458507,0.729923,34.160122,0.833575,31.278146,0.619262,30.540204,0.649961,31.583284,0.787781,31.170845,0.622974,30.826605,0.754472,30.054918,0.955809,31.363742,0.913591,31.579354,0.928000,31.244468,0.830222,31.217355,0.844497,30.576331,0.768680,30.600234,0.817066,31.443212,0.732117,30.625685,0.706306,33.270780,0.839993,32.575409,0.960696,33.310475,0.802986,33.012397,0.611057,33.065671,0.834934,33.042602,0.904725,33.026190,0.681615,32.053849,0.601991,31.150579,0.958821,33.443735,0.959953,33.292091,0.789781,32.236408,1.045403,32.241295,0.926477,32.156245,0.537933
1,22,1260,fatigue_profile,drowsy,drowsy,2433.922139,50.647638,2431.569234,53.471069,2421.829635,59.977209,2402.091776,52.389471,2403.486735,69.654115,2377.180052,69.137126,2455.760277,62.778807,2435.661901,64.117857,2360.224623,67.929875,2387.363217,60.923333,2485.647958,56.521932,2465.537149,63.944068,2409.327767,66.989197,2442.327275,45.789648,35.298755,0.789440,35.921488,0.755569,36.851693,0.872939,34.862921,0.990385,36.715003,1.038453,35.353348,0.949818,35.578969,0.986989,35.773016,1.054709,36.352644,0.707027,34.369367,0.920083,36.701638,0.802182,36.223351,1.004924,37.197987,0.707783,36.337521,1.027487,31.151390,0.909289,30.568996,0.721575,31.439031,0.805519,31.022902,0.975480,30.575931,0.726615,29.907887,0.851237,30.983764,0.773375,31.161188,0.750628,31.249540,0.941678,30.940715,0.839448,30.869981,0.660534,30.357665,0.666747,31.605031,0.690364,30.059676,0.973035,32.915026,0.878416,32.313053,0.994738,32.627024,0.613277,32.942726,0.802131,32.535800,1.057929,32.649953,0.738122,32.519547,0.706202,31.190127,1.001640,30.779988,0.488601,32.679985,0.949081,32.655613,0.752632,31.796960,0.724199,31.507432,0.728180,31.723655,0.681624
1,23,1320,fatigue_profile,drowsy,drowsy,2441.904641,60.256349,2440.936132,52.780321,2404.369305,72.569430,2428.079251,59.141635,2423.814241,64.326609,2429.337957,63.297673,2434.222837,65.580086,2469.612011,64.322179,2331.698389,63.114143,2444.826245,53.931342,2517.751425,47.423778,2444.148093,54.097034,2421.535779,45.336906,2412.521948,68.840436,37.418303,1.072005,37.594220,1.125099,38.517608,1.479082,36.483282,1.099897,38.530758,0.843190,36.956782,0.776607,37.227165,0.781870,37.748740,1.172997,37.855133,0.954501,36.250288,0.859154,38.382621,1.360985,37.806910,0.826462,38.929000,0.989776,38.226511,0.783137,31.470504,0.727721,30.381372,0.860914,31.979355,0.725222,31.204199,0.686533,31.082793,0.768014,30.173071,0.909020,31.460931,0.827439,31.233470,0.619045,31.348233,1.181286,31.412049,0.739275,31.020484,0.705104,30.643226,0.850392,31.693554,0.798755,30.178136,0.566041,32.985166,0.735611,31.855729,0.776789,32.468437,0.864837,32.542620,0.616348,32.116607,0.712404,32.363150,1.031870,32.087362,0.740303,30.799736,1.012364,31.121157,1.063082,32.642899,0.864721,32.681071,0.775208,32.118007,0.802895,30.812497,1.000534,31.582107,0.784883
1,24,1380,fatigue_profile,drowsy,drowsy,2474.972949,65.370287,2475.685710,67.915338,2460.057077,57.779421,2442.564140,75.547834,2449.526585,64.731532,2449.966906,72.974571,2515.405916,61.614996,2445.887182,50.740724,2358.823700,58.065317,2457.911320,56.510846,2518.142144,71.224586,2504.846426,52.777532,2476.687042,65.511203,2458.332537,53.872441,38.184953,1.056407,38.737622,0.928246,39.603076,0.795697,37.687748,1.025408,39.157125,0.967892,38.508620,1.037498,38.469638,0.859412,38.826217,0.819322,39.724282,1.015772,37.465202,0.979932,39.500846,0.993757,39.283647,0.637706,39.581730,1.016948,38.815699,1.187572,31.844425,0.723393,30.964134,0.585752,31.832775,0.871437,31.648855,0.920535,30.976183,0.994322,30.492105,0.739809,32.009052,0.898459,31.650510,1.054153,31.980072,0.880588,30.893765,0.720768,31.215664,1.032180,30.875251,1.078622,32.022899,0.851931,30.974036,0.711673,32.128601,0.834586,31.132208,0.773553,31.981390,0.741085,31.519530,0.792865,31.279192,0.840338,31.457079,0.732378,31.294014,1.014577,30.760861,0.706176,29.836348,0.621366,31.299677,0.920662,31.904709,1.074644,31.102835,0.810203,30.600343,0.843635,30.941096,1.101854
1,25,1440,fatigue_profile,drowsy,drowsy,2518.704542,50.689466,2493.025272,71.064169,2496.654160,69.182275,2464.836026,48.900808,2484.613028,72.994793,2494.810440,66.965068,2525.001302,73.181854,2507.858149,56.234339,2392.128620,74.613712,2509.729109,67.521960,2530.182062,61.970106,2546.715363,54.228779,2463.880599,68.690824,2494.877644,99.105438,39.148320,1.128732,39.721784,1.130733,39.927776,0.929406,38.636671,0.774227,40.186971,1.156261,39.529380,0.893773,38.998457,1.315803,39.420350,1.040455,39.771100,0.906487,37.983159,0.763001,40.040640,0.919279,39.786673,0.998770,41.068744,1.053961,39.781714,1.021497,31.649227,1.098718,30.830918,0.831567,32.083644,0.892895,31.175664,0.618061,31.166562,0.779004,30.150684,0.624736,31.644246,0.739890,31.713086,0.616056,31.374234,0.698512,31.377165,1.119767,31.368231,0.901992,30.650921,0.668890,31.941228,0.972032,30.908974,0.974362,31.786760,0.883273,30.817702,0.815599,31.903227,0.736174,30.505814,0.726750,31.076417,0.550784,30.853302,0.853391,30.716387,0.662851,29.868055,0.833837,29.499763,0.874190,30.603013,0.671334,31.098117,0.876838,30.806391,0.826625,30.133957,0.645613,29.833381,0.802124
1,26,1500,fatigue_profile,drowsy,drowsy,2477.807763,59.037477,2547.923063,59.499494,2440.929355,70.603321,2438.015424,71.664810,2488.765257,47.308265,2461.874448,59.017059,2462.341476,62.426093,2471.347154,65.947713,2388.065343,67.420909,2488.930597,71.234304,2540.156367,69.831484,2533.337789,46.784358,2457.125289,63.506427,2488.240036,56.605130,39.184288,0.933566,40.135307,0.810417,40.434057,1.081813,38.876189,0.813781,40.513140,1.082456,39.764811,0.879824,39.414726,0.913870,40.213576,1.068943,40.683780,0.968167,38.666548,0.984655,40.901252,1.068308,40.578619,1.033927,41.583573,1.120491,40.109590,1.115473,31.604728,0.827658,30.590159,0.736811,32.072600,0.844115,31.391482,0.668437,30.702934,0.952745,30.405874,0.568732,31.388595,0.979313,31.650575,0.818103,31.560761,0.711332,31.382764,1.032200,31.131157,0.876820,30.783272,0.824024,31.729823,0.727831,30.994539,0.673539,31.534482,0.981629,30.250968,0.831573,30.778776,0.691909,30.545645,0.836735,30.306379,0.671109,30.367358,0.619065,29.827030,0.926279,29.837516,0.805154,28.919015,0.640125,30.667326,0.675115,30.985816,0.778600,30.620012,0.839230,30.070117,0.689649,29.758546,0.699917
1,27,1560,fatigue_profile,drowsy,drowsy,2462.228624,43.463578,2492.912472,66.788564,2464.619950,74.288252,2425.786525,62.733528,2452.277810,62.746553,2466.958091,57.432994,2451.524954,70.486374,2466.483890,64.437044,2379.573111,60.490430,2469.724970,57.396120,2510.053173,69.496474,2516.085816,70.308935,2438.480811,73.695935,2487.710956,65.448519,39.758395,1.058746,40.532424,1.090096,41.446714,1.032623,38.972784,0.876778,41.088934,0.815457,39.851184,1.268626,39.825173,1.141454,40.937437,1.091289,41.286230,0.793221,38.776693,1.448282,41.335814,0.795434,41.039947,1.228325,41.964142,0.958777,40.695009,0.756339,31.910755,1.000685,31.054964,0.857514,31.828288,0.694558,31.366714,0.792828,31.358903,0.453121,30.432620,0.834450,31.443473,0.993723,31.987760,0.785911,31.906879,0.813347,31.021737,0.800509,31.173488,1.040998,31.173315,0.858106,32.045351,0.685400,31.010835,0.760101,31.393991,0.731343,30.248005,0.526850,30.635021,0.711728,30.476518,0.680238,30.583279,0.761990,30.412784,0.866359,29.793135,0.959244,29.994501,0.801244,28.457353,0.539086,30.844793,0.655023,30.927338,0.767370,30.781657,0.690970,29.530070,0.798449,29.952494,0.827973
1,28,1620,fatigue_profile,drowsy,drowsy,2427.131203,64.827968,2485.495274,44.886183,2459.724562,45.197513,2429.548970,45.700109,2432.367327,55.773396,2456.731990,53.986774,2457.912589,55.832646,2407.875270,49.073549,2360.671810,45.001679,2435.137872,90.678740,2502.788295,59.043405,2473.466648,58.961889,2417.398330,55.769749,2455.566733,59.752151,39.814373,0.784732,40.590153,1.342851,41.347462,1.314886,39.183847,1.288748,41.740944,1.110887,40.267537,0.859820,40.279537,0.823991,41.046097,0.898566,40.681635,1.239006,38.907681,0.817588,41.209060,0.861277,40.896582,1.014331,41.829637,0.746162,40.978580,0.966794,31.888492,0.927205,30.703855,0.923372,31.865385,0.574116,31.558048,0.640113,31.663470,0.771303,30.512901,0.660258,31.234383,0.798243,31.975786,0.694860,31.874419,0.847964,31.305852,0.855225,31.217839,0.749184,30.775384,0.734701,31.809803,0.857810,30.649085,0.639692,31.244247,0.931430,30.405369,0.722246,31.222670,0.652866,30.501406,1.037301,30.814930,1.017327,30.548928,0.749066,30.513305,0.550913,30.099424,0.803477,29.436031,0.643961,30.577394,0.745211,31.217102,0.788637,30.888222,0.573224,30.172337,0.748091,30.138909,0.910242
1,29,1680,fatigue_profile,drowsy,drowsy,2457.823092,72.917306,2487.015389,57.148233,2446.804473,54.409725,2387.969273,50.990783,2487.477567,77.519868,2447.502010,60.998833,2493.759764,80.783436,2429.897710,71.035121,2337.356503,60.372632,2425.741017,70.146326,2521.708305,47.738141,2467.864399,49.505906,2472.041987,66.671949,2439.378644,68.489278,40.116278,1.094567,40.892714,0.622950,41.348419,1.138226,39.548107,1.090057,41.507694,0.889763,40.589187,1.035268,40.674275,0.932807,41.032790,1.130148,40.466363,0.666169,39.024042,0.888789,41.207500,1.046073,40.816545,1.007099,41.947205,1.257417,40.692702,0.789716,32.029469,0.968096,31.061152,0.748252,32.545096,0.876978,32.001605,1.046666,31.286481,0.948036,30.639427,0.685310,32.022354,0.797609,32.278069,0.903221,32.159358,0.886018,31.445726,0.613467,31.703303,0.636082,30.873102,0.877645,32.397398,0.627755,31.044208,0.889365,31.180355,0.626279,30.308086,0.772288,31.058089,0.925323,30.376209,0.651823,30.903424,0.751774,30.507082,0.776723,29.673714,0.961297,29.999362,0.808712,29.248849,0.874215,30.313536,0.511337,30.995421,0.808024,30.808831,0.662867,30.732934,0.642998,30.228936,0.855874
1,30,1740,fatigue_profile,drowsy,drowsy,2486.693716,53.944679,2483.793320,63.414262,2434.138479,67.198380,2430.915355,57.205722,2486.476538,66.077775,2479.750500,63.906008,2469.560070,65.821854,2458.526518,55.543093,2351.231658,55.952248,2433.580434,50.208018,2518.378042,78.396347,2490.787744,59.590488,2445.051598,73.361114,2456.545555,45.471544,40.225210,0.938354,40.242920,1.294426,42.059119,1.013292,40.023718,0.993927,41.875778,1.361403,40.382387,0.962648,40.354425,1.207238,40.774599,0.791827,41.182107,0.715592,39.362957,0.807126,41.489615,1.182487,41.254145,1.262726,42.429128,1.246200,41.080757,1.430983,31.276891,0.879326,30.886515,0.843680,32.159360,0.631288,31.499479,0.934174,30.951209,0.966508,30.694557,0.704375,31.807567,0.721978,31.948008,0.860955,32.185166,0.738898,31.319725,0.861724,31.343678,0.907248,30.859475,0.791616,32.045212,0.941749,31.023511,0.649297,31.094656,0.632373,29.797033,0.572396,30.395425,0.845848,30.089323,0.636053,30.429365,0.815749,30.147192,0.603936,29.846534,0.744755,29.647274,0.788063,28.935503,0.742205,30.402249,0.624882,30.517879,0.670878,30.235491,0.669120,29.817714,0.714431,30.040244,0.730211
2,1,0,fatigue_profile,medium_attention,medium_attention,2577.467908,116.687169,2673.744482,100.905704,2704.012923,120.990549,2662.002890,122.025681,2612.569204,114.140501,2567.199368,101.549500,2661.274164,119.782596,2642.486962,109.926962,2648.056248,105.429388,2738.343709,119.042605,2692.910604,104.540232,2644.099975,122.882987,2515.489656,105.877477,2701.586815,108.582708,14.570406,0.436517,14.947026,0.499533,14.542295,0.685599,14.455452,0.687426,14.279853,0.572015,14.326528,0.584473,14.300974,0.614389,14.649758,0.691199,14.629999,0.778366,14.187593,0.505041,14.590350,0.492638,14.591918,0.616068,14.246654,0.640234,14.602505,0.939933,22.928614,1.160973,21.820433,0.730121,21.920297,1.233166,21.586408,1.092414,21.788976,1.147456,22.568392,0.884685,21.960863,0.707548,22.193070,1.109981,21.401885,0.985838,22.262336,1.171569,22.945486,0.737902,22.658059,1.114604,21.585220,1.215583,22.181354,1.182280,39.682012,2.082557,40.049688,1.794245,40.577471,2.287906,39.736312,1.675022,39.408765,1.652491,39.523456,1.993504,40.180010,1.780658,41.198568,1.277746,39.996829,1.756965,41.221327,1.782461,38.829408,1.472454,38.869355,1.498294,38.724224,1.966322,40.174424,1.416203
2,2,60,fatigue_profile,medium_attention,medium_attention,2576.689385,122.938689,2728.259550,92.260066,2660.826653,119.345877,2665.384683,114.731119,2618.033676,123.741091,2581.939994,120.303972,2736.156233,86.891034,2666.463098,123.204806,2647.592209,119.138397,2703.464780,119.775831,2635.426205,128.305360,2680.774411,105.249974,2624.557447,109.415962,2743.408599,117.091071,14.556002,0.696541,14.692020,0.584018,14.490199,0.651098,14.370164,0.634320,14.596990,0.504485,14.732832,0.788300,14.796555,0.828684,14.765039,0.531140,14.490534,0.508506,14.325821,0.521377,14.494760,0.656026,14.390290,0.412759,14.562756,0.630524,14.589758,0.717557,23.333517,0.655037,22.006153,1.273409,22.287157,0.928585,22.230944,0.783840,21.916443,0.970428,22.719315,1.058059,21.720536,0.804278,22.185324,1.036818,22.398322,0.985422,22.759824,1.048255,23.139844,0.974208,23.039342,0.943696,21.745111,0.891448,22.513729,0.645383,39.389747,1.673027,40.152574,1.846766,40.013900,1.654511,39.819381,2.208256,39.588706,1.346692,39.460953,1.650505,39.574300,1.751629,39.461536,1.964622,40.014394,1.468097,41.608869,1.596137,38.275680,1.529098,38.527877,1.640842,38.660479,1.925851,39.727957,2.343411
2,3,120,fatigue_profile,medium_attention,medium_attention,2565.413393,102.088947,2730.364011,154.513689,2699.462091,113.408187,2667.943038,93.248044,2631.563535,114.541815,2582.049720,107.545061,2662.085989,107.891017,2628.362356,104.439742,2677.986062,142.745438,2721.642030,126.607234,2694.916786,133.444988,2670.400655,123.265925,2621.428857,112.372330,2733.663540,130.363647,14.658269,0.677594,14.605617,0.698250,14.785051,0.660627,14.649970,0.562658,14.599821,0.667229,14.674924,0.619526,14.691370,0.912612,14.967482,0.532061,14.533640,0.734318,14.250568,0.540772,14.653249,0.596093,14.860850,0.567165,14.616979,0.643929,14.787633,0.585463,22.979168,1.086455,22.356097,1.195697,22.343586,1.054690,21.988399,1.097317,22.050171,1.155578,23.063321,1.130450,22.466578,0.699141,22.795427,0.745722,22.321538,0.988808,22.817553,0.953306,23.227977,0.716412,23.258081,0.977859,22.349180,0.746778,22.551791,0.991834,39.694327,1.923011,40.875118,1.395183,39.864516,1.589499,39.381289,1.530616,39.973466,1.376739,38.725468,1.685531,39.298546,1.803257,40.405274,1.602486,39.396707,1.432092,41.635140,1.382647,38.678242,1.747050,39.473053,1.738164,39.090685,1.607606,41.090588,2.100314
2,4,180,fatigue_profile,medium_attention,medium_attention,2569.678190,144.307385,2678.949584,116.637527,2684.769893,92.304617,2656.068802,103.454111,2645.573287,80.361492,2624.582722,135.161464,2744.456850,107.390652,2633.625158,115.173274,2667.962327,79.796700,2738.626701,99.765218,2731.442847,125.486429,2689.213365,121.473446,2573.992450,139.278920,2791.710531,117.624202,14.729682,0.448881,14.486119,0.568187,14.225372,0.442780,14.617011,0.528139,14.358038,0.514907,14.126287,0.549748,14.263047,0.435871,14.446791,0.595241,14.490317,0.613350,14.130996,0.508645,14.380744,0.607244,14.257056,0.553935,14.698503,0.600341,14.602878,0.686057,22.901010,0.985964,21.982176,1.078894,21.698200,1.037011,21.342683,0.891645,22.027146,0.923862,22.907149,1.169227,21.718934,1.122756,22.369315,1.226028,21.973047,1.211371,22.434879,0.922167,22.998453,1.245821,22.575330,1.167276,21.925367,0.937586,22.578200,0.812086,40.363478,1.818253,40.477378,1.943746,41.752264,1.732292,39.946000,2.104502,39.929236,2.063095,39.400564,1.713272,40.063581,2.424456,40.852274,1.880162,39.363529,1.080369,41.193622,2.030415,38.605958,1.667539,39.542718,2.349846,39.203496,1.511553,40.059552,1.984578
2,5,240,fatigue_profile,medium_attention,medium_attention,2641.461417,111.381464,2762.641596,114.183489,2663.003735,133.418180,2704.655563,105.885463,2616.206048,114.749006,2631.591704,91.280146,2734.799957,137.209264,2662.925638,126.389490,2637.267360,98.319537,2698.059824,135.542435,2704.511953,132.884834,2620.063454,76.446786,2580.873487,111.029707,2717.335848,126.988007,14.428338,0.807020,14.724170,0.417472,14.693666,0.633740,14.633798,0.807848,14.411959,0.570278,14.403183,0.573868,14.714398,0.681147,14.755245,0.653323,14.622785,0.738690,14.309243,0.476255,14.753348,0.661468,14.570402,0.538923,14.444282,0.476024,14.379589,0.655639,23.451262,0.852298,22.179952,1.194719,22.324481,1.106015,22.259872,1.019528,22.111849,0.968337,23.223061,1.141296,22.172763,0.832661,22.648832,0.986667,21.884302,0.795462,22.580010,0.992104,23.326757,0.861816,22.975653,1.049225,21.812923,1.007560,22.448031,0.892856,39.833179,2.290412,40.419415,2.308393,41.620540,1.940853,39.091878,1.563340,39.465493,1.639751,39.536598,2.151042,39.241251,1.363045,40.772732,1.845418,39.978363,2.286257,40.935099,1.810124,39.152363,1.447263,39.592474,1.668041,39.358060,1.976272,39.887098,1.512536
2,6,300,fatigue_profile,medium_attention,medium_attention,2597.363291,78.552585,2724.275595,109.962053,2686.234089,108.408096,2634.448198,117.719090,2592.564549,121.628740,2608.995901,116.716831,2684.245845,97.730248,2618.963515,110.444156,2656.057017,161.012134,2718.313018,147.534851,2694.327801,106.947245,2610.990028,115.898007,2549.876521,136.470688,2737.995484,108.561398,14.808808,0.622981,14.951057,0.792452,15.103231,0.609048,14.846139,0.478111,14.920145,0.628032,14.743257,0.598286,14.913064,0.639111,15.039895,0.820771,14.735557,0.495566,14.482486,0.555781,14.632356,0.424611,14.797255,0.611318,14.903720,0.675406,14.857982,0.528145,23.552738,0.907595,22.211522,0.931184,22.291311,1.058617,22.516825,1.253505,22.606388,0.963593,22.949390,0.814610,22.056478,1.063826,22.819513,1.172554,22.130718,0.893936,22.802995,0.844848,23.155942,0.904180,23.157225,0.987379,22.158883,0.927402,23.219899,0.866404,39.980323,1.154311,39.975801,1.348106,41.145011,1.398499,39.122073,1.570451,40.394480,1.496667,39.289476,2.045184,39.581603,1.576099,39.672975,1.686546,39.540947,1.646499,41.091011,1.083972,37.630304,1.785762,39.516332,1.758073,38.655025,1.464962,40.568283,1.107648
2,7,360,fatigue_profile,low_attention,low_attention,2627.363768,120.444143,2792.880121,139.546859,2704.970981,88.835148,2635.106119,99.824432,2679.550774,89.949950,2611.873513,90.016002,2673.280690,99.125352,2700.169459,114.405977,2645.291914,128.188655,2742.113462,126.376296,2662.754117,128.584484,2713.910193,121.457145,2579.207657,133.285353,2776.988592,117.890355,15.391836,0.666576,15.383134,0.654732,15.241691,0.497945,15.272812,0.592635,15.475583,0.559826,15.296677,0.586368,15.297537,0.600424,15.600800,0.528318,15.284711,0.792208,15.171596,0.568927,15.437226,0.674486,15.405433,0.521566,15.408984,0.743981,15.525012,0.725593,23.744104,1.012606,22.898212,0.785369,23.106656,1.174929,22.783721,1.018178,22.885476,0.873531,23.762284,0.801331,22.560612,1.055665,23.332190,1.035976,22.830378,0.973464,23.101194,0.726703,23.781837,1.038582,23.539793,0.884928,22.658221,0.969999,23.602713,1.393824,38.888774,1.859405,39.692873,1.925808,40.617585,1.523910,37.944356,1.784431,39.412209,1.813748,39.640722,2.089089,39.349900,1.821214,39.516638,1.634481,39.666974,1.482814,40.433436,1.714228,37.816307,1.491301,39.082288,1.506739,38.810307,1.598151,39.455828,1.964268
2,8,420,fatigue_profile,low_attention,low_attention,2673.117644,115.487788,2777.416151,83.032432,2701.304536,103.983244,2671.596028,130.545469,2639.039941,138.417471,2631.531388,117.034874,2744.856492,122.727164,2633.258100,117.049027,2694.249146,139.287027,2721.616438,109.311316,2717.741393,163.999779,2661.978601,120.837911,2612.540867,99.543037,2754.150544,94.777251,15.950548,0.649352,16.603419,0.776134,16.083997,0.828599,15.991131,0.644359,16.181535,0.429956,16.172648,0.844703,15.930851,0.718862,16.091258,0.774802,16.121648,0.794516,15.943958,0.698066,16.219468,0.688273,15.895512,0.811919,15.889174,0.726144,16.125640,0.700896,24.210836,0.900619,23.323645,0.732829,23.220616,1.149230,23.369627,0.828074,22.941469,0.640093,23.826665,1.181262,23.235360,1.149209,23.464754,1.289550,23.124509,0.927622,23.598171,1.143388,24.550910,1.074785,24.677581,0.952882,23.622130,1.222384,24.219099,1.046516,39.227704,1.626120,39.947207,1.507014,41.021830,2.200738,39.463893,1.758977,38.744512,1.704229,38.991051,1.783820,39.608800,2.292354,39.361476,2.126414,39.454941,1.689540,40.691848,1.815175,38.306809,1.802507,39.084765,1.653551,38.522795,1.376011,39.422701,1.781043
2,9,480,fatigue_profile,low_attention,low_attention,2656.026669,124.544132,2805.808371,101.177260,2741.239254,120.240431,2678.412634,109.588542,2710.594747,130.366558,2686.949504,113.271404,2700.121973,142.795245,2666.126009,107.535604,2673.397795,75.831563,2809.108055,104.928622,2781.521843,128.917031,2661.038568,113.382810,2542.046404,91.360722,2739.250951,110.494423,16.386111,0.587133,17.318998,0.640199,16.487378,0.762630,16.633023,0.911944,16.644564,0.777106,16.485281,0.620504,16.447643,0.616609,16.960825,0.975197,16.768824,0.865508,16.178904,0.705631,16.658005,0.645957,16.308332,0.604461,16.421285,0.898003,16.727683,0.531899,24.960393,0.968692,23.865561,1.052512,24.104760,1.050665,24.459457,0.849048,24.479582,1.313359,24.935665,0.983196,24.063982,0.808658,24.164203,0.782695,24.114135,1.290534,24.293130,1.167786,25.181908,1.228572,25.135855,0.991294,23.983356,0.877728,24.729802,0.934449,38.478977,1.897970,39.246730,1.548714,40.000171,1.481210,38.137132,1.710539,38.621200,1.517701,38.683895,1.536984,38.567416,1.756160,38.641494,1.471174,38.459309,1.691564,40.433887,1.972973,37.289888,1.404575,37.993898,1.913173,38.262834,1.434449,38.738269,1.748718
2,10,540,fatigue_profile,low_attention,low_attention,2613.196226,92.144468,2760.195440,100.072479,2679.745218,107.144085,2610.523584,143.064883,2659.329630,99.599186,2638.724733,123.866064,2637.286590,93.846704,2658.298200,116.995056,2648.295757,75.042107,2625.312893,112.307272,2681.619267,113.971424,2678.208324,126.002432,2589.905957,88.998938,2742.877245,120.244106,17.248030,0.572188,17.661735,0.628472,17.204543,0.628337,17.451735,0.778200,17.310594,0.752553,17.342445,0.650759,17.148132,0.556982,17.708107,0.835469,17.071223,0.819081,17.265597,0.959103,17.513464,0.769760,17.202786,0.861928,16.995498,0.766874,17.719076,0.789707,25.889927,1.187478,24.771934,1.096003,24.585925,0.861679,24.562300,1.228284,24.599747,1.018229,25.089304,1.071175,24.432460,1.196224,24.993787,0.901827,25.215941,1.157644,25.004966,1.064111,24.964672,0.650041,25.635573,1.079921,24.356835,1.071739,25.376970,1.106460,38.286294,1.672503,38.108221,1.554333,39.754319,1.614755,37.625469,1.563968,38.086278,1.348087,38.438905,1.474494,37.806699,1.774601,38.613509,2.059317,38.389906,2.012286,39.267809,2.196478,38.063995,1.672265,37.956127,1.787830,37.967333,1.646497,39.210783,1.666056
2,11,600,fatigue_profile,low_attention,low_attention,2580.599076,121.381234,2757.864756,125.220067,2714.536227,122.605559,2690.121406,142.922272,2736.072154,116.070503,2643.169079,69.996414,2672.673773,95.966455,2649.309065,101.523890,2613.969809,113.012366,2721.276392,105.258072,2689.635418,132.877204,2629.217025,95.353482,2556.733368,104.671124,2742.047001,117.361109,17.708045,0.955360,18.550549,0.805813,17.967534,0.777030,17.944003,0.884380,18.190352,0.717783,18.065450,0.731742,18.229768,0.707282,18.390793,0.844052,18.282097,0.797326,18.051368,0.744968,18.321461,0.975751,18.225790,0.825947,18.087006,0.907023,18.162281,0.841042,26.981523,1.524620,25.585088,1.077738,25.400869,1.171296,25.478488,0.981571,25.338341,1.233570,26.378085,1.088909,25.399719,1.260620,25.821705,1.252203,25.405567,0.983535,26.008230,1.391463,26.265258,0.880485,26.256077,0.988969,25.078590,1.111387,26.159818,1.289938,38.734778,1.278081,38.567800,1.768752,38.380193,1.417886,37.801107,1.655129,37.650236,1.748594,37.478705,1.935688,37.709500,1.483195,38.022003,1.795881,38.379751,1.321985,38.792476,1.511020,36.794861,1.255050,36.930475,1.826140,37.087564,1.955936,38.161988,1.983568
2,12,660,fatigue_profile,low_attention,low_attention,2689.315366,129.327484,2805.325468,127.856178,2688.743964,147.365502,2704.628468,138.825594,2718.141750,120.649459,2699.646457,86.344415,2724.704615,92.847827,2708.272670,93.086093,2666.107154,104.944239,2744.034277,116.474183,2726.115004,66.946379,2727.875844,120.737284,2655.521243,93.852956,2801.282913,121.491856,19.102440,0.805285,19.788563,0.974302,19.100304,0.676076,18.865561,0.979668,18.909658,0.879627,19.070804,0.558031,18.917452,0.767080,19.323393,1.013969,19.446808,0.767509,18.724109,0.676579,18.949980,0.907225,19.044543,0.818722,18.742214,0.934514,19.551289,0.505146,27.513383,0.981915,25.585780,0.915790,26.307979,1.067000,26.554896,1.046249,26.276568,1.321331,26.875439,0.777471,26.132364,1.486833,26.766451,0.817036,26.272530,1.198372,26.443238,1.049419,26.874223,1.172963,27.145549,1.140240,25.858995,1.153996,26.722044,1.338994,37.666217,1.918922,38.585451,1.575758,38.795234,1.403163,37.248939,1.911814,37.343849,1.329291,38.164251,1.433893,37.611909,1.732601,37.834919,1.619097,38.038134,2.033525,39.056718,1.444981,37.115835,1.146139,37.018181,1.421360,36.704576,1.558026,38.894710,1.944572
2,13,720,fatigue_profile,low_attention,low_attention,2648.866260,142.365314,2773.296198,113.834263,2741.857038,117.317683,2710.442187,98.436635,2668.408202,165.448102,2632.874440,119.867056,2765.463967,103.289382,2691.576048,113.079140,2682.371779,136.734469,2794.887437,130.587818,2755.899067,84.103455,2724.544488,122.916531,2628.192681,121.115042,2759.587272,117.515788,20.120497,0.962425,20.658884,0.624021,19.849161,0.824580,19.633267,0.612416,19.402986,0.665802,19.679426,0.967907,19.668182,0.814855,19.953070,1.041299,20.026077,0.858624,19.484332,0.887530,19.589458,0.946406,19.428424,1.070493,19.182192,0.907331,19.884901,0.950535,27.706523,0.936133,26.619564,1.401258,27.232112,1.185350,27.303847,1.150825,27.369906,0.815916,27.260248,1.382093,26.753051,1.233981,27.044841,0.820507,26.751946,0.900181,27.370237,1.234655,28.326954,1.035621,28.320741,0.990636,26.867049,1.245152,27.238829,1.186033,37.685399,1.407306,37.874416,1.117064,38.848451,2.008444,37.580701,1.657063,37.603463,1.996671,38.252599,1.993051,38.062310,1.490285,37.767818,1.291414,37.583148,1.708992,39.577151,1.512095,37.554069,1.595036,37.175524,1.505167,36.359711,1.683885,38.875984,1.890438
2,14,780,fatigue_profile,low_attention,low_attention,2679.416652,146.245747,2795.447970,158.906035,2767.934183,117.013958,2766.896062,98.416710,2691.440426,87.008464,2705.985665,111.409915,2782.525465,107.036750,2710.842716,137.130288,2701.041713,136.555923,2809.384908,136.180271,2756.176027,128.597667,2689.807013,82.577511,2585.836966,105.034559,2802.083374,101.317701,20.719524,0.595889,20.515669,0.676211,20.386690,0.684661,20.585250,1.009125,20.588304,0.994376,20.341976,1.083679,20.321623,0.941649,20.769794,0.727950,20.220763,0.726446,19.950983,1.014005,20.360757,1.020938,20.346975,0.987865,20.192495,1.013533,20.921166,0.725846,28.799514,2.057132,27.079664,0.692982,27.999103,1.079912,27.402071,1.175134,27.722276,1.059081,28.004747,1.650946,28.417195,1.296957,27.639042,1.209281,27.723632,1.348558,27.654733,1.140033,28.333331,1.591956,28.698992,1.300757,27.546398,1.368282,28.079214,1.267276,36.978198,1.634478,37.282633,1.343758,38.352428,1.533458,37.014000,1.563666,36.971364,1.707007,37.206396,1.685657,37.476030,1.442951,37.813297,1.684205,37.696015,1.453060,39.216916,1.860871,35.584940,1.870448,36.704072,1.505069,37.410056,1.715000,38.098654,1.524200
2,15,840,fatigue_profile,low_attention,low_attention,2669.697777,110.056499,2853.062676,119.649140,2820.544145,111.859984,2807.577283,133.600976,2715.224721,89.877567,2768.099893,106.884200,2814.684636,104.479424,2778.454693,105.482781,2732.746577,137.643105,2873.539320,120.223679,2821.181384,103.253397,2705.778882,109.208633,2652.656479,90.573209,2861.456987,109.130177,21.186258,0.996298,21.093174,0.968343,21.045868,0.829220,20.331346,0.799944,20.583014,1.039980,21.059270,1.141029,20.993593,0.682446,20.808280,0.682933,20.778336,0.709677,20.448587,0.889171,20.532158,1.101401,20.663089,1.057703,20.546305,0.849980,21.000219,1.058930,28.505904,0.752684,27.262023,0.892767,28.436603,1.541607,28.261479,1.289414,27.976776,1.251853,27.758647,1.061901,28.302135,1.202521,28.368368,0.980429,27.780335,1.501656,27.814706,1.419552,29.092045,1.195872,28.668174,1.324657,27.972507,1.150048,28.484509,1.254093,37.304623,1.228833,37.197828,1.593108,37.196005,1.636304,36.461552,1.475693,36.568757,1.896814,37.133193,1.842803,36.635682,1.328410,37.195181,1.435983,37.351316,1.931261,38.208517,2.218941,35.626687,1.367475,36.370018,1.885788,36.187708,1.487294,37.044896,1.063633
2,16,900,fatigue_profile,low_attention,low_attention,2692.802183,116.168125,2784.858437,120.948606,2764.163877,127.585382,2734.843936,120.905350,2638.716868,106.287835,2676.331104,117.937141,2815.886741,125.950391,2743.413374,121.139885,2744.410120,116.941053,2855.935653,91.475569,2771.995919,112.891591,2727.823425,144.951591,2683.743160,143.096416,2811.671731,136.408306,21.370791,0.853161,21.604373,0.726580,21.277198,1.192587,20.949315,0.975432,21.300606,1.060205,21.268139,0.952801,20.715107,0.905359,21.368406,0.819597,21.168013,0.796071,20.772118,0.512451,21.202481,1.146457,21.522361,1.227252,21.053222,1.020287,21.023149,1.024197,29.759134,1.295079,28.315861,0.978153,28.820520,1.463748,28.143228,1.447071,28.210276,1.488964,28.719533,1.214916,27.998253,1.330282,29.087480,1.365337,28.371786,1.573444,28.691971,0.868820,29.071952,1.141672,29.101433,1.236029,27.598074,1.457865,29.237878,1.469847,37.155042,1.895904,37.004232,1.752414,37.676924,1.512559,36.387898,1.442909,36.515198,1.383452,37.185005,1.444879,37.405257,1.604554,37.373273,1.737702,37.126687,1.756705,39.085768,1.374896,36.274603,1.126263,36.378706,1.849663,36.611414,1.080135,37.111487,1.634372
2,17,960,fatigue_profile,low_attention,low_attention,2713.444674,101.603130,2827.432341,134.987399,2791.587847,56.598904,2836.974078,143.408480,2772.523063,124.601778,2716.303529,111.398198,2791.879278,113.069909,2755.801219,112.173116,2713.003018,139.215155,2784.612962,107.048634,2792.588950,120.488948,2750.187249,140.112714,2674.369176,137.775566,2838.544366,133.161705,21.954544,0.864704,22.569730,0.807962,22.571335,1.136444,22.174422,0.994746,22.334759,1.233412,22.338442,1.031097,22.260460,1.056977,22.356615,1.098918,22.097919,0.728644,21.305705,0.736090,22.425829,1.028606,22.251934,0.744634,21.928623,0.634813,22.607600,1.349752,29.955618,1.124850,28.187349,1.140254,29.063906,0.970468,28.526288,1.055748,28.880717,1.046067,29.147658,0.991810,28.037968,0.769772,28.873579,1.273848,28.725709,1.132810,29.014563,0.979484,29.860632,1.194335,29.551965,1.030935,28.255303,0.925193,29.179738,1.219680,37.492331,1.732717,37.625486,2.061301,37.535946,1.508423,36.568732,1.364234,36.487199,1.468319,37.519105,1.464972,37.342440,1.291578,37.544553,1.383051,36.634994,2.368857,38.409903,2.059841,35.485760,1.007905,36.106249,1.739607,36.658511,1.429872,37.467330,1.496946
2,18,1020,fatigue_profile,low_attention,low_attention,2687.722534,107.475127,2797.808846,129.990779,2800.872005,117.695047,2736.957707,118.005406,2737.876048,82.520380,2715.432139,127.363958,2773.135459,121.014248,2730.804633,120.345444,2727.754480,101.510690,2816.710016,113.191809,2806.774550,142.566250,2753.378770,100.747820,2704.244612,95.742593,2809.700713,107.564533,23.636854,1.040172,23.901409,0.868623,23.699680,1.032221,23.067246,1.140177,23.035738,1.053252,23.388884,0.975453,23.134486,0.853812,23.839750,1.198393,23.166808,1.009771,23.134610,0.896795,22.716607,1.171659,23.861197,0.912697,23.176757,1.323737,23.765518,1.014294,30.007645,1.858193,28.513194,1.063726,28.810617,1.355538,28.886282,1.398720,29.024156,1.326208,29.702257,1.023873,29.430477,1.176769,29.765063,1.160953,28.359784,1.221151,29.457430,1.393873,30.367888,1.202764,29.723891,1.122901,29.152697,1.175274,30.111307,1.345865,36.823732,1.192977,37.269099,1.641633,38.056288,1.754517,35.723559,1.596539,35.962651,1.919344,35.979653,1.460117,36.241754,1.644004,37.210692,1.592195,36.949803,1.592246,37.980074,1.348545,35.233343,1.539656,36.400095,1.418433,35.731365,1.424971,36.502889,2.097914
2,19,1080,fatigue_profile,low_attention,low_attention,2666.215446,111.687681,2746.256753,132.641472,2783.738640,94.098084,2745.371180,107.631993,2722.911860,109.198320,2699.954104,112.925130,2735.969936,131.729878,2723.262784,90.970672,2663.144217,116.861087,2852.603200,104.009302,2745.176374,146.561852,2728.234756,126.837415,2646.354071,97.895794,2819.938776,110.964836,24.990720,0.698859,24.831480,0.539463,24.917631,1.252765,24.539926,1.333938,24.967970,1.283764,24.736348,1.409317,24.737649,1.049666,25.188308,0.976594,24.270847,0.942641,24.548192,1.309433,24.455687,1.072556,24.514991,1.149583,24.227069,1.243790,24.990019,1.022143,30.007183,1.178189,28.959654,1.233671,29.755523,1.075568,29.303384,1.041529,29.382967,1.213948,29.478234,1.265890,29.248613,1.388478,29.766798,1.412187,28.700057,1.100839,28.901160,1.266592,29.960096,1.384677,30.364703,1.701607,28.881170,1.194647,29.598889,1.046110,36.443404,1.556667,36.833546,1.357103,36.116412,1.520479,35.252760,1.431789,35.607478,1.665276,35.489392,1.350117,36.052984,1.644920,36.369053,1.659651,36.228297,1.691291,37.635735,1.719584,33.967554,1.649711,35.581271,1.402389,35.815654,1.748925,36.188519,1.763430
2,20,1140,fatigue_profile,low_attention,low_attention,2645.590060,123.006827,2793.136352,125.255617,2784.995257,110.216888,2750.406144,104.406050,2722.622586,121.133803,2681.339848,138.762648,2789.391131,123.680155,2737.992784,122.794129,2712.020843,100.567868,2783.276796,95.510995,2724.866706,57.187098,2683.115511,111.321026,2655.834817,116.425754,2823.284810,107.150471,26.320314,1.072679,27.006181,1.043787,26.367232,1.257170,26.146129,0.924954,26.380053,1.139913,26.283369,1.266361,26.564651,1.485230,26.503104,1.272965,26.228359,0.848676,26.198638,1.025307,26.627500,0.836711,26.459525,0.915258,25.924594,1.166910,26.544732,1.079294,30.492616,0.958386,28.526530,1.396926,29.015706,1.307363,29.140867,1.294063,29.334555,1.183977,29.944009,1.310729,28.914296,1.111358,29.086745,1.345348,28.971116,1.300565,29.917127,1.412740,29.842174,1.113427,29.833495,1.246835,28.664500,1.300415,29.775878,1.147061,36.176215,1.798848,36.208923,1.513100,35.919445,1.497380,34.764289,1.653005,35.572186,1.198253,35.145195,1.380110,35.824784,1.700538,35.935216,2.299591,35.859997,1.559686,36.672196,1.798970,34.641223,1.658503,34.789205,1.281104,35.404550,1.692463,35.697292,1.858555
2,21,1200,fatigue_profile,low_attention,low_attention,2654.741443,100.770721,2752.149957,115.895676,2751.156631,145.179176,2713.055364,93.368711,2656.448857,128.326186,2657.395511,98.145879,2756.129022,133.414822,2707.285062,96.619627,2656.006315,100.535850,2766.883765,88.059407,2731.421411,109.791179,2721.401329,132.727323,2632.116958,125.063832,2796.801279,98.821193,28.649353,1.081277,29.089781,1.321287,28.603259,1.217622,28.174633,1.223637,28.124425,0.870126,28.062679,1.335957,27.872100,1.199888,28.487782,1.239978,28.102913,1.063572,27.773058,1.184469,28.547567,1.316898,27.941443,1.113182,28.261927,1.032392,28.695830,1.398157,30.233350,1.172197,28.243749,1.409699,29.748290,1.198245,29.216481,1.077513,29.444395,1.018502,30.089806,1.628181,29.435417,1.204502,29.337187,1.704818,29.192597,1.627719,29.888345,1.371648,30.329991,1.676045,30.653433,1.318618,28.795547,1.313641,30.045891,1.309528,33.871496,1.554648,34.869941,1.059740,35.131545,1.521507,34.720620,1.158770,34.718687,1.631353,33.310866,1.392169,34.528846,1.826387,35.543029,0.934851,34.691513,1.632226,35.388423,2.009431,33.387392,1.730972,34.781470,1.439409,34.103598,1.622472,35.021290,1.472851
2,22,1260,fatigue_profile,low_attention,low_attention,2577.750266,97.183022,2712.109456,124.025280,2678.013793,112.727985,2702.103362,97.403676,2674.128602,108.810042,2599.323115,106.008032,2695.208984,125.493414,2648.302841,96.904646,2625.462388,81.741082,2757.707765,128.263317,2652.042625,119.598441,2615.955373,108.308620,2610.580662,99.491501,2739.312861,115.090021,30.959805,0.871860,31.515565,1.166829,30.398020,1.219498,30.412327,1.513663,29.826810,1.438548,30.681913,1.347133,30.355676,1.095292,30.866441,1.070947,30.394092,1.105956,30.441069,1.527148,30.001032,1.475714,30.389441,1.291890,29.808541,1.229239,30.642468,1.632310,31.117349,1.348196,29.468796,1.285203,30.117067,1.429955,29.981401,1.306062,29.804792,1.234516,30.488317,1.368614,29.721557,1.515110,30.830545,1.723419,29.435732,1.355380,30.250741,1.373204,30.551443,1.038756,30.767882,1.107592,29.257368,1.522082,30.223174,1.326391,34.249089,1.412272,34.290093,1.753108,34.560896,1.760425,32.821244,1.787246,33.986047,1.541865,33.170288,1.194085,33.198389,1.302780,34.075619,1.205682,34.471973,1.811360,34.988182,1.765655,32.581319,1.221651,32.834172,1.343863,32.848582,1.156046,33.734707,1.477328
2,23,1320,fatigue_profile,drowsy,drowsy,2634.305470,101.427757,2728.856507,150.227549,2754.386354,98.962400,2655.951968,108.373716,2616.890700,96.185670,2656.981962,94.281879,2703.379468,94.834054,2632.997606,93.551756,2617.134542,121.413048,2753.442649,92.830999,2736.297835,126.518719,2666.160529,102.961630,2606.157388,88.503066,2799.595450,99.036696,32.664486,1.132387,33.468847,1.375548,32.267710,1.324532,32.397276,1.466138,32.304210,1.294665,31.915649,1.367700,32.388984,1.251712,32.884768,1.250194,32.900842,1.674575,31.952161,1.334338,32.132493,1.324030,32.328522,1.541285,32.622376,1.630895,32.571259,1.406260,30.922940,1.533426,29.284584,1.452729,29.866253,1.079446,29.931909,1.114261,29.506497,1.167979,30.686273,1.176829,29.768917,1.355200,29.664130,1.257255,29.917042,1.274005,29.931037,1.505322,31.198587,1.637898,31.084058,1.514693,29.307669,1.681947,29.873620,1.233168,33.018527,1.675223,33.687910,1.720963,34.070777,1.613816,32.911385,1.158331,32.822043,1.183223,32.783500,1.123607,33.343363,1.010034,33.405768,1.499303,33.498559,0.943683,34.360495,1.413380,31.477140,1.523572,32.580159,1.558372,32.513510,1.309385,33.311490,1.491746
2,24,1380,fatigue_profile,drowsy,drowsy,2650.356023,153.238586,2720.845901,131.295989,2712.108986,119.020881,2699.603132,158.761162,2637.326293,84.060933,2651.578255,100.112301,2727.354731,95.644107,2721.214025,126.031840,2686.098009,112.867327,2761.324000,136.938020,2763.882004,120.705259,2635.109612,131.113022,2562.811803,100.358617,2730.328776,116.089154,34.854163,1.446700,35.238343,1.437149,35.019898,1.678963,33.956876,1.513074,34.303410,1.334952,34.812504,1.325679,34.321790,1.498965,35.685485,1.552316,34.095488,1.173675,33.535029,1.696230,34.510609,1.327987,34.562785,1.323950,33.767141,1.336339,34.410175,1.407065,31.976958,1.655578,30.009854,1.080871,30.377932,1.596750,29.994592,1.178899,29.864768,1.138854,30.498984,1.305976,29.456790,1.321011,30.565382,1.456659,30.048500,1.349045,30.206901,1.284920,31.065315,1.346105,31.238514,0.997890,29.766298,1.033208,30.340360,1.017470,32.577351,1.724248,32.438088,1.306559,33.042377,1.589842,31.989617,1.184948,32.718973,1.447762,31.997013,1.445902,32.273679,1.417563,32.311034,1.876167,32.396384,1.274769,33.252560,1.482628,30.798125,1.103346,31.922928,1.599612,31.934558,0.809090,32.648788,1.369983
2,25,1440,fatigue_profile,drowsy,drowsy,2677.413758,103.914747,2780.402884,98.380311,2750.718676,98.841890,2742.295315,116.583914,2656.404233,92.554963,2657.931573,107.480813,2745.141940,114.109003,2760.202772,110.808136,2697.666396,118.090941,2788.281974,109.990693,2760.600464,99.986001,2696.871866,125.236369,2598.094935,79.048245,2771.876784,131.439379,36.188714,1.284567,36.950080,1.341505,36.435854,1.779870,36.890245,1.270980,35.803099,1.417568,36.040363,1.906370,36.678285,1.119191,36.496748,1.747029,36.252339,1.684482,36.005016,1.482283,36.255124,1.998952,35.988844,2.189528,35.475038,2.063384,36.432834,1.447460,31.532889,1.239858,29.819299,1.240492,29.687386,1.581861,30.079606,1.461210,29.951177,1.195783,30.533785,1.472454,29.470645,1.405969,31.034599,1.211205,30.089598,1.334640,30.225191,1.213483,30.980470,1.522275,31.138892,1.188216,29.933608,1.138402,30.307624,1.591673,31.746907,1.360098,32.287139,1.507106,32.848810,1.600738,31.312191,1.220630,31.542893,1.666470,31.450872,1.237892,32.178182,0.997124,32.224610,1.317462,31.876704,1.121343,32.596158,1.233257,30.893752,1.426066,30.664522,1.097593,31.055981,1.338696,31.910655,1.352404
2,26,1500,fatigue_profile,drowsy,drowsy,2609.599721,122.223975,2770.486122,149.299194,2714.721813,133.838589,2717.135113,108.894726,2620.764187,133.147400,2655.475885,120.255922,2705.042554,110.110003,2669.400879,109.254787,2666.699091,76.909490,2708.069088,135.983186,2786.450255,126.145195,2724.373407,81.406963,2614.100370,127.699201,2755.744807,153.061232,37.646651,1.634205,38.536077,1.773741,38.177145,1.689621,37.426611,1.389904,37.115716,1.814003,37.161433,1.358646,38.428938,1.518151,37.795249,1.828964,37.612609,1.156522,36.981591,1.367793,37.770902,1.952169,37.972945,1.525258,36.760878,1.426177,38.181132,1.891630,31.791163,1.482271,30.013861,1.245410,30.161787,1.151824,30.192145,1.421456,30.056423,0.991076,30.978513,1.573763,30.305361,1.251688,31.163769,1.341393,30.302504,1.501956,30.438799,1.475921,30.440690,1.569692,30.649535,1.457239,30.042059,1.372304,30.972850,1.223505,31.215870,1.688851,32.218492,1.502625,31.731406,1.586065,30.961324,1.885804,31.392932,1.485369,30.877305,1.579624,31.439817,1.693810,31.582022,1.754481,31.129931,1.430710,32.351273,1.090505,30.349102,1.232956,30.915105,1.393203,31.181913,1.637206,31.592715,1.662703
2,27,1560,fatigue_profile,drowsy,drowsy,2659.581679,92.691490,2763.874099,92.162671,2667.564279,120.964367,2698.212850,112.199295,2669.391204,108.117619,2647.710812,130.658768,2709.323509,112.855006,2715.179730,123.684474,2650.399773,104.924377,2800.607954,124.317488,2760.233524,134.202886,2644.098503,116.708713,2609.783234,136.890694,2727.747707,88.696105,39.140594,1.567693,39.604645,1.809309,38.837052,1.007051,39.185162,1.603246,38.370839,1.997009,38.313809,1.887081,38.777566,1.416530,39.447368,2.251301,38.364784,1.872959,37.622428,1.316331,37.788429,1.652345,38.507260,1.479509,37.469023,1.825811,38.297974,1.339038,31.742551,1.481042,30.216915,1.240927,29.834942,1.172133,30.737743,1.155476,30.173407,1.199296,31.127165,1.457352,29.956101,1.414803,30.726967,0.837945,29.988798,1.197111,30.416243,1.190075,31.074104,1.439877,31.296945,1.453131,29.484433,0.989384,30.963975,1.474203,31.767530,1.044184,31.919378,1.041232,32.070276,1.234049,30.333406,1.470832,31.150809,1.380733,30.306266,1.611766,30.861535,0.978046,31.894683,1.620028,30.907316,1.488729,32.000353,1.243086,30.476433,1.319215,30.643299,1.320259,30.923452,1.269289,31.433886,1.550153
2,28,1620,fatigue_profile,drowsy,drowsy,2651.238218,108.257060,2756.663331,134.326221,2677.916050,119.815862,2677.764933,152.718580,2653.636887,106.389392,2596.343640,100.194040,2690.764397,124.295406,2653.838868,126.434728,2650.946288,109.967834,2717.946502,86.953931,2796.387839,102.254438,2657.489115,142.160772,2586.153742,102.624383,2764.045513,114.330319,39.216729,1.749378,40.518129,1.384155,39.361370,2.255796,39.604059,1.995257,39.256397,1.429520,38.937397,1.225078,39.091368,1.488564,39.281397,2.228461,38.979316,2.150737,38.776078,1.677470,39.393198,1.410630,39.712029,1.757250,38.808903,2.108829,39.492595,1.590711,31.612484,1.830086,30.341356,0.938227,30.386585,0.951519,30.489435,1.407725,30.698205,1.224085,30.547982,1.375493,30.608126,1.291271,30.754584,1.326715,30.339466,1.368990,30.908337,1.606073,31.790843,1.465246,31.637797,0.928697,29.997335,1.353477,31.114478,1.102577,30.761317,1.636180,31.271969,1.600171,32.068033,1.534792,30.478035,1.452382,30.744491,1.196994,30.853171,1.049042,31.074580,1.103123,31.440426,1.421324,31.375669,1.217774,31.717505,1.187694,29.041287,1.203762,30.306179,1.114735,30.596217,1.111150,31.464743,1.347148
2,29,1680,fatigue_profile,drowsy,drowsy,2597.890471,91.213775,2774.720291,105.476955,2679.657097,125.921751,2721.166925,89.864769,2675.565977,144.830930,2703.375282,83.879380,2741.937801,121.208791,2677.501007,150.678450,2680.832377,140.836502,2733.746623,70.773322,2786.176668,127.628424,2660.267194,124.842919,2593.392898,123.151178,2721.062388,109.452633,39.876698,1.539021,40.576331,1.955898,39.832861,1.536789,39.473096,1.700192,39.872043,2.145378,40.041474,1.515336,40.074850,1.814632,39.744111,1.489549,40.419959,2.182016,39.272612,2.043265,40.103543,2.149785,39.758961,1.801215,38.722786,1.744779,40.923938,1.606071,31.522829,1.520378,30.614599,1.273657,31.052135,1.124045,30.257848,1.520240,30.624174,1.334744,31.616778,1.150093,30.067050,0.970339,30.513956,1.370958,30.567656,1.629107,31.112671,1.409867,31.948674,1.135515,31.749904,1.274858,30.490739,1.259677,31.824742,1.214098,30.771024,1.033901,31.779683,1.838923,32.403893,1.271319,30.060982,0.902006,31.277190,1.046879,30.858072,1.081632,30.590330,1.538862,31.120405,1.368167,30.834410,1.636575,32.147080,1.198557,29.716460,1.215711,30.659473,1.261477,30.595833,1.088347,30.970394,1.657995
2,30,1740,fatigue_profile,drowsy,drowsy,2621.119277,119.106064,2742.569337,129.906962,2664.596790,146.034671,2749.629640,121.365320,2642.533688,110.695919,2666.776323,90.641837,2754.365748,94.152683,2670.713363,97.930986,2655.591705,125.656017,2795.234179,130.353363,2704.588922,113.358106,2701.730708,116.035283,2624.230234,94.613732,2731.400987,161.231077,40.449320,2.015962,40.923669,1.526377,40.332838,1.240907,39.719166,2.056700,40.022409,2.034613,39.935730,1.820898,40.301045,1.486677,40.619582,1.866519,40.278967,1.855918,39.771308,1.587220,40.393093,1.945329,40.108957,1.625108,39.997211,1.927718,40.607014,1.728480,31.686449,1.420112,29.877727,1.093695,30.774664,1.265054,29.768886,1.218845,30.082557,1.587943,30.851752,1.588572,30.022396,1.182012,30.322343,1.018496,30.314498,1.097113,30.800759,1.022886,31.941116,1.313188,31.393031,2.046357,29.817041,1.106139,30.875216,1.371157,30.965673,1.224781,31.244275,1.115765,31.419825,1.486354,30.054666,1.126676,31.262962,1.170541,30.158361,1.339731,31.118255,1.400228,31.313216,1.256472,30.844220,1.468416,31.843035,1.596916,29.196107,0.940760,29.955594,1.606644,30.356496,1.273225,30.998571,1.541803
3,1,0,fatigue_profile,medium_attention,medium_attention,2393.622999,91.542685,2372.058828,80.275682,2320.319004,87.275341,2377.391381,94.548863,2332.486213,122.709549,2326.022473,98.687939,2401.445969,102.654351,2341.304555,69.449841,2367.144814,86.203833,2377.280126,101.305828,2378.673917,106.462152,2365.175334,76.035752,2369.933098,76.347064,2349.778426,141.436164,13.728299,0.516628,13.162264,0.720977,13.892736,0.467698,13.905363,0.656916,13.835264,0.493078,13.803262,0.475740,13.906191,0.809810,13.636814,0.507455,14.030889,0.786011,13.819769,0.589248,13.871135,0.422816,13.161237,0.669581,14.224546,0.488093,13.602565,0.366463,21.464399,0.965527,21.376254,0.957186,21.948341,0.588587,22.238949,1.190800,20.768773,1.020268,21.573537,1.111735,21.537682,0.921866,21.839668,0.912095,20.868668,0.985400,21.647133,0.837214,22.645784,0.929215,22.084830,1.033492,21.781634,1.070617,21.878005,0.943855,42.588122,2.149141,41.607532,1.953550,41.907859,2.110005,41.440689,1.598350,41.701941,2.043988,42.935970,1.768804,41.113488,1.584440,42.285497,1.402288,42.037149,1.753644,41.477738,2.052144,43.036513,1.698893,41.898923,2.312445,41.400800,1.957054,41.431393,1.547368
3,2,60,fatigue_profile,medium_attention,medium_attention,2463.518255,106.519394,2390.862251,75.723105,2362.404204,111.052205,2441.554567,86.312293,2349.136213,84.669315,2383.266575,119.383191,2385.809711,102.127755,2342.776373,105.977531,2380.545927,114.916271,2387.902111,124.120953,2391.180881,88.175341,2349.512411,71.867465,2410.540778,83.976260,2360.165410,100.516209,13.538106,0.635981,13.300742,0.488605,13.604547,0.533013,13.763963,0.643388,13.708027,0.581967,14.298870,0.483644,13.856525,0.636518,13.653824,0.517082,14.131194,0.653946,13.844176,0.504895,13.845177,0.566005,13.239743,0.567276,14.261556,0.606315,13.602144,0.578604,21.720059,0.809388,21.603281,1.008792,21.488260,0.708151,22.254567,0.846823,20.968306,0.849263,21.852930,0.957991,21.272438,0.569516,21.742772,0.996966,21.232127,0.904183,21.633192,1.185802,22.106185,0.728051,21.874107,0.828449,21.763688,1.144716,21.675218,0.756892,42.108483,2.382774,41.669933,1.563983,41.914648,1.721086,42.205601,1.415397,41.268370,1.925945,41.982318,1.820261,41.323665,1.930505,42.746351,1.435823,41.818113,2.098577,41.304814,1.570180,42.864290,2.029334,41.253483,1.409762,41.159962,1.405090,42.664426,1.249221
3,3,120,fatigue_profile,medium_attention,medium_attention,2401.937819,75.211022,2383.476046,97.084108,2363.729398,104.522133,2422.796169,105.543951,2349.968295,98.035711,2338.688215,99.710909,2433.897159,102.106871,2352.125727,116.900731,2388.867678,128.593411,2397.781254,112.279956,2367.139641,87.743790,2367.407643,89.603371,2351.203229,133.061217,2343.328364,113.496507,13.697229,0.504856,13.624960,0.579123,13.899259,0.472419,13.958546,0.556844,13.950917,0.681759,13.754354,0.531435,13.759877,0.591401,13.784778,0.514720,13.599473,0.664607,13.780229,0.730526,13.729648,0.757337,13.322324,0.627221,13.956110,0.499706,13.782437,0.531195,21.530685,0.832201,21.309940,0.868463,21.056770,0.730340,21.868793,0.725757,21.207182,0.922656,21.386651,0.932853,21.191291,1.332859,21.773363,0.913085,21.102409,0.795698,21.004015,0.857255,22.275587,0.654045,22.197585,0.922775,22.109585,1.032319,21.369167,1.105672,41.620154,2.311018,42.178380,1.635218,42.213148,1.452392,41.768936,1.444303,41.939454,1.459220,42.377788,1.409003,41.856704,1.619263,42.584303,1.297521,41.120246,1.444611,42.119004,2.116043,42.806622,1.741187,41.107493,1.732414,41.657636,1.403746,41.644378,1.771103
3,4,180,fatigue_profile,low_attention,low_attention,2453.422977,111.034508,2380.471327,118.979288,2418.966575,91.780071,2434.373568,81.211518,2382.240748,114.485651,2376.423602,98.824193,2481.389254,103.650162,2361.981998,121.954900,2390.037512,78.204708,2437.384085,75.364364,2418.228947,105.925593,2379.493750,85.806880,2431.902268,146.241382,2365.827483,91.667186,14.048029,0.608070,13.677933,0.623000,14.161870,0.657941,14.281618,0.548684,13.995299,0.778799,14.042243,0.466055,14.217163,0.385014,13.956504,0.701877,13.913752,0.676569,14.031457,0.532316,14.038512,0.414796,13.611606,0.567754,14.565777,0.399599,14.076470,0.440101,21.693046,1.014420,21.522130,0.807459,21.474875,1.125841,22.153474,0.796443,21.190316,0.947009,22.161838,0.890205,21.581645,0.767013,21.824280,0.962296,21.190125,0.822604,21.548577,0.708690,22.351924,0.966022,22.162490,1.016020,21.763334,0.892454,21.973335,0.892440,42.352471,1.963390,41.160254,1.656718,41.608143,1.935310,41.535522,1.585854,41.182641,1.885421,41.599681,2.285666,41.420881,1.633442,41.862554,2.058036,41.504404,1.810323,41.414310,1.626633,42.572900,1.886761,40.357998,1.762818,41.133744,1.871668,41.505325,1.251409
3,5,240,fatigue_profile,low_attention,low_attention,2425.769324,109.111310,2444.489864,73.957495,2382.602223,66.747690,2378.958787,85.283274,2349.064397,84.224999,2367.010779,94.526246,2421.752669,79.294941,2363.806139,103.702905,2375.246713,107.670232,2373.253804,98.393220,2366.033444,96.176210,2412.196275,117.207294,2407.379629,88.808444,2340.835410,89.989287,14.388519,0.664332,13.904783,0.597664,14.307639,0.635548,14.687127,0.573927,14.474505,0.703398,14.663385,0.740002,14.562878,0.693589,14.314641,0.798345,14.787269,0.493664,14.318892,0.574244,14.747728,0.624966,14.034181,0.490189,15.125723,0.662518,14.533054,0.587638,22.431598,0.726472,21.818553,0.942147,22.183498,1.101377,23.005692,0.722914,21.668557,0.921408,22.485612,1.112530,22.139959,0.924119,22.388576,1.078329,22.107538,1.051037,22.056458,0.891044,22.966486,0.857243,22.999304,1.060316,22.433783,0.968299,22.413374,1.015627,41.775830,1.377771,42.000177,1.270303,42.205498,1.995292,42.076851,1.768909,40.500397,1.608299,41.998167,2.154280,41.791895,2.124803,41.897670,2.058253,41.071811,1.880737,41.277507,1.684844,42.262052,1.647811,40.661700,1.503399,40.725035,1.663362,41.413313,1.488151
3,6,300,fatigue_profile,low_attention,low_attention,2417.699972,94.127309,2382.472105,119.436890,2353.112971,102.484934,2408.708996,84.674600,2308.212577,114.564911,2344.517178,124.662944,2446.564947,95.195560,2367.207172,112.302244,2427.835799,116.933481,2434.912032,104.721652,2386.712939,74.556402,2378.155652,79.423996,2363.187267,101.969348,2345.731982,117.691392,15.036421,0.526788,14.473491,0.564127,15.285383,0.558580,15.064225,0.691634,15.231726,0.789076,15.167525,0.624203,15.225904,0.634073,15.099518,0.471141,15.262461,0.498875,15.413435,0.574444,15.517594,0.733084,14.535955,0.594817,15.443676,0.722964,15.068000,0.640726,22.841306,0.872314,22.164171,0.943630,22.992803,0.740164,23.391677,0.909276,22.499247,1.112751,23.184104,0.994557,23.006522,1.043489,23.327727,1.046652,22.507390,1.246615,22.974692,1.075893,23.578525,0.693085,23.641622,0.967248,23.725427,0.954629,23.260752,0.775307,41.759412,1.894819,41.737345,1.658859,42.351501,1.679230,41.207200,1.425518,41.228921,1.380609,41.356894,1.449166,40.860139,1.266558,41.736744,1.692143,41.005235,1.857536,41.258894,1.683904,42.011377,2.005407,40.856695,1.967572,40.608948,1.349610,41.594117,1.854915
3,7,360,fatigue_profile,low_attention,low_attention,2432.008056,80.090295,2415.328483,101.917409,2353.322554,91.956941,2441.052196,93.831435,2351.264547,98.196809,2344.821842,73.428817,2421.723346,114.723084,2336.606037,99.091699,2415.998398,80.996878,2383.717940,118.555055,2399.276883,88.946726,2403.508695,100.494020,2386.664025,82.406840,2334.017764,72.964806,15.545440,0.550376,15.242441,0.807387,15.828535,0.684637,16.157354,0.673754,15.606636,0.606455,16.013949,0.845975,16.179863,0.861787,15.872537,0.621555,15.926013,0.603160,15.621401,0.571060,15.949331,0.550121,15.155299,0.422631,16.233682,0.596774,15.789420,0.689733,24.167562,1.265924,23.538936,1.271153,23.827137,0.963250,24.479288,0.960958,23.098213,0.949147,23.634423,0.982628,23.689405,0.894461,23.760251,0.999724,23.193590,0.955585,23.827640,0.911033,24.364008,1.247547,24.472829,1.194045,24.355225,0.853054,23.874885,0.780986,41.389924,1.292626,40.955751,1.596941,40.845048,1.328945,41.779371,2.056289,41.426471,2.024643,42.441575,2.225401,41.405900,1.739052,41.277859,1.730392,40.923936,1.462490,40.842183,2.203735,42.196503,1.912263,40.927341,1.538020,40.923301,1.867678,41.390207,1.930417
3,8,420,fatigue_profile,low_attention,low_attention,2417.635339,108.373489,2434.479855,114.285394,2426.762254,118.847332,2441.763401,78.307233,2360.897676,101.115652,2306.444718,110.872881,2391.042366,90.803968,2347.826218,115.517474,2384.715442,95.822031,2401.559616,114.266571,2375.139123,100.905781,2326.248039,94.010634,2364.999162,110.026896,2362.059849,95.373327,16.646978,0.603855,15.982785,0.696561,16.403469,0.694174,17.074317,0.798808,16.451132,0.952969,16.871915,0.618148,16.887714,0.672305,16.246906,0.747620,16.814378,0.595291,17.001284,0.781436,16.402667,0.853454,16.243840,0.726485,17.177755,0.893248,16.737891,0.419045,24.612872,0.824204,24.633644,0.857839,24.142302,0.667659,25.459714,1.094498,24.113101,0.932007,25.342791,1.283462,24.861913,1.107852,24.788901,1.233635,23.451848,0.853982,24.354693,0.795520,26.124709,1.065749,25.108637,1.061072,25.178599,0.839847,24.838178,1.169695,41.357285,1.445981,40.746132,1.776530,40.995429,1.603997,41.128515,2.019190,40.696743,2.443707,41.490984,1.930985,40.712344,1.902063,40.355647,1.909979,40.905960,2.006538,40.618790,1.444362,41.755958,2.196031,39.458908,1.360582,40.278477,2.207461,40.450777,1.635315
3,9,480,fatigue_profile,low_attention,low_attention,2434.144712,122.535805,2414.014465,69.301363,2397.385352,79.669164,2405.667589,93.918119,2358.678430,135.122200,2365.216267,81.392306,2403.819416,112.104399,2357.299902,102.659422,2432.105401,92.155402,2401.955616,77.548047,2385.371722,85.503331,2386.088954,90.161116,2362.528102,94.951486,2366.415114,99.379298,17.168640,0.618960,17.096651,0.932789,17.305766,0.812400,17.896538,0.736006,17.471694,0.678070,17.785456,0.741885,17.787356,0.720684,17.485607,0.651846,17.774271,0.865387,17.688075,0.646269,17.483991,0.578267,16.866746,0.808693,17.929806,0.814482,17.526126,0.601754,25.787197,1.201734,25.534685,0.931342,25.816593,0.785040,26.424230,0.940186,25.077675,1.334127,25.846616,1.062529,25.327210,0.868476,25.422857,0.909926,24.750794,1.206645,25.332288,1.271594,26.022458,1.393929,26.350885,0.884206,26.082140,0.963303,26.226691,1.152602,41.329956,1.725392,40.473003,1.291191,40.492379,1.392297,40.400631,1.672854,39.848272,1.685301,41.465319,2.029913,39.503748,1.527987,41.388872,1.691752,40.792968,1.185955,39.818542,1.898692,40.867891,1.686934,39.977526,1.911048,41.230840,1.489706,40.389110,1.719340
3,10,540,fatigue_profile,low_attention,low_attention,2403.555467,99.797549,2416.878337,92.417437,2338.398605,101.537431,2437.671372,126.251617,2335.660206,96.927512,2347.217470,106.105477,2376.371602,97.763716,2363.466510,106.412625,2400.894662,121.192629,2387.910791,83.499856,2402.279748,123.715533,2346.246411,77.127967,2367.880380,95.895455,2375.992630,85.779829,18.130020,0.856193,17.301465,0.592300,18.503745,0.708186,18.369309,0.575358,18.260944,0.747900,18.292109,0.726881,18.333084,0.873774,18.025907,0.733532,18.451522,0.512398,18.313633,0.814687,18.472204,0.635617,17.756944,0.603776,18.504728,0.707203,18.380750,0.703493,25.715402,1.331271,25.315585,1.160084,25.898783,1.234880,26.800182,0.992345,25.641190,1.153580,26.262066,1.050756,25.804294,1.023610,25.796080,1.308229,25.460014,1.348441,26.175861,0.720768,27.063721,0.794226,27.368738,0.847851,26.542602,1.076456,26.568674,0.903603,39.930240,1.622808,40.109746,1.389060,39.369195,1.378559,39.428888,1.461425,39.089881,1.762809,40.302525,1.632158,40.342137,1.805395,40.225540,1.460278,39.513911,1.698066,39.546160,1.590080,39.853553,2.070406,38.929315,1.708251,39.043034,1.659568,39.494099,1.285685
3,11,600,fatigue_profile,low_attention,low_attention,2386.412564,111.166876,2380.811713,71.876113,2376.773250,124.085988,2390.509995,92.677900,2337.360261,114.848307,2379.097948,87.819085,2427.641172,120.675184,2355.004161,100.822845,2353.348430,97.817794,2340.467427,120.551473,2380.226644,119.093246,2367.830551,72.972240,2346.938030,126.344692,2373.595624,110.605076,18.627444,0.953658,18.209318,0.690876,19.088693,0.761079,19.399160,0.834729,19.247314,0.737903,19.289274,0.685348,19.286883,0.977670,18.916693,0.660955,19.438042,0.562080,19.159330,0.565209,18.934082,0.774456,18.146197,0.708644,19.300116,0.887763,18.887823,0.808084,26.428192,1.159420,26.696043,1.124318,26.563747,1.033418,27.015980,0.974435,25.942624,0.984544,26.867715,1.375980,26.314973,0.973372,25.946946,1.147585,26.154757,1.031400,26.632970,1.033863,27.363281,0.922868,27.119441,1.050382,26.886530,0.994703,27.057885,1.259400,39.915436,1.501535,38.495358,1.538914,39.324145,1.542897,38.476129,1.939526,38.886395,1.340460,39.650825,1.774726,38.917616,1.742530,39.361404,1.528277,39.383531,1.669559,38.881893,1.003021,40.212752,2.216914,38.066462,1.843829,39.857699,1.673920,39.048690,1.926328
3,12,660,fatigue_profile,low_attention,low_attention,2413.726817,97.088007,2362.577113,92.603885,2340.211436,92.602994,2364.379419,77.797713,2283.725791,89.056222,2284.108882,106.814277,2354.134984,99.297629,2309.375637,81.668387,2321.443624,97.184363,2335.319294,74.958546,2349.670288,103.907514,2334.512383,105.929056,2355.570656,123.397597,2298.950137,91.922913,19.577461,0.901268,18.638462,0.769643,19.321082,0.650933,19.847497,0.842532,19.729443,0.854897,19.965914,0.867614,19.707095,0.691821,19.656461,0.969881,20.094596,0.895061,19.664379,0.990488,19.726897,0.943632,19.135028,0.794872,20.050869,0.739474,19.222250,0.765341,27.210226,1.275445,26.429118,1.050677,26.842530,1.418176,27.689599,1.100102,25.982445,0.942604,27.560163,0.809171,27.005516,1.109794,26.865402,1.230377,26.216899,1.065391,26.519141,1.177501,27.590394,1.160976,27.266841,0.980349,27.223721,1.159123,27.322089,1.253637,39.137295,1.363062,38.486667,1.281279,38.722399,1.467118,38.588921,1.681280,38.586470,1.543210,38.585771,1.352181,38.830897,1.835625,39.489136,1.427301,38.550458,1.630265,38.563103,1.589579,38.554896,2.110632,37.391039,1.696975,38.486023,1.018205,39.108652,1.535049
3,13,720,fatigue_profile,low_attention,low_attention,2411.780370,107.957540,2420.846923,114.611966,2339.088030,117.237670,2401.240215,126.425398,2282.937008,105.542384,2348.519224,121.145648,2405.059375,85.735143,2370.601423,89.009536,2399.975112,100.089870,2329.169225,90.734317,2417.579722,90.999513,2395.605526,75.940929,2316.094245,92.509113,2344.962741,122.647292,20.257094,0.848635,19.522847,0.657316,20.284791,0.753108,20.366651,0.970795,20.667427,0.796000,20.594690,0.731373,20.170276,0.980727,20.180724,0.792700,20.475420,0.783296,20.543130,0.914261,20.880955,0.758183,19.964732,0.715534,20.996981,1.153097,20.685073,0.892856,27.298610,0.910001,26.991568,1.113104,27.186769,1.188802,28.213250,0.707656,27.343529,1.215471,27.411842,1.581608,27.202122,0.723321,27.331671,1.135310,26.904768,0.876907,26.885054,1.203730,28.194252,0.942104,28.052581,1.163439,28.186562,1.618681,27.817758,0.888642,39.936333,1.991197,38.722345,2.354678,38.890279,1.518028,38.572354,1.471909,39.032424,1.444188,39.120731,1.770567,38.539848,1.626011,39.880558,1.505192,38.160616,1.576083,38.943025,1.479346,39.939605,1.255236,38.374546,2.037452,39.315520,1.484203,38.917606,1.754583
3,14,780,fatigue_profile,low_attention,low_attention,2436.656242,89.183557,2388.957384,107.200922,2354.296716,100.671168,2391.710658,68.669304,2264.434327,100.475536,2348.877625,97.913207,2386.758224,83.193489,2310.851108,98.916263,2376.629548,84.544188,2358.034318,78.060646,2422.543221,92.236980,2384.083460,79.527532,2375.040377,130.021743,2288.523987,105.991625,21.127816,0.816327,20.663963,0.805905,21.875010,0.838985,22.410249,1.135069,21.572810,0.965100,21.893178,0.806800,21.768213,0.979639,21.348787,0.933379,21.420204,0.903569,21.443891,0.847081,21.419146,0.791903,20.922953,0.804714,22.165497,0.942062,21.668541,1.189006,27.472670,1.082089,26.657469,1.286189,27.105093,1.037417,27.907171,1.029943,26.395524,1.089975,27.403578,1.410794,26.916615,1.093226,27.073627,1.017132,26.861664,1.100075,26.502028,1.194881,28.409095,0.772385,27.779150,1.257504,27.544421,1.424527,27.435323,1.167618,38.955278,1.699740,37.879950,1.960650,38.116646,2.088311,38.615252,1.999910,38.861981,1.638063,38.758416,1.847438,37.833161,1.143055,38.441977,1.405473,37.612596,1.701830,38.244809,1.729308,38.749793,1.103855,37.678182,1.656297,38.198777,1.844713,38.139114,1.386884
3,15,840,fatigue_profile,low_attention,low_attention,2402.942291,103.489926,2418.944809,110.483218,2353.137814,125.940559,2395.812079,85.794432,2278.187250,111.376726,2347.970435,131.938695,2403.732315,77.054303,2354.287772,96.161489,2361.908004,64.843835,2301.458471,121.256564,2342.890808,116.738088,2335.092249,107.930691,2353.913657,76.974080,2370.831386,115.319968,22.634190,1.137928,22.147524,1.136806,22.541171,1.093152,23.241316,0.628743,22.597218,1.222063,23.158246,0.865994,23.071501,1.074398,22.340762,0.723823,22.952180,0.923936,23.281276,0.744731,23.089158,1.074455,21.739762,0.851593,23.448458,0.746897,23.192902,0.693929,27.760709,1.280349,27.281621,1.349160,27.525892,1.351193,28.527851,1.137960,27.448365,1.148603,28.114217,0.968949,28.135963,0.993163,27.922286,1.292546,27.190434,1.188402,27.484813,1.090051,28.502652,1.028436,28.611478,1.406698,28.138459,1.093285,28.127267,1.103947,38.517230,1.706021,37.519562,1.117010,37.529965,1.749322,38.051567,1.218432,37.919743,1.474932,37.765702,1.924909,37.692982,2.054422,37.424329,1.208479,37.876622,1.108136,37.570945,1.437175,38.725648,1.582233,36.271000,1.604533,37.584322,1.068403,37.722133,1.483250
3,16,900,fatigue_profile,low_attention,low_attention,2430.005054,79.197606,2375.206317,104.001114,2329.545576,96.988095,2415.624562,97.536842,2343.712982,93.534338,2340.353180,72.698791,2459.539646,101.580586,2351.280342,97.696139,2365.104346,98.649545,2396.389986,116.903510,2374.306274,127.146318,2339.720265,102.636515,2369.456547,81.474225,2323.581030,126.323981,24.344709,0.831315,23.442672,0.862062,24.375309,1.036487,24.254208,1.026655,24.350255,1.063097,24.293415,0.953237,24.064493,0.936805,24.041915,1.012785,24.052635,1.218270,24.255106,0.870423,24.052887,0.825518,24.097381,0.958267,25.311536,0.881871,24.013401,1.217232,28.825318,0.982237,28.228494,1.556527,28.727564,1.417435,29.795691,0.875429,27.678749,1.081552,28.937050,0.816929,28.572341,1.364288,28.868276,0.878321,27.255151,1.020552,28.143164,1.384297,29.047965,1.121398,29.235310,1.086002,29.357975,0.863111,29.085238,0.821621,38.085067,1.384281,37.358744,1.725452,37.320115,1.597178,37.862635,1.557512,37.618461,2.079539,38.141565,1.342732,37.312858,1.455968,37.799303,1.936974,37.072606,1.193896,37.326509,1.339578,38.204993,1.207776,36.725938,1.538873,37.149799,1.419154,37.619774,1.315714
3,17,960,fatigue_profile,drowsy,drowsy,2452.703417,103.035959,2442.415039,93.242890,2337.242425,91.983544,2374.072216,91.735443,2369.087517,95.755760,2310.843782,112.881668,2404.689301,95.439200,2372.526429,101.822485,2383.835103,94.135024,2351.173066,101.336447,2364.880112,82.040521,2359.636858,98.723369,2413.129927,81.189328,2355.069035,105.469389,25.874604,0.986640,25.298873,0.953000,25.696876,1.043997,26.702830,0.860187,26.147554,1.289836,25.972384,1.467264,25.692983,1.227624,26.111091,0.963958,26.300889,1.173486,25.581614,1.048799,25.781911,0.855867,25.026134,0.895267,26.675655,1.278919,25.928771,0.854395,28.984129,1.278161,27.747469,1.274491,29.065731,0.885326,29.324059,1.140205,28.372698,1.135725,29.076333,1.510605,28.288953,0.984295,28.678926,1.275220,27.817875,1.165663,28.101465,0.942436,29.674461,1.255684,29.516580,1.199409,29.463401,1.306465,29.825319,1.120616,37.449675,1.570780,36.179107,1.665235,36.773034,1.577892,36.716289,1.859504,35.843875,1.551931,37.633438,1.253763,36.663766,1.021959,36.982617,1.672521,36.966459,1.570839,36.542244,1.111554,36.911762,1.499524,35.943311,1.396539,35.831094,1.776690,36.315573,1.605950
3,18,1020,fatigue_profile,drowsy,drowsy,2424.247929,129.748547,2409.807988,115.131429,2389.281450,62.998229,2368.207478,108.207442,2372.818848,80.569557,2368.116127,103.865314,2358.886860,131.533692,2368.409624,91.553860,2324.125434,95.282634,2363.438931,90.947023,2351.788824,67.107888,2380.215316,110.225351,2416.118687,110.277807,2338.383671,74.590730,26.854581,1.170030,26.334205,1.068522,27.478560,0.955539,27.514814,0.849656,27.576507,1.240476,27.827790,1.193503,27.517381,1.149765,27.216671,1.310220,28.016861,1.025151,27.669161,1.152656,27.976400,1.265945,26.561846,1.270262,27.821566,1.344639,27.708851,1.012173,29.015265,1.367672,28.525932,0.887442,28.985197,1.351250,29.819083,1.439860,27.586089,0.961549,29.015879,1.022961,29.175427,1.290305,28.692138,1.098035,28.796193,1.265810,28.231194,1.083440,29.479506,1.111569,30.043337,1.516680,29.382829,1.404490,29.692638,1.249199,35.990875,1.793692,35.067183,1.422386,35.155879,1.345824,36.057899,1.346614,35.061265,1.709408,35.346583,1.015862,34.595136,1.271584,36.031499,1.169337,34.845757,1.711556,34.384971,1.799555,35.619117,1.234559,34.550408,0.896178,35.282289,0.801456,34.933368,1.296933
3,19,1080,fatigue_profile,drowsy,drowsy,2377.240997,86.421125,2343.402689,78.266506,2361.375507,71.173878,2335.404495,114.216924,2287.062414,85.364863,2309.465439,113.086759,2382.592340,117.698798,2351.174872,99.866228,2360.376168,86.939172,2277.461693,69.717413,2340.725919,108.858109,2325.989622,111.263089,2355.147464,118.278169,2316.197366,67.516183,29.320717,1.162794,28.640528,1.184407,29.307210,1.106730,30.213631,1.099954,29.203713,1.247751,30.056353,1.015462,29.460834,1.202644,29.278699,1.297459,29.719875,1.194300,29.537001,1.290808,29.228584,1.433632,28.018835,1.201461,30.199065,1.291181,29.240116,1.271675,28.717207,1.216695,28.563087,1.478060,28.756091,1.063935,29.929256,1.567869,28.599296,1.205064,28.959819,1.065734,28.713409,0.859114,28.592551,1.226155,28.484609,1.352454,29.245808,1.160893,29.531216,1.156060,29.903646,1.143416,29.196585,1.251911,29.421520,1.033724,35.246015,1.190740,34.242112,1.843764,33.959818,1.921536,34.625409,1.116488,34.898400,1.834367,34.855382,1.050890,34.643640,1.665368,34.796129,1.190200,34.697019,1.300469,34.024815,1.058321,35.357225,1.299891,33.824453,1.106777,34.369613,1.351183,34.444642,1.096689
3,20,1140,fatigue_profile,drowsy,drowsy,2354.728885,110.999246,2395.042418,89.629333,2316.260249,81.119788,2352.324480,71.282557,2320.315706,81.099051,2325.477364,92.155378,2392.933261,109.759283,2284.646667,82.587707,2367.893556,109.212343,2286.094111,77.990333,2373.628693,80.777978,2337.751612,93.646864,2359.154603,110.220490,2320.214144,71.982315,30.916082,1.700660,30.247618,1.141345,30.838827,1.503311,31.315491,1.372276,31.753728,1.483269,31.242350,0.781090,31.228860,1.186028,30.847868,0.909607,31.473738,1.100876,31.829485,1.287671,31.368844,1.595631,29.817427,1.760723,31.787430,1.495869,30.922056,1.150436,29.476224,0.967874,29.443353,1.123467,29.239300,1.333674,30.649416,1.437249,29.025466,1.346879,29.394974,1.261084,29.665510,1.481997,29.733146,1.074185,28.797095,1.317847,29.357130,1.435268,30.746259,1.584329,30.276456,1.434658,29.759112,1.067642,30.965047,1.338195,34.778237,1.491416,34.654329,1.336389,33.915041,1.441672,34.406024,1.488052,34.156741,1.602503,34.535040,1.434366,34.075059,1.303342,34.580273,1.244524,34.363686,1.586328,33.762536,1.253946,34.608225,1.201533,33.365205,0.883577,33.664559,1.203415,34.314879,1.506321
3,21,1200,fatigue_profile,drowsy,drowsy,2312.438952,88.638759,2333.257980,117.206882,2304.793780,81.267307,2304.818275,98.620712,2295.200352,91.718520,2309.542465,100.586570,2370.573217,97.299428,2291.091581,108.109559,2314.937541,85.330492,2289.668451,91.357999,2321.513180,140.634145,2246.167339,93.993012,2342.382885,78.471628,2272.837078,104.381753,31.637410,1.500988,31.063356,1.449257,32.020780,1.433496,32.730884,1.411491,32.680413,1.218140,32.855957,1.264801,32.463988,1.785806,32.268236,1.499286,32.733896,1.261131,32.297973,1.095900,32.369823,1.369356,31.301108,1.213975,33.139644,1.526081,32.091965,1.053412,29.186006,0.892092,28.861413,1.479721,29.432838,1.273933,30.284215,1.366812,28.611495,1.014654,29.339531,1.127144,29.832196,1.048275,29.732846,1.264433,28.874509,1.365631,29.771505,1.259697,30.357365,1.268495,30.782727,1.428829,30.038420,1.465974,30.434672,1.299107,33.958621,1.922242,33.659660,0.950633,32.794671,1.152236,33.807998,1.476310,33.156984,1.270321,33.278698,1.444139,33.846734,1.561775,34.222829,1.625045,33.838256,1.572290,32.985871,1.730258,34.400634,1.406735,33.024219,1.396384,33.126297,1.228783,33.583851,1.385743
3,22,1260,fatigue_profile,drowsy,drowsy,2365.954985,100.081165,2363.756994,77.861812,2234.739099,113.587650,2314.732293,95.017201,2287.818177,82.057742,2284.886835,61.967923,2326.722334,85.976561,2289.429815,90.234195,2300.320517,66.596991,2288.558218,89.814393,2339.986953,88.251275,2293.226184,79.398856,2316.502033,140.312086,2277.962344,82.217162,33.144780,1.354061,32.246887,0.933110,33.877815,1.415202,34.528829,1.393987,34.110995,1.365321,33.956582,1.015076,33.991118,1.369015,33.455828,1.574868,33.451073,1.524539,33.325004,0.948401,33.922352,1.200314,32.595250,1.159040,34.453935,0.968175,33.432442,1.044541,29.445408,1.240832,29.179679,1.153656,29.423233,1.402225,30.113293,1.089251,28.656162,1.404608,29.582946,1.177697,29.604102,1.162896,29.450534,1.084909,28.972308,1.090093,29.362043,1.364222,30.543851,1.203849,30.245309,1.267108,29.814941,1.115147,30.164219,1.659954,33.307123,1.358561,33.037976,1.334979,33.571970,1.158310,33.071410,1.460287,33.037753,1.047795,34.342658,1.042855,32.929902,1.339187,33.291677,1.276609,32.778135,1.619764,32.813399,1.361036,33.899221,1.733070,31.890973,1.511914,32.034435,1.133068,32.367698,1.147088
3,23,1320,fatigue_profile,drowsy,drowsy,2345.915306,68.767962,2363.981704,100.814826,2291.369969,79.857759,2347.440523,96.944118,2284.913795,95.858049,2284.420149,99.290710,2321.031920,95.245617,2313.004388,116.042469,2303.741385,85.692896,2324.179987,78.371792,2315.967132,93.127124,2281.524045,88.961995,2345.692624,109.012536,2274.550948,86.818747,34.855155,1.299115,34.075601,1.279113,34.785079,1.746794,35.334050,1.328260,35.106295,1.587457,35.597968,1.231931,34.642270,1.581932,34.779006,1.606690,34.888061,1.839269,35.016397,1.138681,34.657020,1.625580,33.949769,1.239913,35.968075,1.713916,35.176423,1.395269,29.057661,1.481871,29.038400,1.126146,29.170055,1.457882,30.760203,1.255776,28.924391,1.162247,29.952816,1.250591,29.266407,1.100440,28.784164,1.413235,28.713486,1.552953,29.381231,1.086456,30.340272,1.406170,30.741913,1.453881,29.544836,1.204403,29.928279,1.492816,33.628454,1.264893,33.362417,1.800388,33.065785,1.082710,32.881776,1.269036,32.153434,1.119530,33.441397,1.350182,32.877658,1.416491,33.621382,1.456596,33.030148,1.394578,33.028552,1.626073,33.358300,1.348548,32.509778,1.351455,32.494282,0.719874,33.404320,1.052408
3,24,1380,fatigue_profile,drowsy,drowsy,2384.484583,75.219752,2387.414705,79.148053,2361.533732,109.847588,2416.793349,100.099595,2348.621341,99.861384,2321.778953,93.759904,2395.586695,82.894394,2377.282767,104.129330,2401.364290,71.805686,2342.005553,89.931379,2353.549838,119.453413,2341.853472,94.121321,2359.973666,110.201220,2364.910795,122.585737,35.432192,1.567978,35.188397,1.564165,35.142114,1.260234,36.437524,1.554560,35.655353,1.163817,36.011445,1.483387,36.477341,1.356267,35.737072,1.517884,36.140137,1.615900,35.857381,1.679554,35.848224,1.631187,35.017177,1.140878,37.286708,1.478866,35.167298,1.590937,29.391375,1.277381,28.848549,1.388879,29.435926,1.316703,30.264540,1.280220,28.667763,1.190410,30.108898,1.054727,29.385486,0.936697,29.540511,1.427096,28.440428,0.979040,29.321576,1.057077,30.500409,1.103210,29.938478,1.289959,29.209780,1.191935,29.945761,1.402416,32.856000,1.717982,32.029582,1.141252,32.075039,1.325569,32.119148,1.480629,31.617819,1.181727,32.661982,1.318400,31.912199,1.160226,32.613018,1.394328,32.157856,1.539514,31.416030,1.636837,32.418778,1.410827,31.351102,1.541284,31.773786,1.154724,32.223705,1.324934
3,25,1440,fatigue_profile,drowsy,drowsy,2388.831856,105.023258,2401.257500,68.151287,2351.344675,98.167879,2363.616696,77.632538,2319.756589,86.204899,2388.300353,72.600700,2393.126495,93.205649,2382.145055,63.540680,2364.116477,85.545767,2351.439080,101.236092,2336.891193,98.357103,2375.059837,103.152346,2352.338778,95.796055,2382.942915,96.439880,36.200286,2.092812,35.591286,1.651836,36.856527,2.000972,37.053876,2.240215,37.168503,1.464288,37.320730,1.546219,36.425196,1.575271,36.496959,1.570482,36.450255,1.531840,36.868301,1.349985,36.563199,1.901641,35.051755,1.374724,37.507877,1.885703,36.558374,1.369527,29.427093,1.071882,28.477956,1.274507,29.519039,1.695489,30.245495,1.248055,28.988683,1.119168,29.473415,1.164699,28.799004,1.282005,29.244222,1.451210,28.825029,1.231294,29.584803,1.142957,30.070370,1.309658,29.903160,1.235644,29.351513,1.034053,29.686209,1.106795,32.869543,0.923819,31.957719,1.532435,31.470621,1.665584,32.130637,1.430240,31.729132,1.495433,32.687288,1.245797,32.079065,1.116434,32.149998,1.583050,32.075536,1.277144,31.353831,1.079806,32.669784,1.489486,30.916822,1.107930,31.309592,1.080468,31.633546,1.103484
3,26,1500,fatigue_profile,drowsy,drowsy,2417.783503,80.495704,2411.638171,120.162745,2276.368344,68.964504,2423.450422,121.803632,2320.563526,91.731875,2336.261409,108.373089,2409.038860,96.841277,2362.808561,95.361806,2382.876991,73.245316,2346.615468,88.579646,2382.423302,138.558318,2370.923184,97.107035,2410.984060,92.630233,2342.016965,71.094663,36.441015,1.317535,35.593127,1.331109,37.121057,1.445406,38.324252,1.362203,36.931901,1.993546,37.634384,2.025437,37.563709,1.432374,36.511998,1.217440,36.693290,1.943095,37.261257,1.613372,36.578278,1.976273,35.439868,1.861290,37.846173,1.697631,36.919332,1.417529,29.523866,1.279339,29.174927,0.822044,29.227780,1.206434,30.283938,0.953242,29.119364,0.898848,29.931635,1.347018,29.343568,1.628206,29.652280,1.398362,28.894789,1.136910,29.323922,1.139544,30.509125,1.022057,30.516851,1.119881,30.265846,0.947395,29.527878,1.234672,32.764851,1.120314,32.249102,1.388356,32.675238,1.426203,32.433922,1.197926,32.013374,1.446629,33.039319,1.014868,31.920380,1.268989,32.476522,1.117749,32.248404,1.258977,32.683161,1.506830,32.112343,1.452842,31.507025,1.627310,31.597282,1.372210,32.228421,1.564871
3,27,1560,fatigue_profile,drowsy,drowsy,2413.877336,90.412170,2385.292467,82.613642,2363.667805,110.514315,2406.609824,99.507646,2352.146525,77.208020,2343.596291,106.905147,2423.608031,105.718308,2363.294824,95.672763,2378.169558,120.021530,2412.627881,84.461646,2403.307074,115.511993,2345.934002,89.462726,2416.867525,115.705413,2400.911843,78.964125,36.964518,1.816164,36.452132,2.039048,37.159289,1.683658,38.177363,1.397457,37.672991,1.508188,37.094976,1.936709,37.758458,0.956606,37.087393,1.474631,37.880182,1.937565,38.033788,1.280377,36.989904,1.557376,35.800086,1.161249,38.212265,1.844790,36.686823,1.685574,29.937641,1.139351,28.976585,1.177952,29.907856,0.974047,30.461611,1.232410,29.379981,1.190792,30.328066,1.285314,29.616926,1.466574,29.203949,1.316881,28.671837,1.240860,29.311344,1.227492,31.195492,1.212256,30.301268,0.981125,29.442492,1.382861,30.437690,1.091824,32.638993,1.256416,32.160838,1.412198,32.400859,1.314712,31.759577,1.322339,31.581434,1.353777,32.389969,0.951799,32.582104,1.442399,32.237365,1.495360,32.241652,1.102794,31.988538,1.469215,32.686221,1.560120,31.414290,1.809673,32.113906,1.656625,32.516613,1.203132
3,28,1620,fatigue_profile,drowsy,drowsy,2429.714412,96.655158,2437.484243,119.031145,2368.320008,97.592440,2394.259907,113.097323,2312.842925,94.490643,2293.723251,77.800479,2363.516764,67.801315,2375.067661,111.195789,2368.652774,100.292630,2416.072751,98.703084,2387.608870,104.173778,2373.574169,69.863523,2382.806438,110.708873,2399.345180,110.848370,37.538412,1.662923,35.785755,1.333202,37.599661,1.184087,38.214093,2.015724,37.575801,1.461450,37.724571,1.846399,37.838371,1.490294,37.180526,1.618402,38.053841,1.486280,38.287204,1.392432,37.544429,1.668808,35.959417,1.181691,38.557432,1.639273,37.234523,1.863108,30.185992,1.041192,29.047550,1.299533,29.905684,1.392167,30.794989,1.387559,29.108829,1.607469,30.053858,1.345522,30.092964,1.230885,30.222036,1.388183,29.280916,0.777163,29.582058,1.463636,30.829850,1.114038,30.739764,1.176133,30.208165,1.423134,30.112817,0.821470,32.225285,1.919980,32.313822,1.399307,32.206276,0.992942,31.836995,1.323627,31.414209,1.271421,32.677426,1.508111,32.190372,1.094219,32.871561,1.452389,31.873621,1.279180,31.876729,1.378783,32.532730,1.136696,31.119459,1.269408,31.904094,1.217031,31.703791,1.172689
3,29,1680,fatigue_profile,drowsy,drowsy,2394.437615,113.940388,2365.016487,91.726938,2315.321971,95.086862,2418.687187,106.986762,2306.331628,94.307697,2329.148633,104.411984,2381.110310,101.473855,2328.713778,94.528949,2325.077444,109.326732,2348.499706,75.893006,2365.542738,86.745175,2348.662279,121.312872,2390.517763,106.045552,2337.024402,117.708088,37.064342,2.008899,36.733068,1.240747,38.142734,1.228163,38.519209,1.525720,37.912895,2.102583,38.682807,1.351738,37.923084,1.908637,37.465205,1.603458,37.833276,1.309393,37.970379,1.058636,38.077853,1.869110,37.123477,1.158144,38.903898,1.518508,37.136467,2.083080,29.992511,1.384966,29.437616,1.402600,30.070236,1.308721,31.156131,1.314146,29.391544,1.286692,29.794097,1.277085,29.759564,1.478995,29.953943,1.003226,29.172366,1.048453,29.403266,0.839076,31.277443,1.060123,30.617509,1.643074,30.194815,1.219712,30.534675,1.201662,31.623964,1.578506,30.912957,1.358673,31.163679,1.262511,31.424923,1.536934,31.700120,0.935573,31.905728,1.169993,31.441460,1.440382,31.886421,1.108575,31.010817,1.596845,31.391589,0.965267,32.147349,1.178601,30.836104,1.274051,30.789699,1.393160,31.075419,1.277500
3,30,1740,fatigue_profile,drowsy,drowsy,2424.855315,103.713186,2373.575683,75.372735,2382.554777,92.495531,2397.095909,105.620763,2316.885111,105.725464,2334.882619,104.903755,2395.305419,108.687962,2330.296202,128.648830,2385.741557,108.469449,2369.945984,97.928443,2383.805986,90.714496,2348.230320,91.990954,2379.076993,92.074054,2316.561472,123.267862,38.106918,1.354106,37.325263,1.733842,37.857065,1.952051,39.024402,1.929354,38.295252,1.725249,38.430474,1.411570,38.622506,1.189174,38.086943,1.601544,38.303193,1.384533,38.418632,1.790479,38.444788,1.944012,36.971474,1.308713,38.961121,1.238451,37.770186,1.380812,29.915818,1.503117,29.631027,1.241244,29.399412,1.150246,30.605535,1.318159,28.486978,1.249833,29.766144,1.581803,29.459330,1.200212,29.797928,1.482201,29.805267,1.115793,29.509846,1.351420,30.664206,1.336975,30.759074,1.642350,30.012620,1.255036,30.032222,1.031862,31.637298,1.327355,30.508253,1.475523,31.188973,1.048223,31.474897,1.209034,30.358509,1.165699,31.792188,1.145895,30.837225,1.066127,31.633743,1.496444,31.361483,1.368590,31.078005,1.435475,31.674638,0.956721,31.002198,1.344234,30.795615,1.303681,30.980866,1.028351
4,1,0,good_profile,high_attention,high_attention,2523.611156,100.978174,2598.951084,100.842988,2672.391548,77.933585,2588.538839,82.501791,2595.491261,145.870939,2548.186606,146.199259,2605.735169,87.557130,2571.628749,97.620742,2535.912998,139.483206,2551.927763,88.838205,2545.381648,86.235784,2547.282546,106.489263,2476.555125,117.407750,2558.460247,95.652188,10.359897,0.315566,9.970939,0.332892,10.304018,0.357755,9.872629,0.463568,9.877006,0.346953,9.925593,0.283216,10.209078,0.480350,9.948838,0.431060,9.976537,0.491744,9.745529,0.414150,10.186945,0.460160,9.979204,0.283239,10.192343,0.391729,10.005437,0.376409,15.405111,0.539675,15.898586,0.659104,15.985466,0.591364,16.003657,0.769553,15.990323,0.680552,15.771238,0.552417,15.494268,0.647218,15.413696,0.607016,15.635932,0.738444,15.185788,0.583797,15.427767,0.600760,15.966902,0.717776,15.738983,0.645355,15.350128,0.541434,44.230763,1.585700,44.022963,1.649759,44.789295,1.788647,43.162373,1.905556,42.680639,1.385981,43.577681,1.918599,42.444452,1.436711,44.708563,1.270080,44.421000,1.831714,43.724109,1.343765,43.864274,1.723753,43.384525,1.319863,42.880095,1.762502,41.848812,2.323787
4,2,60,good_profile,high_attention,high_attention,2569.245993,95.566505,2588.715584,86.713137,2670.142659,130.611265,2589.067200,107.408467,2588.879483,93.130573,2550.526165,98.396462,2609.165903,115.902674,2531.923100,95.828451,2642.637367,114.139876,2544.535696,91.569590,2520.408605,119.795847,2520.394383,120.748611,2536.619861,118.226865,2594.034459,91.131191,10.169915,0.461901,9.872732,0.387498,10.200755,0.340531,9.977268,0.385477,10.006598,0.433032,10.038696,0.528812,10.066913,0.320923,9.759183,0.378653,9.805514,0.472762,9.597654,0.384941,10.213582,0.458909,9.905720,0.345169,10.135510,0.336293,9.963347,0.367110,15.379290,0.520957,16.060211,0.597851,15.734380,0.692158,15.686070,0.433648,15.678153,0.672381,15.493472,0.637157,15.633556,0.499597,15.326965,0.659663,15.739783,0.652689,15.447214,0.604712,15.465665,0.692106,15.761618,0.536581,15.668493,0.547221,15.126389,0.524306,43.246539,1.354316,44.738709,2.049608,44.922745,1.992886,44.171401,1.226200,42.283893,1.695962,44.679185,1.888455,43.165235,1.065294,44.637557,1.408932,44.381430,1.943803,43.830797,1.714906,44.612594,1.907875,43.585052,1.945685,42.311409,1.615889,42.180823,1.656948
4,3,120,good_profile,high_attention,high_attention,2571.998696,104.143355,2601.804837,80.762357,2625.860049,124.073908,2631.579069,97.250830,2566.791030,115.188480,2571.472876,108.176937,2593.415010,120.937512,2627.074336,112.020917,2607.839043,90.178477,2581.705977,106.161060,2567.996021,137.151963,2549.990799,82.388834,2545.800936,126.016049,2609.016810,103.851918,10.247366,0.358494,9.820580,0.298185,10.113086,0.346931,10.044576,0.460209,9.897355,0.416090,10.081281,0.467750,10.040504,0.367710,9.746597,0.574226,9.757134,0.379954,9.904257,0.425074,10.258792,0.422187,9.918827,0.299798,9.982661,0.394729,9.888422,0.362215,15.491460,0.487780,15.767472,0.622087,15.744033,0.407801,15.901553,0.460421,16.110450,0.694438,15.876043,0.618275,15.911620,0.452885,15.423132,0.569762,15.911246,0.706842,15.463085,0.379982,15.687565,0.472740,15.762631,0.668449,16.098172,0.530467,15.549630,0.648874,43.265362,2.121906,44.961517,1.469459,44.420107,1.353940,43.508830,1.226483,42.341094,1.732823,44.261406,2.199035,43.448548,2.146866,43.160179,1.679680,43.571324,1.838212,43.765519,1.344671,44.909186,2.293423,42.989212,1.973333,43.446520,2.316061,41.333095,1.750742
4,4,180,good_profile,high_attention,high_attention,2591.399793,80.712022,2598.192486,118.845392,2659.679303,79.237722,2648.283639,114.783682,2584.154342,68.004001,2637.606089,102.850794,2675.938958,138.562960,2595.156439,82.451600,2641.510359,103.346701,2555.349551,97.825602,2598.201745,131.331825,2560.682409,96.125106,2586.271768,91.816164,2609.452282,107.448332,10.186823,0.403141,9.889198,0.332975,10.016278,0.428752,9.893398,0.388233,9.852479,0.454431,9.864531,0.325601,10.226047,0.396682,9.897652,0.374123,9.779874,0.299060,9.785796,0.319184,9.954116,0.456826,9.978669,0.477992,10.004882,0.331294,9.975419,0.358147,15.422584,0.433612,15.615815,0.519705,15.531851,0.505450,15.668481,0.562803,15.730404,0.597424,15.562428,0.585124,15.676604,0.492625,15.350455,0.582378,15.643987,0.474557,15.325167,0.689228,15.773074,0.632258,15.549763,0.592749,16.079669,0.744541,15.490945,0.578784,43.270848,1.580197,44.025790,2.167920,44.928537,1.475810,44.425943,1.289777,42.679361,2.200747,44.216758,2.125986,44.406154,1.454869,43.926711,1.824126,43.674068,1.616624,43.803972,1.606198,44.401248,1.936476,44.406988,2.307956,43.274309,1.949931,42.148836,1.692994
4,5,240,good_profile,high_attention,high_attention,2606.952225,71.614992,2581.970147,80.454401,2625.645035,128.577614,2635.782762,113.030146,2614.627026,101.648346,2577.550451,118.715435,2640.692228,74.654212,2591.432309,79.181975,2582.944343,111.170924,2545.850042,122.121176,2571.574083,103.580652,2534.743162,98.561574,2571.375970,131.767891,2632.342479,103.244946,10.234889,0.360955,9.847594,0.347675,10.001840,0.412457,9.954548,0.337107,9.983367,0.363996,9.962975,0.388043,10.022896,0.401645,9.942204,0.317411,9.780253,0.349856,9.833008,0.352520,10.203886,0.438599,10.188817,0.411016,9.902921,0.395878,9.883295,0.353276,15.288985,0.559531,15.695055,0.682239,15.552808,0.523170,15.686254,0.756595,16.139067,0.596587,15.678044,0.700248,15.524501,0.596225,15.853644,0.583741,15.516380,0.535341,15.597637,0.563749,15.518725,0.741106,15.738074,0.514879,16.026880,0.902115,15.136859,0.672505,43.705238,1.757653,44.061431,1.795734,44.851427,1.665644,44.338898,1.752476,43.391067,1.499589,43.779221,1.410513,44.236573,1.885547,44.338766,1.743069,44.383300,1.598266,43.487657,1.325499,43.399584,1.970351,43.357234,1.745158,42.440966,1.500296,42.526766,1.473661
4,6,300,good_profile,high_attention,high_attention,2559.336686,88.710435,2574.626286,114.234570,2625.222618,101.308024,2603.606514,132.976716,2571.855491,96.640275,2578.718788,77.174576,2640.610022,90.189271,2626.937240,136.585550,2594.679126,102.080543,2515.969402,103.260861,2526.758680,86.912982,2502.422561,87.367190,2582.724177,134.349927,2612.845816,111.121443,10.423170,0.421491,10.032870,0.379656,10.373733,0.432780,10.010724,0.428584,9.998682,0.219325,10.109029,0.250963,10.065076,0.434344,9.774084,0.380200,10.005406,0.315023,10.012682,0.429348,10.344827,0.428038,10.111432,0.514709,10.182719,0.348453,10.108138,0.314349,15.514757,0.478830,15.750553,0.440822,15.640765,0.460674,15.555891,0.815419,16.323528,0.638791,15.913286,0.558869,15.790512,0.800977,15.505376,0.589182,15.157817,0.673271,15.261381,0.368589,15.433281,0.476210,15.852980,0.792554,15.698646,0.704676,15.401939,0.493488,44.181707,1.889116,43.761934,1.512444,44.574755,1.589454,44.081048,1.436961,40.805515,1.582342,44.322470,1.690297,42.862776,1.744403,43.183618,1.583137,44.171912,1.744666,42.509446,1.622280,43.011156,1.442242,43.140265,1.764781,42.588903,2.083295,42.451852,1.393081
4,7,360,good_profile,high_attention,high_attention,2549.763175,96.093051,2563.463708,108.006190,2666.700145,96.535652,2668.003980,109.426484,2589.020801,97.749153,2601.400409,112.337375,2628.751161,111.408425,2539.368423,123.089853,2582.455881,99.385000,2502.500771,94.914827,2575.016451,117.327723,2532.351939,90.186104,2559.057962,92.582360,2654.929423,91.837740,10.400953,0.362436,9.673866,0.455836,10.418570,0.298879,10.080621,0.366823,10.175439,0.397154,10.216318,0.345928,10.160807,0.359151,9.887892,0.486967,9.908804,0.294432,9.847419,0.342453,10.326145,0.434995,9.939429,0.384548,10.074088,0.440740,10.100735,0.282723,15.418636,0.576834,15.953664,0.638829,15.677352,0.572462,15.680406,0.644177,15.831510,0.460411,15.704853,0.566785,15.534807,0.644610,15.255535,0.688658,15.426935,0.789110,15.569398,0.555644,15.659843,0.668614,15.743814,0.614175,15.902162,0.670745,15.330061,0.449158,44.026219,1.989496,44.266002,1.358810,44.430081,1.520306,43.698525,1.874425,42.155436,1.444183,45.109192,1.638260,43.851821,2.283782,43.378530,1.765637,44.174584,1.598667,42.459242,1.612474,44.159343,2.411433,43.181681,1.482469,42.866154,1.812192,41.660650,1.826519
4,8,420,good_profile,high_attention,high_attention,2536.657209,105.582661,2558.419076,71.892210,2668.568598,110.027739,2648.616615,76.699125,2578.472820,95.148224,2539.414663,108.523391,2603.082903,146.506967,2551.533528,66.390371,2581.857347,117.548306,2572.344689,115.633859,2582.566402,102.321383,2504.574210,67.366502,2531.434891,59.052313,2621.855984,101.865273,10.031085,0.346951,10.060437,0.373460,10.279015,0.333141,9.846700,0.496514,10.074681,0.357170,10.075185,0.336283,10.094670,0.364524,9.814876,0.338252,9.910561,0.433870,9.867499,0.287662,10.223395,0.441420,10.028440,0.321984,9.965662,0.358014,10.116609,0.489950,15.222246,0.840351,15.806500,0.621117,15.690392,0.615821,15.777842,0.708777,16.359773,0.532552,15.908898,0.534167,15.984060,0.697879,15.420637,0.424724,15.724690,0.582270,15.582188,0.612060,15.760141,0.575248,15.642133,0.465797,15.553900,0.529004,15.604244,0.517312,43.654457,2.166808,44.060993,1.953271,45.346171,1.140131,44.534321,1.530359,42.208121,0.992080,43.032353,1.854019,43.943506,1.895452,43.404603,1.424706,42.758681,1.880360,43.314237,1.978106,44.020234,1.882453,43.476293,1.511595,43.300908,2.203808,42.086788,2.071402
4,9,480,good_profile,high_attention,high_attention,2583.515294,115.650471,2563.353958,108.604620,2704.688519,141.522044,2639.324054,109.492962,2560.618717,88.816692,2599.705534,93.351868,2650.240610,116.147642,2591.366899,101.460990,2648.710069,99.107227,2535.372876,88.064363,2609.541359,93.636907,2596.832654,112.308354,2560.569956,75.690120,2641.891065,104.633870,10.342690,0.394197,10.214438,0.290644,10.300161,0.393304,10.131977,0.400767,10.098875,0.425090,10.131329,0.470324,10.239064,0.428703,10.209280,0.370565,9.884697,0.294252,10.217688,0.380311,10.462896,0.450618,10.168496,0.437534,10.131220,0.453172,10.142835,0.418034,15.518401,0.724741,15.970031,0.656322,15.689190,0.655522,15.875594,0.658676,16.316261,0.615918,15.744399,0.518674,16.162571,0.570251,15.469828,0.710075,15.739336,0.488765,15.562478,0.548069,15.694067,0.694944,16.110629,0.644797,15.740618,0.766635,15.740353,0.475460,43.746701,1.452165,44.880254,1.417337,45.306063,1.433508,44.855235,1.889218,41.904764,1.664505,43.629692,2.002808,44.294019,1.864512,43.864719,2.024599,43.558307,1.813364,43.197990,1.647395,43.608303,2.048007,43.846973,2.097707,42.937708,2.270021,42.161736,1.755171
4,10,540,good_profile,high_attention,high_attention,2551.983228,145.532852,2587.962129,93.813250,2623.090553,75.080991,2668.234644,96.912644,2549.811913,97.151502,2646.375893,115.704189,2602.433081,93.770013,2526.893822,83.245429,2611.330856,88.883955,2558.133025,73.541916,2574.463720,82.585292,2565.058474,96.545428,2602.805748,100.483120,2634.146788,97.686046,10.526640,0.556981,10.202021,0.404096,10.497604,0.367804,10.245896,0.390995,10.389250,0.431005,10.337178,0.379896,10.137245,0.422339,10.149487,0.325925,10.049025,0.420340,10.199507,0.429032,10.429832,0.530200,10.301017,0.414680,10.401683,0.413613,10.370630,0.385247,15.911993,0.523930,15.941358,0.695787,15.941288,0.658583,16.142405,0.523112,16.535926,0.816193,16.077776,0.683620,15.908121,0.639296,15.542474,0.667792,15.658563,0.623448,15.584495,0.515949,16.141678,0.469896,16.171475,0.789009,15.539792,0.681459,15.812134,0.432741,44.283970,1.443144,44.445976,1.587703,43.959239,2.210305,43.946558,1.365975,42.257953,1.748193,43.933794,1.675083,43.962570,1.816393,43.764809,1.581729,42.921279,1.760350,43.128335,1.884409,44.060150,1.574126,43.605207,1.771962,43.445389,1.823431,41.272679,1.756433
4,11,600,good_profile,high_attention,high_attention,2564.715228,121.479308,2556.633876,118.489521,2627.544613,102.071369,2700.006763,107.764586,2595.916326,113.685204,2610.522681,73.659883,2647.480033,116.897379,2547.550298,97.502451,2567.354394,66.971072,2609.208256,92.879319,2568.014979,105.179324,2547.958734,127.120100,2551.465175,108.350608,2602.273554,96.304711,10.759270,0.568985,10.303174,0.335272,10.588359,0.479465,10.481327,0.424494,10.335596,0.378817,10.327636,0.290625,10.547615,0.289704,10.235547,0.420127,10.218108,0.397211,10.346601,0.518531,10.523695,0.349708,10.432578,0.338740,10.410072,0.329241,10.720426,0.364316,15.878646,0.542880,15.994129,0.627418,15.727063,0.530224,15.834502,0.721440,16.438667,0.678563,16.040606,0.718543,15.890072,0.542189,15.701325,0.621424,15.927363,0.565582,15.713200,0.570526,16.238225,0.538948,15.967685,0.834711,15.827631,0.626411,15.977934,0.625756,44.521429,1.472893,44.741891,1.531241,44.262262,2.112769,43.969047,1.644213,42.165192,2.555722,44.038015,1.570205,43.389003,1.449640,43.624035,2.572586,43.967259,1.654575,43.565652,1.767403,43.276832,2.003605,43.728198,2.305949,43.100889,1.520514,41.493882,1.553291
4,12,660,good_profile,high_attention,high_attention,2553.105044,119.805499,2619.417355,84.706891,2653.539563,99.482037,2661.919123,63.397437,2582.216289,80.584373,2575.763053,116.907549,2675.438057,128.317142,2604.865832,107.369195,2560.702150,84.868523,2628.699787,130.596899,2609.117930,84.259655,2525.114355,120.530354,2543.266027,119.062035,2648.930479,101.669820,10.936807,0.362139,10.341469,0.487059,10.689713,0.341593,10.490064,0.340715,10.525111,0.556391,10.694327,0.288217,10.436439,0.403642,10.461924,0.415634,10.240457,0.363646,10.280382,0.444830,10.722120,0.416889,10.393553,0.423857,10.388416,0.471803,10.776651,0.452053,15.883444,0.489775,16.615799,0.776453,16.570915,0.743592,16.261070,0.625345,16.980791,0.707043,16.362254,0.691865,16.338056,0.459628,16.283112,0.493861,16.389539,0.547354,16.253291,0.693282,16.302320,0.556716,16.758603,0.501216,16.357257,0.702008,16.031846,0.695287,43.396630,1.850855,43.587092,1.905792,43.977549,1.789707,43.309810,1.397792,42.283015,1.767242,43.996697,1.644605,42.793058,1.698470,43.687050,1.534820,42.087241,1.635145,42.946672,1.341875,42.949589,1.528811,42.297146,1.780371,42.203132,1.387346,40.500498,1.366053
4,13,720,good_profile,high_attention,high_attention,2576.225367,122.832476,2532.026266,93.758549,2592.195203,98.839861,2628.263497,111.204919,2610.069814,102.968149,2540.914425,97.926089,2582.598823,131.191707,2586.459000,120.253608,2597.582461,80.096845,2554.195859,86.849831,2561.854636,71.395049,2554.740070,87.924246,2529.797873,75.671181,2570.248945,85.547064,11.219216,0.342477,10.525812,0.473062,10.819261,0.417338,10.783038,0.404228,10.776696,0.312556,10.747290,0.578830,10.797868,0.450304,10.807708,0.522710,10.553684,0.314735,10.784737,0.276392,10.965029,0.371736,10.937927,0.320249,10.680820,0.409848,10.695117,0.455175,16.298896,0.533088,16.708861,0.566927,16.657295,0.627176,16.810958,0.521655,17.095464,0.587488,16.415990,0.489283,17.037657,0.677594,16.505985,0.745082,16.400191,0.669890,16.443495,0.600224,16.857801,0.692471,16.967587,0.640616,16.490596,0.646154,16.736485,0.712326,42.559605,1.397887,43.865251,1.574410,44.608183,1.253900,43.616842,2.193901,41.844448,1.496071,43.468750,2.009135,43.322427,2.225925,43.281018,1.277066,42.920044,1.469196,42.976148,1.584451,43.643054,1.808611,42.484641,1.721311,41.963196,1.842278,40.687077,1.665757
4,14,780,good_profile,high_attention,high_attention,2518.514349,112.906837,2556.692471,87.226291,2543.091238,150.708888,2557.316253,105.908594,2546.577075,62.135072,2538.744081,100.659028,2605.706028,89.382943,2527.991439,91.559563,2538.008878,100.732114,2492.074085,107.068793,2494.779792,87.425851,2514.725865,106.277239,2547.291321,64.414926,2591.430526,120.144754,11.468519,0.419507,11.034112,0.485739,11.218017,0.661688,10.996346,0.478528,11.207325,0.374782,11.275673,0.500303,11.225077,0.466495,11.242636,0.357589,10.824384,0.384752,11.191895,0.423469,11.728680,0.568636,11.069081,0.503346,11.153515,0.380625,11.199384,0.467184,16.928059,0.801541,17.650386,0.816944,17.223106,0.707807,17.036514,0.436940,17.797179,0.547637,17.305090,0.462581,17.165732,0.768900,17.104966,0.784590,17.392788,0.616554,16.924632,0.560899,16.967278,0.671926,17.601415,0.766720,17.743479,0.636687,17.143919,0.714719,42.199202,1.727867,44.079524,1.780212,43.104142,1.660710,43.084878,1.508695,41.748154,1.464404,43.220210,2.176944,42.868709,1.736682,43.009318,1.779776,42.416778,1.534832,41.726943,1.076763,42.683182,1.343399,42.626869,1.236654,42.196091,1.220295,39.932510,1.802865
4,15,840,good_profile,high_attention,high_attention,2509.180836,92.459481,2550.941459,95.027820,2636.124696,93.266251,2584.879433,128.956094,2578.383013,103.440594,2548.674523,89.292146,2586.182356,73.836278,2519.321562,90.152251,2559.701555,105.182842,2520.569556,123.061746,2519.849248,112.967944,2544.568486,97.862511,2539.246729,99.022378,2557.147005,114.345819,11.773750,0.523850,11.547939,0.453056,11.672512,0.450876,11.433738,0.384018,11.398521,0.402821,11.799424,0.558888,11.493967,0.575750,11.429037,0.429897,11.298703,0.367641,11.541754,0.399112,11.790159,0.329587,11.698632,0.465708,11.594478,0.307831,11.723228,0.347396,17.393577,0.721411,17.835469,0.650640,17.966032,0.807184,18.099392,0.524527,18.188254,0.641598,17.980601,0.956100,17.820560,0.707387,17.607575,0.738776,17.872464,0.686038,17.688633,0.621169,18.053137,0.679464,18.063072,0.584523,17.719205,0.665065,17.500753,0.758513,43.107095,1.444402,43.442718,1.564995,44.550515,1.799101,42.491216,1.890593,41.549505,1.749567,42.379387,1.728795,42.802083,1.922415,43.343385,1.639765,42.540129,1.942018,41.839874,1.558572,42.772975,1.927103,42.211106,1.093438,41.884504,1.586641,40.628432,1.626958
4,16,900,good_profile,medium_attention,medium_attention,2507.030399,93.098102,2557.303294,120.103325,2600.314332,99.706361,2605.581370,111.819399,2586.435633,110.003851,2562.387964,95.242988,2612.238968,114.830534,2529.811858,82.360968,2557.993295,87.805404,2545.249231,89.352455,2544.018310,87.585286,2591.051584,124.853590,2514.452829,94.147949,2606.403107,80.545440,12.177207,0.442110,12.084198,0.624578,12.201416,0.420002,11.618153,0.353358,12.010496,0.439326,11.949542,0.469353,12.020367,0.486781,12.069858,0.457585,11.591775,0.393032,12.052679,0.591180,12.440168,0.490174,12.171840,0.521413,12.113381,0.459281,12.305101,0.591436,18.309597,0.656343,18.490890,0.880160,18.446209,0.748231,18.617998,0.656099,18.967827,0.875012,18.423032,0.805079,18.832285,0.791998,18.249511,0.815416,18.751416,0.857515,18.473656,0.728163,18.761535,0.621762,18.782048,0.809003,18.525204,0.703917,18.288412,0.628513,42.679034,1.641700,43.300245,1.597981,43.432134,1.760578,43.332783,1.484378,41.598820,1.778301,42.791301,1.639333,42.464606,1.387588,43.208723,1.775552,43.206058,1.352895,42.128573,1.444986,41.814846,1.645996,41.542477,1.662700,42.474026,1.356249,39.957367,1.189358
4,17,960,good_profile,medium_attention,medium_attention,2508.251370,68.056967,2542.495132,106.100377,2555.416712,97.400962,2621.612900,100.087440,2542.268093,103.709060,2585.569096,93.826552,2556.950722,87.842139,2535.893119,109.009438,2564.032971,98.316654,2545.316782,101.244796,2526.323680,91.319967,2537.644905,109.282824,2531.913874,121.450871,2563.669068,94.142795,12.672863,0.470123,12.210547,0.368755,12.751775,0.458179,12.234890,0.482229,12.579451,0.412632,12.659628,0.510014,12.796854,0.546725,12.449621,0.508265,12.089210,0.550322,12.223328,0.371718,12.735057,0.594231,12.480123,0.427830,12.398057,0.553064,12.417385,0.435255,18.797463,0.505275,19.158279,0.681192,18.733139,0.441425,18.939454,1.016450,19.720079,0.740105,19.342570,0.607730,19.344995,0.785987,18.854520,0.703219,18.759655,0.485967,18.719404,0.786812,19.271720,0.827313,19.577481,0.593252,19.252192,1.009825,19.113585,0.795265,42.773826,1.630574,42.249311,1.863323,42.723716,1.586375,43.219564,1.927482,41.217310,1.562970,43.136444,1.636594,41.963435,1.332652,42.813766,1.800883,42.850673,1.728591,42.414470,1.642506,42.439348,1.781441,42.242818,1.205425,41.256216,1.786525,40.192434,1.281159
4,18,1020,good_profile,medium_attention,medium_attention,2535.963794,80.595730,2569.572058,94.025356,2629.839196,99.034299,2645.378057,85.784696,2560.031638,103.115367,2593.800112,94.703717,2599.071895,134.085953,2593.495072,98.979677,2534.170099,124.149184,2552.737771,91.771420,2521.946573,108.164207,2584.326439,114.949018,2550.974197,81.076730,2599.833590,91.024673,13.318050,0.641184,12.780427,0.402242,13.212877,0.447916,12.769961,0.449259,13.063863,0.503783,13.395427,0.746134,13.198057,0.550301,12.663062,0.643627,12.644879,0.551625,12.680891,0.558477,13.262914,0.481641,12.906863,0.483037,12.958584,0.557449,13.061156,0.591446,19.142897,0.701591,20.175246,0.911825,19.834462,0.650619,19.814121,0.751657,20.226211,0.829592,19.455394,0.798398,19.641614,0.828842,19.714558,0.681042,19.815665,0.876979,19.505557,0.934914,19.770264,0.708319,19.676934,0.852993,19.554786,0.943150,19.894655,0.542434,41.838398,1.454591,42.430400,2.094854,42.682363,1.533885,41.194638,1.060520,40.245266,1.232483,41.765304,1.777935,41.866198,1.727074,42.972202,1.544142,41.029643,1.713688,41.923172,1.647950,41.226313,1.497760,41.452212,2.304191,41.813215,1.888209,39.934310,1.612583
4,19,1080,good_profile,medium_attention,medium_attention,2521.394575,84.599117,2557.547589,111.564898,2625.394664,101.554835,2635.454738,98.886552,2593.661905,100.473959,2575.850715,108.757366,2555.630029,106.603539,2570.161256,97.433424,2585.964640,96.433148,2492.438101,107.350148,2502.695176,83.508440,2533.352120,126.109942,2523.903433,101.079190,2615.363986,95.455210,14.135655,0.509358,13.237027,0.689293,13.761792,0.649321,13.454371,0.546960,13.619199,0.597923,13.806358,0.576024,13.668193,0.524701,13.474048,0.498663,13.447386,0.460758,13.559938,0.426892,14.304036,0.670404,13.462574,0.636963,13.565848,0.585648,13.454344,0.615124,19.906939,0.647662,20.099436,0.852567,19.815893,0.582444,20.055497,0.767473,20.495318,0.917474,20.185692,0.792291,20.132204,0.768806,20.273412,0.722912,20.029901,0.940489,19.850838,0.809218,20.187902,1.027290,20.175474,0.879925,20.172824,0.659137,20.738986,0.829328,41.287812,1.670382,42.365459,1.793120,42.275852,1.542961,41.755663,1.396920,40.766079,1.493640,41.710274,1.826937,40.937776,2.161500,41.999034,1.493120,40.703403,2.065588,41.087970,1.489722,42.274594,1.583617,40.654968,2.428073,40.687439,1.706254,39.740618,1.454434
4,20,1140,good_profile,medium_attention,medium_attention,2544.364641,122.856279,2628.609368,128.457667,2650.664606,111.387652,2602.487392,104.807200,2566.755816,91.117377,2579.039392,94.328076,2578.303138,95.791850,2559.651645,110.181143,2612.113945,81.876944,2537.343726,95.227761,2514.661122,86.519600,2531.361843,89.058189,2530.523147,86.160404,2610.257197,82.188264,14.189784,0.444741,13.659145,0.591102,14.233475,0.454352,13.587906,0.565066,13.812417,0.563536,14.032571,0.408613,13.818726,0.574152,13.664946,0.462399,13.741764,0.599639,13.670765,0.645570,14.346037,0.630329,14.097293,0.631312,13.651904,0.514171,13.883563,0.582426,20.749084,0.849474,20.982065,0.580368,20.685814,0.943097,20.583129,0.683316,21.377397,1.010162,20.499943,0.764439,20.905973,1.120663,20.509971,0.783826,20.667577,0.815283,20.201645,0.808188,20.746551,0.904163,20.995505,0.860137,20.588448,1.046019,20.421465,0.894889,41.357000,1.714549,41.618672,1.489832,41.768102,1.533023,41.715230,1.623665,39.683606,1.563535,41.386244,1.377527,40.879961,1.417790,41.309539,1.870660,40.728652,1.445182,40.990191,1.661104,41.400086,1.710900,40.628328,1.873427,40.652208,1.151789,39.890589,1.195341
4,21,1200,good_profile,medium_attention,medium_attention,2551.205007,101.753056,2552.381611,108.990767,2586.937785,109.592471,2612.414898,88.921814,2608.902988,106.517901,2548.917653,94.222746,2546.192644,128.670846,2541.489640,67.356615,2538.687285,119.760482,2497.960678,101.524101,2504.747680,106.332488,2493.170686,117.112141,2512.301806,75.724139,2566.851808,121.566528,14.299976,0.707425,13.889605,0.451603,14.407720,0.618767,14.144403,0.611105,14.150174,0.461856,14.357351,0.565712,14.076541,0.324292,13.835454,0.760088,13.729307,0.619289,14.236593,0.660629,14.534986,0.549522,14.374290,0.745982,14.261716,0.615552,14.341075,0.482832,20.846186,0.767467,21.339093,0.808734,20.953041,0.898717,21.064277,0.729756,21.250777,0.976002,21.235331,0.873153,21.306305,0.646295,20.863943,0.956748,21.119922,0.794843,20.758745,0.615517,21.080558,1.001286,21.457329,0.734550,21.313398,0.755644,20.848240,0.928212,39.893629,2.176985,41.402342,1.303160,42.087295,1.724982,41.511315,1.893913,39.995943,1.500053,41.824712,1.642713,41.110901,1.560184,41.411185,1.851664,40.888397,1.798250,40.807842,1.684116,41.188718,1.919868,40.487612,1.541250,40.852937,1.534685,38.528525,1.424248
4,22,1260,good_profile,medium_attention,medium_attention,2543.149261,85.679330,2526.474364,104.550073,2599.836091,136.381063,2595.185493,104.385553,2598.822619,89.199838,2539.241095,102.117639,2601.023112,112.471294,2529.897200,88.613040,2556.321785,65.689735,2516.551134,123.832951,2500.954245,100.851192,2494.743242,97.319837,2513.716524,90.623637,2588.637811,86.250902,14.611942,0.556580,14.056819,0.495075,14.480680,0.606014,14.311080,0.571934,14.208086,0.705700,14.309318,0.555002,14.381448,0.554538,14.152354,0.758828,14.125493,0.518618,14.326903,0.377100,14.507781,0.722986,14.132886,0.470694,14.491580,0.672369,14.539541,0.517802,20.957421,0.580340,21.512799,1.007658,21.583022,0.888441,21.499128,0.680740,22.138246,0.957703,21.709146,0.745929,21.338945,1.063207,20.903842,0.807329,21.076356,0.659580,21.324574,1.080600,21.509604,1.012765,21.510730,0.814452,21.213697,0.786508,21.211750,0.925378,40.795869,1.544234,41.565268,1.819720,41.248869,1.602383,40.687901,1.237431,39.502931,1.408429,40.680223,1.118629,39.714862,1.340294,41.022540,1.427340,39.963089,1.741060,40.217850,2.027396,40.742765,1.267858,39.997053,1.248112,40.810582,1.513739,38.588863,1.669211
4,23,1320,good_profile,medium_attention,medium_attention,2518.827907,93.139259,2526.510399,103.122633,2589.307729,93.674307,2580.159164,85.782916,2554.981788,108.316753,2552.098171,101.681271,2620.671206,99.330362,2533.868677,107.057699,2516.250909,88.638801,2555.856967,126.578888,2494.719210,97.424687,2474.579594,96.524375,2508.007994,96.523109,2568.167362,120.039014,14.318419,0.521509,14.061898,0.646098,14.522862,0.511554,14.167037,0.542482,14.077225,0.572862,14.353216,0.571156,14.307091,0.542902,14.026005,0.662673,14.034491,0.496413,13.937256,0.630218,14.842406,0.736326,14.684559,0.725953,14.241437,0.543165,14.593952,0.396011,21.119847,0.930474,21.586728,0.817499,21.382944,0.737745,21.249782,0.723131,21.735999,0.826492,21.148326,0.937067,21.308234,0.844514,20.852643,0.639394,21.370347,0.845761,21.368748,0.977161,21.376393,0.653734,21.267725,0.813039,20.983717,0.834969,21.257617,0.658663,41.278819,1.255701,41.676333,1.720468,42.320440,1.382991,41.688039,1.778882,39.628991,1.666291,41.805537,1.638790,40.163686,1.874123,41.782552,1.532343,41.411891,1.819115,40.614481,1.798198,41.110042,1.381487,39.599558,1.515969,40.883327,1.758780,38.787923,1.630672
4,24,1380,good_profile,medium_attention,medium_attention,2490.525810,78.892871,2520.120000,117.914258,2637.619528,77.109264,2547.484165,119.004831,2537.348035,112.198858,2518.795649,82.864737,2559.378763,79.743603,2573.465558,78.282476,2563.169852,97.240054,2498.615150,115.200750,2515.896572,99.407535,2480.112462,87.938020,2490.484814,108.132536,2561.993310,91.434267,14.180475,0.595573,13.714152,0.454336,14.113179,0.496816,13.804296,0.474219,14.077103,0.656523,14.093225,0.742415,13.946545,0.489541,13.959901,0.596452,13.481884,0.534999,13.694296,0.506695,14.543506,0.556522,13.974879,0.582189,13.835906,0.524173,14.055617,0.449252,20.767502,0.648033,21.333693,0.854284,21.046323,0.967649,20.793357,0.712296,21.122739,0.874505,21.095813,0.997151,20.910408,0.859898,20.324069,0.742721,20.706728,0.819634,20.293183,0.569710,20.832456,0.752811,20.928195,0.845926,20.993310,0.880279,20.696578,0.806611,41.020778,1.997242,42.446727,1.988606,42.377430,1.762684,42.018873,1.580915,40.503775,1.710421,41.576476,1.952664,40.575254,1.497112,42.175390,1.477096,41.164910,1.832186,41.068569,1.837122,40.736387,1.377298,41.227680,1.486023,41.058112,1.520114,39.741291,1.449032
4,25,1440,good_profile,medium_attention,medium_attention,2528.365030,96.200583,2550.636681,119.472550,2649.413940,94.089859,2634.009628,78.944117,2504.404714,110.177509,2557.769724,101.349428,2624.419621,115.831024,2532.381987,108.757680,2579.955603,134.207262,2553.811674,126.832705,2520.780152,131.865826,2540.524137,99.075339,2517.912497,89.165280,2531.065587,112.281234,13.952122,0.439335,13.506006,0.489680,13.795520,0.519032,13.481118,0.630900,13.612950,0.525457,13.413747,0.593072,13.076113,0.463782,13.367406,0.517947,13.324936,0.532311,13.348261,0.442698,13.763497,0.571646,13.492608,0.507508,13.521137,0.613458,13.673632,0.479025,19.903798,0.663224,20.208831,0.960110,20.276250,0.617902,20.116948,0.909873,20.107280,0.806041,19.883577,0.893136,19.961280,1.026630,19.842209,0.708748,20.206109,0.811439,20.006452,0.844689,20.185028,0.731037,20.155461,0.969292,20.186699,0.731268,19.673705,0.753567,41.359753,1.626338,42.929906,1.550934,42.753938,2.018991,42.216510,2.054922,40.624791,1.613194,41.326319,1.669037,41.887900,1.607939,41.502416,1.579236,41.536417,1.484218,41.769136,1.923567,41.379123,1.758220,41.439386,1.776387,40.856455,1.983663,40.098796,1.172961
4,26,1500,good_profile,medium_attention,medium_attention,2514.415149,100.471474,2521.397345,84.690469,2585.535107,123.914158,2555.361752,105.894055,2514.085114,82.821537,2519.068387,112.201914,2615.883750,108.786257,2507.308615,87.401998,2531.510177,123.523349,2502.398592,84.073657,2458.753587,101.328391,2528.774477,106.027766,2518.176682,76.142077,2593.352846,108.769836,13.006589,0.657554,12.741569,0.566021,13.052569,0.583580,13.039036,0.613253,12.818135,0.520589,13.103015,0.482817,12.775762,0.705492,12.762105,0.410184,12.428020,0.615223,12.798980,0.352097,13.171441,0.515123,12.824877,0.360821,12.952230,0.458603,12.912054,0.632007,18.970030,0.900838,19.166687,0.661000,18.912712,0.753321,19.550713,0.844178,19.685558,0.942824,19.312412,0.728175,19.098108,0.562285,19.429817,0.668107,19.327065,0.540793,19.093409,0.913285,19.528641,0.785259,19.249971,0.658815,19.348005,0.903220,19.231432,0.691062,41.729933,1.692087,41.991551,1.228192,42.084071,1.263136,42.083332,1.455944,39.598776,1.407889,42.595691,1.628542,41.656734,1.397615,41.729834,1.452806,41.890961,1.389480,41.665520,1.871028,41.350793,1.491041,41.132980,1.412746,41.116558,1.502999,39.759685,2.058675
4,27,1560,good_profile,high_attention,high_attention,2517.609809,104.723514,2539.556169,97.518243,2570.411265,107.292655,2593.772591,123.741720,2523.647314,86.886706,2587.987720,100.056452,2619.513431,70.683529,2544.543412,84.621948,2583.116183,120.519269,2447.889561,116.157329,2491.471006,76.152531,2588.472182,116.152188,2520.408429,93.915743,2563.134975,104.524522,12.289846,0.505740,11.945305,0.412117,12.273511,0.443980,12.090484,0.480095,12.137909,0.385889,12.320112,0.507920,12.247369,0.466507,12.008045,0.571750,12.110545,0.478222,11.978929,0.494113,12.531805,0.635665,12.287610,0.581239,12.145521,0.423007,12.219976,0.496574,18.368324,0.639802,18.794531,0.738400,18.216277,0.752834,18.582980,0.604041,18.922571,0.627628,18.386071,0.697744,18.841953,0.775290,17.939425,0.703556,18.669260,0.794952,18.087015,0.664409,18.466739,0.665550,18.380934,0.780974,18.396352,0.572167,18.034413,0.719578,41.445208,1.890917,41.948268,1.031731,43.018288,1.548604,42.136587,1.481995,39.833625,1.578334,41.935249,1.754707,41.928709,1.960495,41.999732,1.407293,41.104560,1.583996,40.861911,1.323205,41.504112,1.535993,41.431524,1.218910,41.667921,1.924830,40.479293,1.778415
4,28,1620,good_profile,high_attention,high_attention,2573.944601,94.864438,2587.393674,67.451067,2652.651775,116.409582,2622.176237,121.719117,2568.940917,122.170641,2571.998063,138.837665,2672.640082,102.675655,2583.098044,102.975372,2538.112340,114.079972,2500.057156,91.149044,2565.855905,133.398422,2597.271397,84.798517,2560.740959,128.155837,2610.047205,116.468871,11.841789,0.482224,11.331835,0.464258,11.587579,0.460002,11.478034,0.325505,11.559514,0.431765,11.549529,0.329195,11.322937,0.466659,11.361027,0.575729,11.178273,0.506804,11.474162,0.462491,11.678856,0.547192,11.628303,0.415309,11.651459,0.477702,11.476864,0.509841,17.680954,0.748663,18.101794,0.474711,17.455249,0.793702,17.694827,0.815804,18.249000,0.644121,17.979262,0.959043,18.009807,0.841354,17.558906,0.611649,18.151499,0.829591,17.475411,0.735254,17.636408,0.639189,17.721484,0.654215,18.166167,0.707843,18.000838,0.838330,41.390024,1.596525,43.560213,1.909211,43.204578,1.867218,42.961857,2.213751,41.162052,1.835410,43.723814,1.628605,42.952952,1.880056,43.257423,2.014215,42.623159,1.780707,42.670782,1.530939,42.457103,1.814601,42.043122,1.719361,43.146296,1.836769,41.225193,1.782669
4,29,1680,good_profile,high_attention,high_attention,2530.164141,89.322792,2634.301280,103.024391,2603.906981,103.423036,2674.861601,94.213359,2569.548551,89.287991,2613.446204,113.600694,2699.809258,105.236404,2629.115218,74.466351,2571.842588,92.681600,2556.019817,83.350966,2473.870850,105.747858,2618.082586,94.779945,2556.768861,65.972198,2627.408156,118.323689,11.143419,0.428449,10.906891,0.415065,11.124767,0.383505,10.808328,0.504273,11.097311,0.472129,11.427508,0.517593,10.940217,0.465828,10.993260,0.401225,10.951269,0.367632,10.975047,0.385243,11.202070,0.391633,10.997380,0.460206,11.130641,0.463966,11.034341,0.424303,16.874371,0.825933,17.063223,0.679496,17.347059,0.609230,17.315340,0.587320,18.065343,0.760925,17.444445,0.597320,17.238429,0.849799,17.088930,0.722988,17.348014,0.740165,17.247868,0.758887,17.402880,0.619005,17.440416,0.718634,17.806653,0.831725,17.308143,0.808113,42.740190,1.600905,43.758586,2.184270,44.286664,2.098115,43.570850,1.831395,41.642325,1.815745,43.249602,1.294302,42.858871,1.480533,43.103264,1.971656,42.696411,1.397882,43.228180,1.682762,43.062197,2.134074,42.688216,1.659181,42.420578,1.519026,42.264307,1.289078
4,30,1740,good_profile,high_attention,high_attention,2615.642889,93.983446,2578.401457,80.012054,2683.045138,74.161438,2629.596596,112.295683,2562.692274,92.360131,2577.212654,89.087483,2672.067317,100.434382,2597.246936,94.980511,2622.460906,106.837168,2610.960578,124.029908,2571.396385,84.228245,2565.280126,87.692405,2575.556617,105.591710,2656.066308,106.069765,11.012544,0.441046,10.683833,0.468358,11.100980,0.466047,10.653635,0.365301,10.631313,0.391869,11.028463,0.454877,10.939854,0.390843,10.756398,0.366039,10.609373,0.344013,10.828635,0.325772,10.943236,0.544479,10.603745,0.691861,10.801341,0.399149,10.681662,0.412615,16.333451,0.743715,16.557281,0.753056,16.595292,0.544491,16.694380,0.452806,17.133335,0.672015,16.672113,0.708044,16.695652,0.577791,16.508063,0.598926,16.923477,0.692813,16.731951,0.610890,16.671784,0.569065,16.730242,0.486730,16.793178,0.771517,16.809807,0.681228,42.512248,1.195469,43.967503,1.733454,44.345836,1.513733,42.474694,1.681620,41.663760,1.761230,43.146138,1.477559,42.295221,1.780615,43.606103,1.558857,42.868235,1.715234,42.386363,1.566783,42.717055,1.583711,42.360433,1.366771,42.878503,2.007879,41.117812,1.661295
5,1,0,fatigue_profile,medium_attention,medium_attention,2494.274099,88.182199,2513.848628,113.850598,2549.977631,86.362827,2579.645017,66.961191,2467.510356,90.391205,2556.530909,70.406902,2460.993749,101.257985,2489.086197,76.714618,2486.624877,82.835667,2539.754068,77.352474,2456.019788,82.128269,2512.012222,79.526776,2493.878951,36.926612,2506.257575,79.326771,14.940030,0.484543,14.729671,0.484155,14.531432,0.431398,14.685488,0.321683,14.640215,0.440399,14.737965,0.430889,14.560461,0.518762,14.437083,0.501498,14.580616,0.466146,14.449719,0.409112,14.960734,0.568065,14.803875,0.503186,14.726900,0.384519,15.136670,0.475622,22.561849,0.635064,21.775660,0.813126,22.079447,0.667416,21.963262,0.576373,22.538930,0.562451,22.230071,0.643356,22.594316,0.704679,22.623416,0.740973,22.703318,0.813913,22.175454,0.659674,22.020795,0.589361,22.028860,0.789641,22.491871,0.667455,22.596008,0.658340,41.814016,1.457777,42.377605,1.537260,43.342255,1.476631,41.909335,1.136397,43.809862,1.441519,42.355217,1.038565,41.374815,1.338091,42.643384,1.045395,42.534550,1.564477,43.048191,1.133396,42.132128,1.399252,42.999382,1.461189,42.118617,1.311730,42.164606,1.012040
5,2,60,fatigue_profile,medium_attention,medium_attention,2486.829820,95.972446,2494.065008,97.921839,2536.861010,88.979722,2590.614764,67.565606,2480.362506,57.996107,2540.825911,69.603158,2429.428397,96.586937,2467.527637,89.698377,2483.597318,76.424564,2591.589922,82.965550,2463.990346,89.633636,2512.478003,90.094278,2480.548814,81.370359,2480.305031,67.043192,14.992710,0.448021,14.645081,0.411382,14.749792,0.518735,14.680556,0.460453,14.639638,0.454518,14.909068,0.467381,14.556886,0.399726,14.417623,0.393021,14.441380,0.438197,14.524896,0.305603,14.557124,0.346055,14.904630,0.447673,14.839381,0.556376,14.819491,0.481268,22.328646,0.591292,21.966364,0.944643,22.031759,0.840566,21.600294,0.729859,21.993723,0.900582,21.931488,0.621707,22.294392,0.661637,22.811756,0.734558,21.815221,0.923938,21.969014,0.713754,21.937663,0.689009,21.930512,0.775429,22.420973,0.866504,23.364293,0.591259,41.871210,1.183189,41.944350,1.226214,43.209414,1.493419,42.140609,1.462852,43.523369,1.282407,42.405321,1.113295,41.932145,1.579056,41.761352,1.103840,42.552297,0.852709,43.003685,1.700990,42.215407,1.427304,43.045856,1.529936,43.207366,1.397042,42.174733,1.237258
5,3,120,fatigue_profile,medium_attention,medium_attention,2452.066294,99.172844,2482.237768,94.091906,2527.107842,74.087001,2528.262880,67.226235,2442.361700,77.550422,2487.258362,87.630464,2453.095325,72.605294,2478.847545,89.151843,2461.989666,87.149362,2569.155152,95.329248,2430.122104,91.726981,2515.409232,81.595725,2422.187557,66.183887,2461.849948,65.689214,15.032320,0.509157,14.719703,0.426922,14.661678,0.549025,14.853981,0.591296,14.588170,0.415500,14.999750,0.514944,14.554293,0.482651,14.604140,0.501384,14.745032,0.643296,14.691427,0.597766,15.053357,0.343963,14.986532,0.434897,14.796824,0.406725,15.037936,0.460894,22.520634,0.714871,21.870830,0.714063,22.226356,0.691174,21.909029,0.659450,22.474745,0.560175,21.729784,0.731225,22.647404,0.669882,22.883642,0.812399,22.113880,0.574438,21.932144,0.708107,21.676834,0.612631,21.940524,0.687365,22.259550,0.639941,23.045021,0.727183,41.437263,1.290598,41.515362,1.331054,42.680381,1.000021,42.412651,1.550471,43.188065,1.241791,42.619568,1.605578,41.340398,1.173283,42.802649,1.326881,41.472917,1.475798,42.326351,1.864391,42.102223,1.519620,42.999692,1.420701,41.932695,1.366900,42.282915,1.598875
5,4,180,fatigue_profile,medium_attention,medium_attention,2483.354371,53.999129,2448.176824,84.187924,2505.012582,61.189438,2570.822468,54.727103,2459.750038,70.066484,2500.191102,81.394152,2406.880264,58.280470,2503.721193,72.728814,2443.890152,68.963155,2522.013617,79.692926,2444.322830,65.227909,2493.651196,68.087602,2436.835813,59.791994,2452.093687,67.408187,15.130282,0.527118,14.978828,0.451866,14.946287,0.499644,14.851212,0.425873,14.671616,0.584776,14.837505,0.385986,14.770524,0.481513,14.837861,0.567857,14.773246,0.515404,14.606576,0.457515,15.117585,0.525139,15.060159,0.352377,15.032436,0.529439,15.417170,0.505800,22.408467,0.735036,22.094437,0.766173,22.200824,0.840733,21.856533,0.810990,22.437996,0.711949,22.283855,0.559084,22.755705,0.714757,22.868409,0.896265,22.052143,0.747741,21.961036,0.429588,21.684248,0.953958,21.908159,0.538714,22.654131,0.624535,23.496592,0.661518,42.062578,1.253331,41.851251,1.220862,42.653792,1.356561,42.327014,1.056169,43.480406,1.207351,42.077086,1.208779,41.728766,0.922287,42.422158,1.855766,41.876059,1.528822,43.054823,1.022608,42.407438,1.472281,42.920999,1.194484,42.043660,1.183744,42.380110,1.374562
5,5,240,fatigue_profile,medium_attention,medium_attention,2449.055485,62.538123,2454.074652,105.590869,2485.678651,90.196327,2521.899796,64.146703,2418.939073,76.139753,2539.934503,96.253795,2425.580806,77.336994,2434.146993,69.232248,2394.157439,64.801849,2531.242991,67.087170,2391.863760,80.937274,2467.817258,84.841011,2444.795999,78.939730,2406.205265,92.349874,14.598996,0.661578,14.730943,0.694178,14.937224,0.604055,14.950219,0.273459,14.779540,0.426633,14.830063,0.436119,14.783592,0.603572,14.778137,0.450490,14.567067,0.361160,14.873979,0.427286,14.966888,0.427892,14.942069,0.435549,14.639549,0.477179,15.273270,0.417278,22.569512,0.668751,22.396662,0.852103,22.269187,0.770098,22.339918,0.806263,22.448452,0.640964,22.054037,0.684169,22.545971,0.787162,23.043037,0.500841,22.586489,0.575231,22.159445,0.743459,21.923958,0.807452,22.130301,0.680032,22.903871,0.763055,23.486479,0.679034,40.732387,1.974534,42.166355,1.356146,42.952349,0.964755,41.738573,1.411426,43.232678,1.144444,42.543480,1.373863,41.505906,1.129407,42.013097,1.587494,42.519482,1.388127,42.726694,1.471464,41.593467,1.261963,43.221738,1.029046,41.736512,1.220769,41.998702,1.181314
5,6,300,fatigue_profile,medium_attention,medium_attention,2426.463637,72.989512,2459.777540,90.966703,2509.152865,84.180506,2544.087197,97.792962,2436.180153,88.033984,2508.168397,62.290338,2430.738587,91.641506,2448.874845,95.116846,2446.366646,72.581812,2562.621346,57.024016,2400.105096,77.894600,2455.331080,78.289103,2422.733556,73.694480,2482.899347,81.902640,15.309239,0.352937,15.167382,0.468131,15.320661,0.474678,15.280211,0.363094,14.844013,0.541053,15.168192,0.510870,15.053064,0.257326,14.829894,0.577457,14.955874,0.622458,15.109744,0.504494,15.138418,0.563163,15.359420,0.449407,15.050619,0.472451,15.605408,0.521304,23.120769,0.529659,22.473800,0.628652,22.382464,0.724094,22.080249,0.959448,22.777787,0.654968,22.620315,0.693306,22.483772,0.732825,23.154391,0.689784,22.666366,0.681778,22.410384,0.683108,22.225706,0.530391,22.386808,0.610455,22.689637,0.676983,24.019782,0.659652,41.421230,1.194094,41.375989,1.652827,43.149157,1.086717,42.273040,1.141499,43.199293,1.181601,41.915974,1.552196,41.538363,1.454470,41.721010,1.165424,42.422241,1.662280,42.700764,1.049377,41.401671,1.262736,43.165050,1.270134,42.518854,1.323142,42.291503,1.170532
5,7,360,fatigue_profile,low_attention,low_attention,2445.170054,80.909514,2412.199677,83.228573,2478.918082,62.641116,2459.596490,77.857121,2401.692238,59.876638,2494.569881,69.239395,2408.670506,67.922145,2406.264622,60.414923,2398.919457,87.280165,2476.757703,85.556721,2359.196111,71.611293,2441.064018,79.237440,2384.062127,58.680068,2398.059824,66.923509,15.550522,0.523799,15.643963,0.401146,15.827798,0.451283,15.890959,0.380131,15.379861,0.529648,15.361876,0.500688,15.641410,0.597557,15.218340,0.458372,15.389798,0.493580,15.469631,0.523284,15.685619,0.465619,15.864765,0.587541,15.545900,0.477267,15.844334,0.550036,23.286248,0.623512,22.893467,0.727257,23.263966,0.714591,22.638289,0.816819,23.121654,0.928941,22.901125,0.748195,23.434373,0.627087,23.531844,0.765435,22.935692,0.722267,23.080884,0.865622,22.482596,0.606603,22.876665,0.672044,23.107704,0.633802,24.174189,0.780027,41.376037,1.246241,41.082320,1.533210,42.663056,1.075009,41.657989,1.861980,42.868523,1.541611,41.994952,1.418685,41.013673,1.324257,41.900769,1.470649,41.897588,1.365309,42.576657,1.415957,41.117630,1.046976,42.481374,1.369969,41.356393,1.204697,41.171016,1.433867
5,8,420,fatigue_profile,low_attention,low_attention,2426.983977,73.525456,2469.179270,73.169730,2483.923699,71.986938,2521.605661,71.010351,2402.684552,68.779514,2457.617418,58.169921,2460.443774,69.007924,2412.393270,66.035926,2434.280988,77.555956,2530.205360,77.259443,2368.718704,69.904487,2446.335410,76.697354,2383.393965,70.436229,2397.815056,81.360825,16.397944,0.531382,16.323830,0.600313,16.476698,0.469098,16.303827,0.567932,16.093590,0.384475,16.338262,0.515251,16.369841,0.504113,16.146279,0.636991,15.805989,0.538337,16.250812,0.481474,16.202674,0.356302,16.273400,0.402448,16.255136,0.533229,16.641995,0.470569,24.107717,0.807718,23.337212,0.682314,23.826951,0.739839,23.172024,0.603074,24.009227,0.864053,23.583815,0.613454,23.890011,0.881480,24.231752,0.693953,23.847708,0.718839,23.409092,0.784615,23.615109,0.812016,23.307393,0.728366,24.003380,1.016694,24.288729,1.107810,40.346801,1.426907,41.388891,1.490599,42.215413,1.336337,41.705491,0.921130,43.300330,1.090307,41.424416,1.603186,41.546834,1.428589,42.199390,1.686269,41.594190,0.982088,42.380814,1.365265,41.328465,0.805494,43.037919,1.265079,41.663587,1.310253,41.175579,1.333911
5,9,480,fatigue_profile,low_attention,low_attention,2460.442819,84.163879,2480.003003,69.549449,2512.839855,67.814758,2548.693658,80.585817,2418.046365,73.985452,2492.720206,51.818866,2443.501755,57.112463,2469.109092,80.037864,2449.302507,77.763868,2522.222732,84.797134,2415.693163,82.246841,2492.866966,106.860151,2423.768342,63.664538,2465.028339,69.498766,17.056567,0.494220,16.909345,0.538688,17.179556,0.500356,16.898523,0.579778,16.719139,0.651229,17.082425,0.573292,16.893638,0.537633,16.451181,0.623331,16.656060,0.484250,17.136410,0.390744,17.200332,0.602960,17.152052,0.390969,17.356689,0.615767,17.330828,0.637152,24.616834,0.798281,24.275289,0.730801,24.621826,0.604168,23.994091,0.653917,24.474882,0.753427,24.084354,0.693856,24.539838,0.731579,24.894148,0.779392,24.325989,0.955033,24.045748,0.587401,23.810316,0.782896,23.827872,0.572921,24.646308,0.770218,25.394659,0.773174,40.441154,1.106134,41.293960,1.240470,41.731221,1.574906,41.164821,1.355418,42.397980,1.125769,41.443111,1.378534,41.336827,1.388726,41.667967,1.208504,41.622839,1.544695,41.422853,1.462827,41.037266,1.532263,42.179437,1.273999,41.732594,1.618795,40.680260,1.410907
5,10,540,fatigue_profile,low_attention,low_attention,2485.573198,93.496420,2459.488789,65.880676,2518.790100,82.305360,2555.013776,83.285080,2416.088123,64.918336,2530.267678,90.340129,2435.862113,93.025056,2462.465927,85.679512,2446.673397,57.376901,2546.863084,75.847369,2446.526645,60.425591,2499.570253,84.996905,2474.796618,64.232472,2452.783264,91.673551,18.045250,0.500272,17.921517,0.572895,17.957213,0.596886,18.068464,0.538688,17.900966,0.689342,17.894464,0.555386,17.814271,0.446887,17.655839,0.592827,17.581550,0.465299,17.910805,0.588778,18.158481,0.538213,18.416174,0.602257,18.025908,0.682067,18.134336,0.704997,25.505448,0.981622,25.230061,0.948876,24.886916,0.703567,24.504391,0.798893,25.350630,0.976285,24.863023,0.782536,25.661583,0.757725,25.966287,0.821623,25.289039,0.784572,25.221608,0.727428,24.464244,0.743814,24.740409,0.878757,25.289084,0.673900,26.355849,0.721560,40.612999,1.160428,41.122212,1.504116,41.406421,1.215930,40.528824,1.254169,42.048398,1.146540,41.240704,1.269283,40.860641,1.338454,40.826080,1.091425,41.153596,1.072426,41.182585,1.467304,40.431930,1.772780,41.759916,1.380867,40.879935,1.185404,40.426699,1.418683
5,11,600,fatigue_profile,low_attention,low_attention,2477.751594,81.448861,2470.740415,111.432268,2537.345064,84.876751,2533.850020,55.553809,2450.620385,76.054029,2516.802780,75.163144,2439.246934,66.700492,2465.042237,72.256264,2460.025225,71.932380,2538.162743,81.387474,2431.503200,82.659363,2466.070592,91.507211,2417.920614,64.068288,2467.724022,81.567732,19.135870,0.743959,18.953906,0.667647,18.882617,0.677562,18.663970,0.632432,18.512788,0.511958,18.865804,0.522038,18.535103,0.495205,18.189076,0.538674,18.826746,0.513293,18.735083,0.554110,18.754042,0.511087,19.001984,0.588304,18.825234,0.462596,19.075450,0.574423,26.302735,0.594808,25.570380,0.719115,25.349906,0.756226,25.100976,0.519659,25.798736,0.676626,25.258053,0.747872,25.839872,0.878445,26.101003,1.093016,25.988835,0.920392,25.610133,0.937172,25.182717,0.803433,25.386417,0.878286,25.846126,0.715066,26.762641,0.713183,39.618353,1.097503,40.570951,1.412118,41.251994,1.190771,40.580687,1.308003,42.231269,1.278627,40.814725,1.182423,40.048935,1.351940,40.178354,1.374916,41.240217,1.318746,41.277609,1.267515,40.021415,1.267223,41.097044,1.171525,40.519181,1.022549,39.283285,1.192746
5,12,660,fatigue_profile,low_attention,low_attention,2485.104083,79.179525,2500.953883,86.250870,2529.245722,83.229707,2540.630093,79.833618,2485.465934,71.617210,2542.149511,73.364154,2495.810919,73.224309,2484.698202,60.799867,2462.193454,65.830627,2556.695953,67.875942,2447.200916,75.714187,2518.992146,83.328917,2486.188539,83.579868,2443.336742,66.824607,19.633720,0.604695,19.854277,0.470733,19.870324,0.665252,19.663981,0.786354,19.441706,0.498717,19.785323,0.553616,19.601162,0.506879,19.441005,0.617457,19.789470,0.459226,19.418635,0.637094,19.989918,0.659925,19.885103,0.539665,19.370732,0.591767,20.042495,0.645103,26.883076,0.936585,25.991911,0.925284,26.267086,0.662081,26.397548,0.784644,26.544650,0.696493,26.243550,0.857579,26.568988,0.770042,26.902017,0.628376,26.072681,0.878039,25.858395,0.687690,26.087568,0.763959,25.986832,0.866814,26.798505,0.935290,27.550243,0.936027,39.416602,1.480976,39.446326,1.496385,40.279828,1.277778,39.570925,1.149914,40.710293,1.216763,39.173147,1.419169,39.233769,1.091914,39.187567,1.372338,40.169253,1.789357,40.271366,1.276228,39.464550,1.176475,40.783337,1.029762,39.421552,1.351982,38.931445,1.309548
5,13,720,fatigue_profile,low_attention,low_attention,2496.781743,57.718625,2510.737590,71.950732,2511.684589,85.207541,2519.842910,77.838036,2453.306853,72.537098,2483.882770,104.726280,2451.241733,76.821182,2491.030513,98.150227,2481.671878,105.000910,2550.909765,65.323530,2443.730983,79.926520,2453.507951,78.898018,2446.445225,53.030747,2418.638961,73.816091,20.799084,0.473170,20.754248,0.756291,20.850476,0.598488,20.414058,0.537215,20.320902,0.628427,20.260401,0.629270,20.498178,0.843030,20.089433,0.664950,20.129896,0.820604,20.444081,0.589550,20.726989,0.569214,20.676248,0.655353,20.741018,0.747067,20.796939,0.809282,27.686193,0.836140,26.839254,0.939673,27.092909,0.744739,26.772945,0.657906,26.616326,0.820918,26.874995,1.100921,27.026561,0.772647,27.563536,0.845228,26.843164,0.965211,26.891178,0.824896,26.439282,0.691364,26.435115,0.876052,27.534782,0.845872,28.314278,0.922878,38.602220,1.019179,39.678542,1.350448,39.895384,1.246797,40.072197,1.250016,40.829608,1.120504,39.950065,1.314670,38.922121,1.299240,39.586128,1.941541,39.099334,1.332305,40.204240,1.064301,39.166256,1.210579,40.303459,1.071565,39.773049,1.313073,38.633526,1.398504
5,14,780,fatigue_profile,low_attention,low_attention,2459.078737,87.417055,2511.775972,90.054438,2477.411528,104.718988,2524.577013,73.223869,2439.169332,77.317508,2548.371637,66.953112,2493.823200,92.860972,2487.084067,71.404049,2457.182796,71.730798,2539.191487,86.813179,2478.232803,80.908876,2487.662126,67.894460,2455.103595,65.874769,2431.657979,88.308806,21.375180,0.769689,21.008538,0.677232,21.340760,0.715172,21.159077,0.606734,20.997344,0.769573,21.318731,0.869336,21.033034,0.540860,20.806553,0.581558,21.357864,0.583126,21.058595,0.562149,21.821323,0.651984,21.748807,0.731661,21.514055,0.687260,21.643611,0.699686,27.673384,0.868545,27.158438,0.709880,27.255736,0.958267,26.951088,0.952676,27.404919,0.981916,27.142390,0.788591,27.650546,1.068841,27.881890,0.975419,27.305079,0.995563,27.137773,1.059037,26.470706,0.691038,26.982688,0.802434,27.606489,0.948551,28.493394,1.165805,39.020938,0.970323,39.644083,1.441587,40.026645,1.199362,39.918751,0.780726,40.537828,1.338904,39.528885,1.226440,38.764697,1.162920,39.452549,1.093667,39.819838,1.322434,40.057638,1.294842,39.555224,1.109975,40.720746,1.213279,39.805066,1.478893,39.171101,1.297273
5,15,840,fatigue_profile,low_attention,low_attention,2466.773991,77.516146,2459.431691,84.036277,2473.914170,111.501484,2546.026770,75.081224,2448.615120,64.311272,2502.429114,82.197600,2471.897864,56.913920,2453.820643,66.523458,2434.288848,89.039719,2533.937382,95.912708,2414.462016,78.875849,2443.555911,56.642383,2465.737403,93.825225,2444.019015,91.737316,21.786496,0.817982,21.621582,0.806077,21.825590,0.734781,21.933999,0.655922,21.574492,0.643543,21.767353,0.624935,21.434094,0.919569,21.349587,0.764187,21.526000,0.707539,21.762231,0.711423,21.633733,0.874245,22.176273,0.839647,21.928993,0.520428,22.389244,0.825252,28.295520,0.948540,27.758540,0.769922,27.256920,1.124799,27.278255,1.110309,27.599477,0.896433,27.469731,0.724979,28.157899,0.812694,28.622691,0.670216,27.964101,0.661485,27.925595,1.090330,27.307249,0.820544,26.857691,0.771354,27.932256,0.804825,28.994207,0.994189,38.994747,1.359209,39.193718,1.197407,40.372401,1.305930,39.833000,1.148428,41.228340,1.484432,38.997356,1.010469,39.097451,1.369868,39.364852,1.377709,39.240459,1.251066,39.957167,0.836881,39.206925,1.061653,40.545114,1.661996,39.283212,1.398315,39.101497,1.267430
5,16,900,fatigue_profile,low_attention,low_attention,2464.587393,77.058836,2465.863721,102.134744,2451.972125,81.702662,2505.928374,71.298910,2383.225009,115.121141,2477.726417,73.507445,2421.011005,80.372093,2418.506432,82.988320,2469.437219,45.849604,2529.989949,91.215609,2439.259762,76.410875,2434.838685,93.678252,2420.011552,74.007662,2436.027577,81.447281,22.385391,0.791937,22.261390,0.775326,21.789448,0.737269,22.108755,0.613233,22.036805,0.706111,21.851258,0.754006,22.117631,0.585979,21.864887,0.859334,21.859828,0.660195,21.976790,0.698318,22.288268,0.591547,22.342338,0.912971,22.120220,0.819895,22.456287,0.741525,28.421912,0.956469,27.694280,1.076704,27.905969,0.701783,27.407327,0.910255,28.174964,1.130753,27.977378,0.973305,28.664544,0.902238,28.634673,0.747663,27.639746,0.869510,28.184404,1.208399,27.526733,0.710631,27.602248,0.958554,28.576909,1.056041,29.603495,0.723231,39.305818,1.359576,40.005994,1.176418,40.088646,1.106056,39.947180,1.194074,40.870371,1.416177,39.977090,1.212320,39.850016,1.183149,39.811796,1.009109,39.081131,1.300578,40.536713,0.888684,39.314594,1.575164,40.650664,1.382766,39.951966,1.180361,39.091376,1.168930
5,17,960,fatigue_profile,low_attention,low_attention,2436.044613,67.573751,2450.170629,95.579299,2441.907702,75.276161,2475.858777,79.607785,2414.897906,89.683133,2478.556344,93.005771,2388.151393,69.639261,2410.876875,61.586800,2434.696496,57.897274,2498.056688,107.786396,2404.392680,78.899276,2428.878845,71.767040,2388.009305,63.795318,2380.811671,94.967641,22.800624,0.882427,22.569107,0.717167,22.840021,0.731175,22.857058,0.834627,22.235441,0.624228,22.574552,0.694590,22.459005,0.818757,22.145217,0.494704,22.216244,0.748515,22.038075,0.510289,22.706341,0.635939,22.836518,0.992291,22.802212,0.749967,22.891492,0.829197,28.926691,0.921101,28.506811,0.831046,28.428761,0.928613,28.123509,0.986475,28.961678,0.756559,28.304326,0.775283,28.704830,1.044907,29.721948,1.107685,28.648273,0.713869,28.754405,0.433018,28.138379,0.929505,27.952988,0.965065,28.315769,0.867507,29.623280,0.990935,39.001336,1.522796,39.105612,0.790026,40.096849,1.306697,39.288761,1.048826,40.797805,1.226111,39.445554,0.891713,39.165904,1.218078,39.347710,1.192711,39.014946,1.057342,40.396915,1.256881,38.851081,1.413136,40.382352,1.417405,39.574593,1.019860,38.514879,1.258484
5,18,1020,fatigue_profile,low_attention,low_attention,2463.959514,71.745084,2461.717997,71.916971,2463.323978,79.816009,2544.054689,76.262531,2399.308103,66.298098,2484.933288,85.980584,2441.348311,80.648486,2427.479066,81.435999,2413.217385,67.009631,2515.385273,107.185031,2423.681807,77.120107,2438.829886,70.439373,2406.861750,62.996198,2421.967848,79.904932,23.881016,0.948243,23.754500,0.853484,23.739199,0.633140,23.709732,0.755928,23.488715,0.806584,23.680668,0.682731,23.901204,0.630272,23.145538,0.824297,23.484400,0.693553,23.104095,0.589347,23.808590,0.819752,24.011661,0.736117,23.821332,0.615850,24.261488,0.751808,29.334659,0.938201,28.580661,1.062079,28.527779,1.010297,28.395720,0.875771,29.064924,1.000810,28.035412,1.012586,29.022707,0.901213,29.588908,1.089495,29.006727,1.041917,28.589717,1.152840,28.054019,0.962237,28.224776,0.918578,28.896660,1.004044,29.839245,1.379730,37.987395,1.153817,37.989705,1.338369,39.132821,1.332153,38.572894,1.081446,39.621843,1.580175,38.207301,1.120397,38.020193,1.018079,38.476344,0.868324,38.480307,1.039315,38.797500,1.267679,37.825472,1.232670,39.225832,1.622383,38.474474,1.151528,38.746122,1.517031
5,19,1080,fatigue_profile,low_attention,low_attention,2450.057612,60.616455,2458.570549,83.317248,2472.743685,81.154951,2492.819297,88.164950,2400.372376,92.396995,2548.418531,90.037045,2399.798771,71.996825,2436.774268,80.462133,2401.717471,77.482101,2518.380133,89.849963,2408.057338,72.533170,2435.886468,70.693573,2441.320463,79.020819,2426.271797,64.084429,25.539845,0.778990,25.204794,0.723902,24.982505,0.950279,25.130942,0.650824,24.825366,0.918903,25.031779,0.670863,25.226972,0.778807,24.694917,0.864650,24.919617,0.836112,24.980572,0.848722,25.111184,0.668595,25.738614,0.833944,25.242425,0.918422,25.533592,0.834824,29.213907,0.697382,28.989881,1.040802,29.414340,0.796272,28.539892,0.907387,29.001296,0.880663,28.599026,0.744467,29.572700,1.003530,29.939651,0.993786,28.861147,0.744735,29.040928,0.988452,28.527330,0.703452,28.635887,1.079836,29.405412,0.801819,30.391293,0.997387,37.790232,0.734736,38.068493,1.044316,38.817284,1.440812,37.882373,0.931427,38.878464,1.339912,37.871466,1.108520,37.900009,1.123570,37.989710,1.450008,38.094305,1.427671,39.207654,1.169108,38.121055,1.186681,38.979651,0.946501,38.671614,1.102483,38.232678,1.528434
5,20,1140,fatigue_profile,low_attention,low_attention,2446.937916,57.882903,2443.373095,65.649964,2487.787004,105.322396,2473.993815,94.496870,2458.207646,73.540746,2485.473429,61.577744,2400.314585,93.378868,2443.828039,50.049864,2398.278763,58.713413,2509.603185,74.472043,2405.282227,86.664544,2448.989450,93.917765,2389.392763,83.982750,2409.779072,80.307041,26.899229,0.955609,26.912770,0.930598,27.069499,0.902556,26.977746,0.754645,26.544586,0.880597,26.736146,0.782492,26.831434,0.782291,26.269812,0.732950,26.392774,0.648568,26.620098,0.825173,26.954550,0.753568,26.974467,0.782069,26.661347,0.784146,27.184015,1.142113,29.642289,0.745936,29.143554,1.001693,29.423456,1.005345,28.632539,0.690315,29.481298,0.713335,28.997676,0.979674,29.694251,0.955899,30.254829,0.772370,29.962722,0.975221,29.009822,1.047770,29.007097,0.765274,28.837124,0.960012,29.722932,0.789196,30.438798,1.190100,36.526486,1.013661,37.660561,1.427556,37.228033,1.246137,37.049581,0.997362,38.252213,1.000863,37.244276,0.924624,37.015030,1.370587,37.303921,1.294667,37.433377,1.216471,37.546093,0.995735,36.505339,1.179958,37.319523,1.220876,37.593337,1.064714,37.119732,1.322222
5,21,1200,fatigue_profile,low_attention,low_attention,2403.527184,87.450061,2453.228311,60.731951,2475.359928,85.875977,2513.428400,66.799340,2395.679411,84.288627,2477.757022,67.111906,2396.759742,58.970264,2410.872158,113.790942,2393.864831,98.706130,2482.218324,78.844113,2437.603744,71.031140,2422.870671,85.939517,2420.803889,96.186785,2418.317986,79.557020,28.673367,0.873862,28.600661,1.011782,28.651553,0.928183,28.626207,0.790052,28.969778,0.893124,28.487549,0.646945,28.557391,0.818349,28.310348,0.916406,28.370197,0.858437,28.603614,1.060005,28.666966,0.827838,28.986520,0.829183,29.045988,0.822545,29.484752,1.130498,29.674040,1.150729,29.561153,0.922685,29.264998,0.942172,29.442699,0.946363,30.017919,1.038602,29.562610,1.008568,30.020350,1.054192,30.561122,1.011083,29.834492,0.997869,29.846953,0.930281,29.011748,0.874889,28.986069,1.030227,30.171153,0.904522,31.063992,1.153961,36.555436,0.843212,36.514268,1.416553,36.768574,1.071872,36.590851,1.375095,37.393903,1.368291,36.654877,1.152796,37.110808,1.071877,37.283384,1.203353,37.028863,1.202826,37.447963,0.999522,36.594588,1.022601,37.326146,0.950920,36.838440,1.015815,36.400152,1.052072
5,22,1260,fatigue_profile,low_attention,low_attention,2430.508627,85.956070,2444.146803,77.166394,2456.095840,73.246168,2526.195978,72.054679,2395.273174,68.610799,2480.136838,63.497860,2385.116901,89.282842,2415.948449,79.076703,2428.486361,65.945418,2474.783240,95.523412,2413.053837,93.130045,2441.933766,88.016771,2383.051135,84.467753,2398.744345,87.926724,30.392318,0.707602,31.442764,0.671657,31.267480,0.898151,30.715963,1.165554,30.436063,1.033466,30.669214,1.003567,30.522873,1.088549,29.976115,0.928355,30.087569,0.894568,30.261731,1.122241,30.771001,0.992270,31.122334,1.114222,31.000551,1.236446,31.182850,0.884400,29.937398,0.691378,29.456626,0.596846,29.447068,0.812099,29.344705,1.061980,29.865883,0.999131,29.886787,0.986900,29.833064,0.940144,30.736641,0.774275,30.042811,0.842973,29.532805,0.825702,29.387355,0.834376,29.426098,0.915004,30.218691,1.040613,31.049133,0.917066,35.648629,1.095582,35.799451,1.040729,35.972813,1.022545,35.560473,1.310716,36.704361,1.306677,35.621142,1.051395,35.883206,1.647161,36.378601,1.078194,36.222338,1.091230,36.061457,0.883891,35.028566,1.378043,36.877148,1.147256,36.599020,1.098331,36.345474,1.236344
5,23,1320,fatigue_profile,low_attention,low_attention,2455.088320,70.802076,2459.193412,120.569453,2474.696100,62.594312,2512.860788,68.949434,2389.986333,75.402824,2461.205284,86.425830,2376.290679,62.339391,2390.246455,94.852021,2410.543476,63.340562,2479.691127,75.794972,2412.101679,76.328239,2469.828224,83.299153,2400.893020,57.065225,2433.591420,94.091164,32.804329,1.131959,33.028325,0.822243,33.331913,0.981567,33.480291,0.896239,32.662254,1.072598,32.304591,1.119297,32.654170,1.044446,32.484704,1.037719,32.424162,1.049927,32.454812,0.923615,33.161972,0.655676,33.094665,1.146329,32.883427,0.890901,33.604857,0.841052,30.439439,0.935718,29.475262,1.003233,29.424189,0.890586,29.198958,0.570436,29.594242,1.008111,29.081711,0.834515,30.117613,1.058621,30.850181,1.030300,30.048223,0.865797,29.723962,0.911374,29.805904,1.268057,29.109565,0.776502,29.819023,0.984674,31.009233,1.199640,34.420389,1.118477,35.030823,1.226300,35.373646,1.105565,35.091320,1.123416,35.706557,1.165439,35.006138,1.303455,35.135032,1.087187,35.427229,0.991419,34.852651,1.393216,35.937082,0.908880,34.517233,1.062041,35.836906,1.077467,35.454068,1.315866,35.144846,1.047725
5,24,1380,fatigue_profile,drowsy,drowsy,2428.873915,78.319053,2460.797074,79.404707,2449.664857,53.433993,2518.701614,73.249833,2413.000787,51.211060,2479.097493,86.938772,2424.068681,78.715609,2401.186111,76.749205,2423.573947,78.897561,2437.617264,82.378716,2374.911546,66.268057,2462.740393,101.466672,2407.434046,71.844665,2417.956895,77.523567,35.030108,0.952896,34.922714,1.736040,35.321469,1.023703,35.039998,1.345295,34.910910,1.428218,34.675598,1.270184,34.887795,1.346319,34.914573,1.147127,34.530434,0.971067,34.456171,1.020819,35.176939,0.776319,35.012498,1.040412,35.074745,1.086424,35.527876,0.804944,30.759115,0.886372,30.180746,0.779117,29.971021,0.812446,29.710990,0.900395,30.144181,1.024537,29.934188,1.162552,30.182098,0.939917,31.420580,0.900545,30.756818,0.737088,29.777798,1.095314,30.434748,1.188259,29.750288,0.983466,30.450900,0.910702,31.342113,0.889683,33.847471,1.023937,34.365171,0.899824,34.521081,1.454895,34.459483,1.234242,34.986741,1.104679,34.784120,1.443515,34.150624,0.911703,34.268339,0.828475,34.310928,0.928512,34.347276,0.770792,33.979303,1.066892,34.159872,0.872286,34.263674,0.828959,34.002263,1.122047
5,25,1440,fatigue_profile,drowsy,drowsy,2396.598885,67.791459,2479.118741,66.553854,2485.073890,91.441652,2500.597894,79.731807,2402.872557,57.872029,2470.326474,81.492520,2376.049577,94.665906,2397.110756,81.909101,2417.619597,59.999907,2523.106457,77.499289,2395.138302,56.782517,2407.348105,69.218863,2415.706594,77.258408,2421.720130,69.558077,36.728826,1.135873,36.110616,1.167679,36.585454,0.997913,36.862049,1.495768,36.184977,0.894897,36.507739,1.064293,36.636222,1.001577,35.984933,1.186662,36.503262,1.278408,36.314613,1.214774,36.619138,1.146606,36.934920,1.233430,37.626574,1.181451,37.022262,1.026735,30.670910,0.984236,29.601350,0.823845,29.926349,0.827416,29.579119,0.942832,30.231832,0.993851,29.757015,0.858596,30.791897,0.761444,30.732017,1.074027,30.121462,1.132819,29.943493,0.927398,29.606707,0.860009,29.642114,1.244405,30.363736,0.790530,31.376733,0.852521,33.106597,1.151402,33.293719,1.086174,33.620702,1.220094,34.063054,1.022876,34.438643,1.004304,33.805475,1.062689,33.840645,1.758544,33.774174,1.253005,34.037140,1.172501,33.899480,1.145578,33.180804,0.962576,34.183625,1.112913,34.022944,1.226415,33.489512,0.733824
5,26,1500,fatigue_profile,drowsy,drowsy,2401.298942,95.121438,2449.051478,65.990139,2465.048095,74.676713,2471.607987,100.235742,2362.057949,61.655911,2459.335797,85.318451,2384.350815,87.687492,2395.148645,83.191451,2371.268941,63.672974,2480.411913,74.267237,2399.255996,84.026314,2431.241656,54.271431,2398.141820,112.000883,2397.495094,48.885991,38.757335,1.411479,38.287125,1.247354,38.713185,1.535058,38.618868,1.353566,38.136800,1.162904,38.308645,1.175181,37.619029,1.324620,38.210867,1.338658,38.137862,0.888120,38.010901,1.155650,38.896169,1.213369,38.833177,1.294508,38.822662,0.977938,38.536602,1.097967,31.151767,0.797937,30.113531,0.905661,29.893458,0.925610,29.656868,0.902809,30.420044,1.034927,29.822509,1.155331,30.621502,1.090226,31.018877,0.622703,30.213224,1.159550,30.062204,0.882301,30.108726,0.771280,29.438723,0.627717,30.817041,0.955105,31.476383,1.086713,32.203386,0.957572,32.372964,1.184136,32.978325,1.076925,33.037983,1.264357,33.709362,1.133913,33.070876,0.985134,32.728926,1.113218,33.368590,1.059426,32.936888,1.401077,33.375634,0.998754,32.580469,1.024200,33.183052,0.821553,33.238583,1.247318,32.622272,1.223641
5,27,1560,fatigue_profile,drowsy,drowsy,2403.049582,59.155516,2448.052934,65.604154,2421.868246,57.956078,2510.561257,59.153698,2388.262524,66.255503,2496.746097,87.858652,2390.253161,76.983107,2467.997124,85.002083,2386.376537,79.571503,2490.012312,76.514281,2364.725438,65.573509,2441.449043,64.709064,2407.298393,100.865661,2368.373753,89.538605,39.848054,1.400255,40.076149,1.297141,39.827684,0.939742,40.246429,1.311381,39.861927,1.303884,39.729387,1.470922,39.562329,1.259459,38.878303,1.097074,39.158151,1.567530,39.211441,1.391084,39.907115,0.892145,40.339242,1.360985,40.025216,1.468468,40.718897,1.322705,30.785668,1.353870,29.935526,0.926546,30.313569,0.815436,29.710213,0.788163,30.716590,1.179896,29.984943,0.827254,30.856553,1.132385,31.132339,0.997108,31.093369,1.101363,30.109152,0.876867,30.098427,0.850814,30.081771,0.685601,30.903131,0.930976,32.364009,0.967354,32.537828,0.834026,32.490245,0.938358,33.169317,0.896205,32.273226,0.959553,33.215663,0.905855,32.798190,0.980694,32.765322,1.140284,32.920310,1.084942,32.855476,0.836399,33.662956,1.296574,32.640226,0.982746,33.564493,0.906784,32.959755,1.117087,32.695398,1.099901
5,28,1620,fatigue_profile,drowsy,drowsy,2442.139985,91.159285,2464.168314,86.018470,2448.990452,95.069930,2473.256548,74.361392,2421.688759,67.780164,2489.247536,70.852396,2389.262685,65.638513,2428.534110,60.335444,2416.683214,85.352673,2482.085371,86.059564,2380.659606,51.779657,2413.032958,102.672345,2440.521036,82.045754,2379.704359,75.307629,40.456102,0.990205,41.016204,1.682914,41.073209,1.407229,40.755411,1.265081,40.073082,1.248416,40.655323,1.442999,40.309855,1.403889,39.738115,0.942146,40.209247,1.154467,40.180842,1.259651,41.022837,1.543523,40.968031,1.773442,41.125126,1.162016,41.536179,0.965275,30.583780,0.929722,29.932171,0.834151,30.567112,0.889823,29.718026,0.948776,30.419442,1.275363,29.850993,0.823173,30.978242,1.086427,31.863962,0.822294,30.608997,0.822310,30.187613,1.133732,29.880693,1.292365,30.150207,0.960180,31.097940,1.266794,31.774009,0.989749,31.931180,0.820723,32.446174,1.085290,33.008772,1.013093,32.207753,0.887680,33.298929,1.061853,32.563321,1.095073,32.326745,1.316472,32.082375,0.894360,32.098434,1.368646,32.348140,0.850909,31.637113,0.856638,33.086766,0.957972,32.526083,1.195209,32.220006,1.070155
5,29,1680,fatigue_profile,drowsy,drowsy,2410.073847,70.858582,2400.475432,86.789874,2442.410250,88.039538,2503.235463,68.204312,2354.982449,43.254024,2464.540248,91.496702,2379.434620,84.311279,2421.529566,67.997200,2370.101016,75.035622,2468.815516,74.160899,2369.743389,71.777101,2417.153502,68.355270,2364.030964,81.338276,2378.788163,66.385878,41.153355,0.989560,41.182464,1.362418,41.290025,1.245445,41.186618,1.374393,40.447643,1.199516,40.919761,1.306619,41.025031,1.264485,40.163203,0.998662,40.825003,1.421635,40.700700,1.263947,41.476679,1.216117,41.938458,1.129996,41.386089,1.365651,41.914219,1.553614,30.763178,0.865150,30.258319,0.966679,30.174413,0.881441,29.614991,0.836869,30.470109,0.926059,30.019691,1.042471,30.788958,0.985715,31.264713,1.368756,30.726304,0.835786,29.912325,0.871153,30.102910,1.162178,30.104277,0.880362,30.963300,0.892877,31.817436,1.104866,31.757678,1.052904,32.575715,1.105363,32.805367,1.041608,31.943479,1.115568,33.847077,1.070156,32.235804,1.007312,32.477777,0.736424,32.360868,0.898116,32.454947,1.086616,33.180462,1.089755,32.311074,1.120340,32.941285,1.008582,32.207821,0.990202,32.780416,1.087389
5,30,1740,fatigue_profile,drowsy,drowsy,2462.432074,65.048583,2467.991220,55.797891,2471.577614,74.507773,2501.263527,89.427913,2424.651710,66.164421,2500.758001,67.395982,2378.980064,82.951287,2452.514822,54.055524,2447.977206,95.323844,2518.470680,62.989595,2445.504818,90.304040,2470.615492,76.236399,2446.192068,70.878851,2418.053405,92.028753,41.786773,1.548472,41.661194,1.142216,42.455025,1.193533,41.522875,0.978525,41.647394,1.160898,41.807968,0.967365,41.172472,1.642939,40.503183,1.354962,41.569652,1.011839,41.251565,1.336927,42.199012,1.454439,42.144816,1.320117,41.814534,1.001759,41.837437,1.394690,30.862494,0.966001,30.301583,0.873546,30.950245,0.935740,29.915395,0.761490,30.609145,0.975298,30.236989,0.913175,31.048627,1.123108,31.641484,0.972714,30.698836,0.764101,30.491558,1.131244,30.335524,1.180268,30.144240,1.146158,30.840360,1.021139,32.255250,0.932914,31.775391,0.814249,32.407505,1.048071,33.057330,0.931461,32.055031,0.689018,33.624828,0.868496,32.236477,0.943059,32.416848,0.830012,32.549604,0.823681,32.290793,1.423191,33.174162,0.770863,32.203820,0.933312,32.913712,0.819409,32.398895,0.520825,32.832561,0.960457
6,1,0,moderate_profile,high_attention,high_attention,2445.217220,81.376648,2467.580596,87.252418,2454.327528,82.542875,2520.510684,63.726028,2502.473089,75.190311,2425.728085,119.289136,2425.467319,91.064904,2544.881291,98.078258,2505.528521,96.935795,2398.765642,96.159137,2422.796938,77.439832,2476.132007,69.624134,2385.179363,83.729429,2455.081206,108.128704,8.762520,0.364192,8.821135,0.293391,8.854337,0.320113,8.829195,0.372716,8.484275,0.309510,8.716346,0.321695,8.822645,0.295983,8.588552,0.424897,8.674593,0.333974,8.821350,0.344779,8.731043,0.282218,8.497585,0.318753,8.767332,0.303577,8.666095,0.360798,14.912807,0.517304,15.122408,0.540456,14.907451,0.655605,15.191765,0.610620,14.925092,0.592535,14.396957,0.626866,14.661302,0.518010,14.665875,0.593400,15.089767,0.539911,14.956166,0.500379,15.018638,0.741126,15.119250,0.544444,15.062968,0.656943,15.061079,0.673337,41.963746,1.230738,42.903256,1.604342,43.617013,1.755422,43.364982,1.783808,45.889105,1.724805,43.858794,1.673206,42.659317,1.726725,43.172723,1.329916,43.568292,1.582529,43.002080,1.679715,44.677268,1.750083,42.675559,1.223638,44.572566,2.127109,44.034891,1.672825
6,2,60,moderate_profile,high_attention,high_attention,2492.909154,120.631364,2475.339117,88.635584,2487.089449,131.112156,2551.514508,81.228983,2460.825756,85.471028,2484.374210,64.925610,2472.652875,91.072893,2600.542360,103.924736,2528.877910,122.316567,2442.014716,89.999666,2468.153212,80.632881,2552.753926,83.038805,2425.243812,87.024277,2530.039436,100.931868,8.731517,0.287807,8.946115,0.422159,8.827157,0.385771,8.848239,0.270261,8.651084,0.282808,8.809937,0.308010,8.984180,0.294569,8.612922,0.260699,8.564565,0.230300,8.938801,0.289226,9.042649,0.409184,8.509642,0.246242,8.919268,0.345374,8.915634,0.369206,14.988860,0.496784,15.502015,0.486923,15.114818,0.481252,15.214407,0.556392,14.977304,0.456517,14.332053,0.537363,14.561788,0.533808,14.779543,0.411558,14.974899,0.445431,14.791794,0.560039,14.812830,0.599352,14.863027,0.576760,15.028137,0.554195,15.045881,0.383621,43.462045,1.872245,42.968825,1.324651,44.713401,1.757526,44.063090,1.161104,45.972667,1.841703,43.633188,1.330789,44.026392,1.542817,43.731876,1.351422,43.414584,1.630675,43.863976,1.560837,43.190535,1.592235,42.208806,1.759723,44.242057,1.542451,44.148338,1.658818
6,3,120,moderate_profile,high_attention,high_attention,2428.129756,102.794764,2443.425553,79.678443,2492.484029,98.058230,2555.709033,100.030843,2418.156939,110.542861,2455.943236,72.221180,2462.341768,95.691130,2538.326125,99.194557,2512.983768,117.894497,2418.947694,78.663174,2441.948050,91.242278,2519.301728,88.471480,2498.682459,76.913089,2499.099845,108.957710,8.747108,0.215001,8.776684,0.348315,8.766484,0.319655,8.680636,0.337370,8.683022,0.328252,8.720509,0.354745,8.864475,0.351262,8.552072,0.328528,8.736472,0.284881,8.754920,0.384265,8.938665,0.323265,8.604198,0.300157,8.953723,0.410892,8.734268,0.339467,14.585200,0.453705,15.408542,0.600622,14.956796,0.520615,14.921779,0.365511,15.004454,0.514056,14.169707,0.383501,14.944094,0.574140,14.783782,0.470710,14.862823,0.556932,15.270632,0.537612,14.969869,0.582317,14.813137,0.610722,15.073488,0.443986,15.362343,0.400709,43.235542,1.678557,42.769954,1.310735,43.916147,1.783855,43.949515,2.400097,45.556827,2.031552,43.790103,1.029106,43.726211,1.499998,44.244045,1.907259,43.911212,1.986803,42.805845,2.037116,44.949963,2.000221,42.594714,1.333824,44.141147,1.561880,45.257268,1.617285
6,4,180,moderate_profile,high_attention,high_attention,2442.603808,92.611192,2465.275641,95.682895,2490.395965,88.263939,2483.172684,100.710874,2413.709305,73.772482,2440.924526,106.435577,2476.207103,100.734163,2532.545880,96.868815,2518.177963,74.404834,2455.028579,104.846943,2456.270242,62.934966,2555.696683,84.313057,2429.128351,101.448969,2510.565450,83.014811,8.540373,0.258554,8.714676,0.371546,8.966677,0.264320,8.668818,0.293524,8.808590,0.349395,8.673466,0.383838,8.890544,0.362573,8.553778,0.341784,8.747689,0.338278,8.719340,0.307702,8.837746,0.342844,8.573398,0.421088,8.931330,0.252503,8.701889,0.361187,15.046475,0.514485,15.488803,0.405138,15.249524,0.655336,15.157060,0.692094,15.050044,0.542315,14.601508,0.475939,14.714239,0.419608,14.589977,0.601201,15.237179,0.524311,15.250094,0.558348,14.760676,0.510442,14.764404,0.592603,15.325845,0.644047,15.348395,0.531897,43.570387,1.690668,42.769694,1.343788,43.831800,1.497807,43.596946,1.700746,45.137593,1.182749,43.411118,1.664181,44.075380,1.632232,42.957007,1.520899,43.785799,1.524397,43.224459,1.719112,44.853606,1.698380,43.065887,1.660563,44.283461,1.588055,44.426322,1.828997
6,5,240,moderate_profile,high_attention,high_attention,2456.621205,87.207134,2468.522342,90.238868,2460.250964,64.763409,2541.123129,100.116445,2489.170839,82.131313,2415.810679,99.882242,2480.967892,130.448365,2543.599491,120.730218,2467.888234,84.466451,2477.142732,85.173931,2432.245023,80.679749,2491.724264,88.214653,2466.935984,106.039738,2452.537958,116.826830,8.606865,0.254479,8.686973,0.346650,8.811479,0.245724,8.624754,0.379839,8.679808,0.315926,8.671823,0.305012,8.766122,0.217452,8.466243,0.239801,8.610335,0.309737,8.795446,0.321425,8.859306,0.398643,8.406865,0.266505,8.769586,0.305936,8.705621,0.199118,14.988589,0.456043,15.288562,0.586856,15.182049,0.606179,15.201566,0.509385,15.211994,0.472707,14.462379,0.487232,14.757498,0.451960,14.946143,0.585918,15.233172,0.638143,15.076238,0.330927,15.076162,0.510822,15.024451,0.510831,15.128343,0.620871,15.502248,0.517594,42.859737,1.670947,42.721606,1.638761,43.942276,1.483321,43.970998,1.479996,45.877662,1.940154,44.683324,1.640441,44.012786,1.774116,42.813517,2.084858,43.743053,1.417864,43.822560,1.543669,44.430969,1.828192,43.378438,1.380377,44.833001,1.813094,44.259408,1.356655
6,6,300,moderate_profile,high_attention,high_attention,2412.917850,60.124372,2457.993919,94.858185,2516.192851,77.284016,2538.096191,82.825209,2427.924798,74.693629,2460.520666,77.007465,2460.812404,72.958510,2583.292055,100.179292,2478.589605,93.338172,2437.271097,77.944535,2425.733059,96.209549,2492.953795,101.649032,2437.959736,84.612762,2469.329792,85.429229,8.663525,0.319908,8.802791,0.346313,8.871559,0.291933,8.596060,0.348602,8.606332,0.352610,8.782068,0.340940,8.756806,0.284901,8.594230,0.363062,8.686034,0.244035,8.837418,0.328252,8.974603,0.329129,8.591618,0.338196,9.012618,0.264451,8.706421,0.323471,14.958773,0.584580,15.517347,0.704563,15.020727,0.771168,15.246600,0.458413,15.256278,0.496099,14.734917,0.440503,14.861475,0.578848,14.721361,0.747342,15.478784,0.548298,15.014197,0.692558,15.024288,0.608616,15.335962,0.588028,15.312829,0.546905,15.404598,0.558025,43.221932,1.454050,42.194174,1.225891,43.308399,1.327025,44.534045,1.080459,45.502512,1.251732,44.208716,1.881253,43.156955,1.362684,43.621538,1.531651,44.186937,1.422440,43.330108,2.149653,44.589428,1.662579,42.295833,1.664437,44.280313,1.792213,43.431411,1.439692
6,7,360,moderate_profile,high_attention,high_attention,2426.058097,83.089354,2473.231481,84.852472,2503.805978,100.679248,2524.804333,86.178852,2511.045761,100.537822,2472.766326,91.318358,2486.031222,93.904328,2538.680847,52.582402,2567.543255,80.896785,2451.097449,89.587786,2436.524503,82.270217,2555.271701,100.877253,2442.807456,90.033513,2521.892392,86.537583,8.654605,0.366915,8.901146,0.415165,9.044781,0.316266,8.809976,0.274652,8.797053,0.375482,8.804600,0.280628,9.103298,0.404448,8.695219,0.368225,8.791201,0.265780,8.826254,0.411274,8.959879,0.219420,8.486251,0.330558,9.017076,0.291150,8.867402,0.286397,15.289234,0.571083,15.738375,0.448321,15.409177,0.606057,15.308440,0.451463,15.458318,0.583564,14.725504,0.520836,14.967605,0.503736,15.290258,0.586331,15.550608,0.527059,15.398608,0.742098,15.268368,0.426112,15.154394,0.507687,15.395728,0.402291,15.653656,0.618268,43.423531,1.364632,42.425931,1.511765,43.133290,1.761998,44.402938,1.305806,44.987687,1.237588,43.456296,1.831278,43.205964,1.552904,43.072012,1.273151,43.348132,1.996225,43.380663,1.818302,44.862569,1.473398,42.703262,1.362192,44.267612,1.341933,44.083940,2.015471
6,8,420,moderate_profile,high_attention,high_attention,2426.286107,97.726723,2462.011686,74.094613,2542.062379,85.828062,2594.340068,88.893267,2445.277054,96.870850,2479.340124,79.901845,2452.229933,76.512760,2560.833466,80.610055,2571.004539,90.512593,2437.719656,70.642469,2451.006940,62.092334,2513.282396,91.324840,2474.142129,94.943908,2508.789915,94.335028,8.899683,0.305639,9.152352,0.317108,9.004747,0.327372,8.826156,0.217205,8.874540,0.238603,9.000736,0.332909,9.142466,0.287569,8.923293,0.302961,8.802849,0.243676,9.119733,0.364738,9.000145,0.320743,8.809616,0.252303,9.069722,0.400735,8.929946,0.231272,15.330307,0.563996,15.812329,0.682812,16.113884,0.815935,15.886332,0.779430,15.874126,0.703546,14.800373,0.478095,15.382079,0.379721,15.389812,0.472431,15.654126,0.583580,15.576594,0.771397,15.410255,0.520435,15.754835,0.587322,15.696719,0.477046,15.984671,0.639620,43.095167,1.340458,42.903360,1.242637,43.330757,1.153263,44.430476,1.812477,44.853033,1.725376,43.892539,1.829470,43.434076,1.429525,42.792053,1.869627,43.135059,1.612825,44.129364,0.982183,44.921436,1.398331,41.907227,1.269317,44.643320,1.616492,44.110471,1.352815
6,9,480,moderate_profile,high_attention,high_attention,2451.827589,84.312025,2516.135994,84.540223,2495.704769,69.302230,2560.052050,97.390620,2486.380578,72.769657,2473.397903,69.820442,2499.420833,78.046017,2557.114991,86.233257,2538.724010,75.436225,2499.676104,114.634405,2437.476117,71.532702,2550.076611,83.098425,2481.805754,80.226388,2530.206816,88.977798,9.273683,0.413312,9.401421,0.420195,9.467392,0.364705,9.188401,0.391290,9.159627,0.366198,9.535767,0.345365,9.391664,0.322610,9.200686,0.405612,9.139533,0.304578,9.476553,0.311474,9.544670,0.372678,9.122994,0.443565,9.496292,0.386873,9.195189,0.301550,15.640222,0.625435,16.510858,0.499839,16.432732,0.649053,16.344488,0.567934,16.248255,0.577229,15.200456,0.441372,15.489228,0.686477,15.959698,0.465493,15.997897,0.517240,16.481382,0.696842,15.955673,0.462014,15.995182,0.587771,16.021593,0.594587,16.443412,0.680547,42.145291,1.525528,42.210858,1.869252,43.421918,1.965581,43.350405,1.712126,44.493589,1.793016,43.380125,1.748170,42.670278,1.220963,42.458716,1.478305,42.458371,1.461774,43.064628,1.390049,44.075430,1.372145,41.196043,2.301880,43.279609,1.848953,43.195747,1.519380
6,10,540,moderate_profile,medium_attention,medium_attention,2467.909706,99.687641,2504.788830,96.951754,2511.047223,83.501621,2601.983953,104.994381,2447.197301,124.458313,2466.318899,103.782740,2496.385361,73.848515,2581.694706,64.613884,2517.400484,77.804642,2488.853069,95.734819,2436.114745,99.978646,2555.698122,127.136067,2469.485991,101.002805,2458.232387,128.627061,9.704182,0.329321,9.977342,0.333681,9.962642,0.389699,9.767385,0.340910,9.774458,0.410627,9.925350,0.397436,9.830410,0.378615,9.778285,0.490870,9.753136,0.361219,9.859018,0.327460,9.933701,0.370043,9.588280,0.339156,9.837873,0.431488,9.749247,0.376112,16.225381,0.735489,16.753585,0.444048,16.481522,0.532083,16.726591,0.561996,16.796222,0.706349,15.878521,0.758642,16.476462,0.691837,16.389290,0.617610,16.442788,0.892475,16.638155,0.542338,16.456074,0.531319,16.530993,0.583749,16.756975,0.440758,16.851922,0.716636,42.426185,1.182649,42.481098,1.185466,42.914478,1.473458,42.653780,1.650715,44.462387,1.879314,43.383377,1.566261,43.508001,1.860859,42.912000,1.535994,42.650025,1.400105,42.820398,1.902942,44.434019,1.768184,41.799211,1.548703,43.478632,1.703876,43.602451,1.747969
6,11,600,moderate_profile,medium_attention,medium_attention,2510.501529,103.013138,2502.245437,85.986402,2520.467333,81.340078,2562.334086,116.288911,2504.869103,115.430353,2474.964428,99.715269,2522.923506,106.525559,2618.635517,77.447139,2514.654076,91.633793,2465.095937,76.972113,2501.402771,77.672096,2538.405905,95.272333,2475.655660,63.655293,2521.902957,87.912572,10.187744,0.380148,10.544263,0.407276,10.298757,0.469548,10.172463,0.348620,10.277827,0.337034,10.554555,0.509070,10.363845,0.426099,10.184061,0.441466,10.025634,0.533940,10.623749,0.287137,10.329636,0.217581,10.153272,0.420988,10.487396,0.427224,10.258969,0.344043,16.570035,0.619567,17.131447,0.560226,17.071946,0.569178,17.370801,0.620053,17.001256,0.451199,16.512059,0.599629,16.895017,0.611174,16.998309,0.558003,17.136676,0.539424,17.205121,0.741906,16.942932,0.583426,16.993214,0.448918,17.216869,0.785318,17.305416,0.662439,42.710813,1.534344,41.991095,1.392807,43.040781,1.791127,43.584233,1.456818,44.637285,1.390910,43.095870,1.706122,42.219493,1.657039,42.954594,1.370195,43.091060,1.527495,43.075569,1.482098,44.621050,1.378310,41.569190,1.752799,42.850973,0.963909,42.704714,1.708951
6,12,660,moderate_profile,medium_attention,medium_attention,2467.559011,85.792430,2489.781180,91.044578,2519.434146,89.283932,2554.160729,112.386943,2539.371067,88.032488,2452.999507,74.743782,2513.101191,102.138519,2590.759123,100.739774,2553.048614,89.269251,2452.885944,53.154427,2461.014178,111.120470,2546.721011,79.002303,2498.124325,77.250749,2555.972465,97.548685,10.601870,0.363787,11.123029,0.337104,10.930638,0.490966,10.653499,0.424386,10.693383,0.309092,10.925291,0.406603,11.000698,0.351313,10.738564,0.383401,10.715710,0.298610,10.991361,0.422375,11.104936,0.309674,10.513547,0.410891,10.997706,0.368253,10.776026,0.418841,17.395837,0.611259,17.896673,0.715397,17.707918,0.570207,17.706376,0.549237,17.757571,0.955834,17.109832,0.498167,17.638578,0.694124,17.312826,0.522822,17.738113,0.817422,17.593038,0.634751,17.579091,0.643311,17.681962,0.508870,17.771922,0.750700,18.094691,0.610029,41.242254,2.171377,41.166351,1.911225,41.990899,1.354501,43.168726,1.770294,44.556355,1.672682,42.873145,1.408847,42.610898,1.537339,42.138760,1.741201,41.677918,1.286790,42.273836,1.818232,44.179462,1.890507,40.675971,1.192959,43.049335,1.784253,42.496719,1.493697
6,13,720,moderate_profile,medium_attention,medium_attention,2503.272772,98.795010,2521.074109,125.844860,2511.925855,71.378155,2524.370739,97.828599,2495.194392,69.862345,2455.042249,97.665020,2477.893107,94.693102,2587.146627,92.847515,2559.286235,85.976519,2489.066180,96.130674,2424.210494,90.619723,2537.726962,92.717990,2441.241166,76.866768,2514.885623,105.050569,11.101805,0.359846,11.313756,0.547702,11.404944,0.581779,11.220709,0.473418,11.066470,0.487229,11.295326,0.484891,11.336993,0.422449,11.304929,0.413951,11.196437,0.527657,11.384990,0.346962,11.471571,0.362180,11.105047,0.560004,11.468528,0.460219,11.392740,0.356242,18.411893,0.417969,18.982329,0.614070,18.634479,0.617253,18.534395,0.778776,18.865174,0.719543,17.553364,0.639969,18.160737,0.495035,17.938700,0.460956,18.330229,0.700599,18.310086,0.747168,17.996709,0.731656,18.479144,0.628339,18.730527,0.612988,18.657782,0.711047,41.161079,1.634849,40.742913,1.226515,41.263812,1.399656,41.376125,1.519685,43.843089,1.583662,42.426468,1.198066,41.480717,1.866229,41.028653,1.180354,41.116819,1.512011,41.930574,1.896484,42.903147,1.884349,40.666032,1.729012,42.468093,1.486682,42.726870,1.837298
6,14,780,moderate_profile,medium_attention,medium_attention,2485.602967,86.247347,2469.050315,74.053985,2508.042959,81.827545,2566.492386,87.705099,2513.942170,76.902950,2455.064345,95.709981,2481.922328,99.518994,2586.708511,68.126986,2507.280483,97.262367,2456.087956,87.164936,2444.762984,65.827570,2517.277982,100.077900,2474.428822,78.375220,2530.057456,63.446705,11.714014,0.441644,11.695991,0.563713,11.833066,0.451023,11.744608,0.629105,11.349874,0.376954,11.750347,0.423553,11.843598,0.472632,11.521800,0.404160,11.613036,0.308578,11.658817,0.410314,11.909464,0.527670,11.306488,0.383985,11.997100,0.503225,11.668972,0.389898,19.002666,0.510295,19.344489,0.469975,19.288141,0.652297,19.215739,0.742030,18.780261,0.748559,18.090913,0.544169,18.643234,0.635184,18.649584,0.623783,18.778057,0.525799,18.953045,0.691719,18.808473,0.675774,19.208757,0.933960,19.267728,0.777583,19.134925,0.698870,42.026381,1.448310,41.178397,1.936181,41.319058,1.065559,41.828072,1.425925,43.698714,1.288172,42.092150,1.337264,41.491001,1.487374,40.935727,1.895447,41.697759,1.298244,41.488735,1.178396,43.025708,1.933502,40.619058,1.748778,43.150928,1.469827,41.562093,1.469243
6,15,840,moderate_profile,medium_attention,medium_attention,2491.084348,93.156869,2458.032384,74.426896,2488.143550,103.933884,2520.332764,88.398719,2465.852659,92.863690,2458.049499,114.114898,2497.336074,99.514948,2552.980756,97.363459,2495.592489,112.736494,2440.743026,105.017238,2438.733330,80.752163,2535.409091,96.706019,2464.796773,86.384474,2542.848059,76.705042,11.952361,0.495697,12.067393,0.543053,12.137013,0.529123,11.944018,0.312509,11.669401,0.454750,11.935152,0.433962,12.328177,0.459333,11.916023,0.378920,11.763248,0.324062,12.246471,0.460358,12.147584,0.389410,11.773085,0.486797,12.194636,0.387764,12.202864,0.575557,19.200419,0.579269,19.933965,0.627022,19.528522,0.563784,19.435258,0.535139,19.353633,0.660477,18.478327,0.571366,19.096981,0.701439,19.037905,0.664854,19.401885,0.558431,19.495119,0.778318,19.374653,0.854862,19.689179,0.775827,19.631425,0.687611,19.868624,0.826876,41.329184,1.411042,40.317171,1.617648,42.091547,1.665431,41.568463,1.408464,42.855903,1.911477,41.811067,2.037017,40.685943,1.632715,41.576736,1.518428,41.172556,1.520702,41.524546,1.228144,42.377662,1.552246,40.926425,1.786629,42.431711,1.438847,41.907114,2.045595
6,16,900,moderate_profile,medium_attention,medium_attention,2520.700456,87.734704,2477.574217,96.112182,2542.961566,98.684817,2601.501108,73.613672,2486.018510,104.731511,2455.982204,100.323308,2487.771089,100.370982,2591.352188,93.116462,2539.939651,85.252713,2478.270065,81.258021,2426.243994,100.642363,2580.739039,77.142278,2458.315095,108.128146,2551.296929,98.583479,12.273336,0.417000,12.464149,0.501043,12.649485,0.493539,12.410312,0.538801,11.975587,0.400924,12.567848,0.471821,12.481319,0.506558,12.169261,0.477924,12.318136,0.442355,12.424258,0.459613,12.621333,0.485148,11.761408,0.507100,12.584479,0.449712,12.450647,0.542220,19.966674,0.798407,20.332611,0.716233,19.956958,1.068566,19.850984,0.725664,19.779775,0.788892,19.420173,0.843472,19.545688,0.783793,19.331928,0.477053,20.199143,0.861647,19.927619,0.862769,20.280746,0.865400,20.026146,0.811200,20.621784,0.711656,20.332563,0.927443,40.751593,1.957436,39.884849,2.077076,41.208229,1.497816,41.588015,1.473810,43.007746,1.661592,41.098410,1.329343,40.384518,1.163165,40.923285,1.586602,40.594797,1.336555,41.460915,1.095199,41.594721,1.857434,40.239431,1.509118,41.355031,1.508221,40.968252,1.167753
6,17,960,moderate_profile,medium_attention,medium_attention,2488.554448,75.659051,2460.567267,96.437417,2541.186167,93.622192,2554.751327,103.238602,2473.371363,79.090917,2474.494106,78.221339,2483.152497,107.014610,2603.529244,88.049494,2536.099774,89.145269,2470.579514,89.278794,2472.539542,98.539289,2502.794440,106.401526,2489.988100,80.276633,2534.204228,100.276433,12.755663,0.454529,13.080050,0.542738,12.997748,0.451996,12.685292,0.465882,12.662288,0.587805,12.769484,0.563110,12.981561,0.571797,12.444700,0.517946,12.512369,0.451031,12.931297,0.466557,13.278249,0.558509,12.540920,0.574411,13.087496,0.492376,12.868288,0.494778,20.238307,0.852956,21.101058,0.794423,20.532543,0.921136,20.583043,0.764073,20.521342,0.635482,19.715504,0.817241,20.429190,0.760590,20.180661,0.762529,20.545465,0.863912,20.813300,0.636075,20.232752,0.553707,20.676668,0.800732,20.906855,0.762934,20.844283,0.737413,40.137129,1.698963,40.011688,1.345803,40.603574,1.687756,40.993896,1.827825,42.030552,1.705437,40.575426,1.938249,40.641117,1.269382,40.832003,1.750122,40.064086,1.540833,40.182500,1.184963,41.887320,1.432868,39.807287,1.256083,41.250190,1.172137,41.079439,1.228226
6,18,1020,moderate_profile,medium_attention,medium_attention,2481.767728,106.569030,2499.381121,103.563938,2516.376436,67.239179,2561.870234,90.498500,2506.435801,100.515955,2467.205057,87.327319,2478.107201,112.878413,2566.043427,123.519294,2549.420083,98.013619,2457.104553,120.374000,2457.335662,96.778170,2529.615060,69.263176,2475.775316,63.604621,2531.194410,120.967319,13.199821,0.570749,13.334851,0.434464,13.679828,0.532516,13.376552,0.551566,13.104199,0.414545,13.208759,0.467586,13.393193,0.498003,13.299197,0.496027,12.944968,0.350618,13.723951,0.422906,13.561084,0.604926,12.959488,0.572456,13.433041,0.576035,13.271710,0.431937,20.874464,0.648861,21.443969,0.805336,20.828156,0.878572,21.093367,0.760630,21.145125,0.646765,19.972236,0.549127,20.639992,0.797087,20.592247,0.755108,21.027490,0.733007,20.906742,0.719085,20.380757,0.832534,20.902746,0.793803,21.332031,0.888817,21.289353,0.552311,39.942080,1.372501,39.454393,1.268828,40.070914,2.097758,41.252553,1.269075,42.650504,1.373772,40.824839,1.866822,40.359207,1.324955,39.595435,1.682369,39.844529,1.357230,40.207367,1.625978,41.597837,1.139473,39.071988,1.182682,40.563577,1.258041,40.876620,1.048686
6,19,1080,moderate_profile,medium_attention,medium_attention,2465.270189,86.814022,2476.837976,109.847287,2566.141073,104.743433,2532.225857,94.574018,2502.098330,117.762055,2457.903238,118.046974,2489.626452,71.353451,2585.137480,84.310669,2538.882122,99.248811,2452.888198,94.006819,2473.624863,80.240300,2543.566150,94.215546,2492.260731,96.491446,2489.343431,79.371113,13.877770,0.471204,14.317215,0.387257,14.110448,0.600923,14.142691,0.640732,14.050485,0.522933,14.203627,0.489623,14.266556,0.570024,13.841915,0.644604,13.880849,0.536481,14.214100,0.528387,14.439762,0.483590,13.703537,0.455010,14.344973,0.459956,14.093640,0.535675,21.726936,0.743889,22.001977,0.781956,21.497091,0.626085,21.674939,0.731083,21.712088,0.976306,20.792048,0.849362,21.214990,0.759969,21.419799,0.565470,21.833845,0.941741,21.913934,0.583624,21.213943,0.724201,21.633514,0.897789,22.051797,0.855837,21.564511,0.963001,39.077755,1.474714,39.290311,1.590876,40.611112,1.433777,40.144734,1.630134,42.147394,1.617282,39.189429,1.502351,40.234938,1.582574,39.035695,1.708095,40.105478,1.240437,40.119430,1.461274,41.001905,1.376545,39.289746,1.538586,40.714112,1.192159,40.237553,1.267493
6,20,1140,moderate_profile,low_attention,low_attention,2487.453442,86.752564,2491.283015,94.762836,2518.816434,78.375607,2558.975699,109.673903,2510.616816,113.583863,2451.118857,82.808010,2472.951589,92.298176,2582.089153,92.326803,2505.086034,77.462536,2477.158516,95.403609,2457.851118,107.680348,2538.468994,82.851192,2465.536165,105.980400,2511.082621,100.518777,14.779476,0.698008,15.044888,0.605757,14.890067,0.448404,14.570520,0.580425,14.646374,0.672766,14.922410,0.579735,14.913196,0.414051,14.431210,0.398472,14.570500,0.550415,14.937799,0.458321,14.954079,0.685435,14.498354,0.550094,14.926498,0.407432,14.642741,0.444188,22.115025,0.884630,22.643569,1.007555,22.600421,1.073770,22.275579,0.866730,22.072985,1.111427,21.738593,0.930180,21.776483,0.969823,21.903758,0.893295,22.470368,0.793152,22.268023,0.561242,21.966931,0.600262,22.337264,0.790454,22.103553,0.705117,22.535374,0.651401,38.970671,1.587598,38.467009,1.531986,39.665978,1.237038,40.192045,1.591008,41.438951,1.472416,39.427912,1.803445,38.973546,1.864961,39.530237,1.826074,39.667016,1.581645,39.773447,1.488762,40.563506,1.502978,39.117992,1.877202,40.551162,1.585388,40.182509,2.018086
6,21,1200,moderate_profile,low_attention,low_attention,2488.793198,108.247639,2465.814266,90.732556,2540.493831,86.662575,2557.580816,89.383670,2448.130861,81.090668,2390.525820,67.017638,2471.426999,98.844171,2570.188063,84.669478,2526.576697,86.686317,2477.963047,107.369172,2450.146514,72.934757,2508.047166,90.705897,2472.441030,98.913770,2540.463156,91.068308,15.618721,0.507196,15.743948,0.641147,15.677786,0.670623,15.493387,0.586320,15.512650,0.619448,15.634276,0.716397,15.865799,0.620711,15.616887,0.641426,15.465731,0.556253,15.969735,0.421425,15.968735,0.458647,15.533932,0.734700,16.035408,0.501995,15.820210,0.603889,22.766041,0.728126,23.735189,0.873810,22.927216,0.883397,22.977492,0.776035,22.809628,0.839911,22.403672,0.747144,22.540841,0.967782,22.794901,0.765865,22.843009,0.769879,22.908944,0.852674,22.445340,0.781611,22.915479,0.898000,23.281140,0.932339,23.411814,0.947169,38.973039,2.159341,38.695108,1.244626,39.047702,1.521160,40.201005,1.250505,40.779087,1.884188,39.244968,1.483396,39.174493,1.381283,38.698638,1.141285,38.841408,1.339846,39.059024,1.361213,40.200732,1.109143,38.630366,1.330912,39.922245,1.313687,39.208635,1.230838
6,22,1260,moderate_profile,low_attention,low_attention,2473.175056,90.553935,2405.999708,68.669702,2491.477508,121.028143,2549.174429,85.742226,2457.309424,75.677300,2426.348193,98.685615,2454.469167,109.392103,2585.414655,93.520603,2480.265154,94.040205,2442.338563,83.520600,2392.846252,102.729468,2500.971209,98.830280,2478.243421,112.379076,2484.502741,73.278728,16.218602,0.546563,16.687058,0.502644,16.904895,0.629819,16.313299,0.656007,16.274010,0.481907,16.424446,0.629777,16.799002,0.651449,16.074014,0.669741,16.511302,0.560451,16.612104,0.628407,16.986204,0.643992,16.231849,0.496347,16.604965,0.608288,16.555325,0.641953,23.601291,0.758683,23.922444,0.805874,23.576974,1.099938,24.258290,0.995369,23.973673,0.718046,22.697670,0.769620,23.560244,0.793990,23.190576,0.914653,23.669699,1.159477,23.889925,0.874474,23.291277,1.227910,23.514766,0.708214,23.659632,0.882809,24.066296,0.806752,38.018783,1.568568,37.864177,1.233245,38.848089,1.027451,39.834751,1.196502,40.334151,1.544736,38.223048,1.646229,38.855820,1.831393,38.964452,1.431240,38.730628,1.534192,38.317132,1.446351,39.657033,1.448405,37.994074,1.407070,39.288757,1.618718,39.555100,1.285872
6,23,1320,moderate_profile,low_attention,low_attention,2402.901753,65.627082,2456.434253,79.811629,2474.016324,112.735108,2507.332731,104.215628,2425.534319,94.553774,2413.244333,67.769013,2422.195618,93.950938,2573.487639,77.483574,2479.713945,99.365062,2382.320026,89.524624,2408.525088,89.012851,2504.232537,69.019181,2429.382277,63.080370,2439.124017,84.748198,16.935289,0.452650,17.573390,0.614336,17.338097,0.822602,17.283173,0.712254,16.996791,0.653249,17.367108,0.651402,17.539343,0.687113,16.909347,0.490928,17.151872,0.593246,17.417524,0.763722,17.265271,0.634660,16.624445,0.509192,17.574214,0.745964,17.112561,0.602335,23.952387,0.785534,24.753658,0.767396,24.251296,1.059541,24.402377,0.754642,24.664141,1.174537,23.332760,0.594648,23.820186,1.267331,23.776097,0.874408,24.374581,0.555615,24.469674,0.998366,24.062385,0.766599,24.806313,0.888071,24.519402,0.962908,24.845043,0.888658,37.841304,1.446895,37.503378,1.358908,38.409442,1.850162,38.600636,1.411357,39.343866,1.685863,38.228801,1.417960,38.193322,1.173985,37.617293,1.539372,37.361571,0.927600,38.115306,1.337561,39.183845,1.571883,36.657876,1.624847,39.329536,1.231552,38.455978,1.649002
6,24,1380,moderate_profile,low_attention,low_attention,2457.624406,89.021133,2452.290688,90.243365,2513.450515,88.492799,2527.984880,90.308191,2411.859051,85.054754,2363.150242,70.765577,2439.052194,99.200187,2514.231830,85.567361,2469.902396,57.373606,2395.405955,89.652133,2421.856888,81.190698,2464.465229,94.490005,2383.168242,102.785134,2496.226677,109.774505,17.793945,0.702025,18.281883,0.538851,17.762999,0.709069,17.950490,0.756953,17.421139,0.779512,18.073133,0.648961,18.221560,0.594853,17.522269,0.557112,17.862521,0.739036,18.255507,0.641643,18.412399,0.561674,17.627087,0.714604,18.635608,0.648861,17.901391,0.758530,24.633026,0.758725,25.485979,0.703684,25.461427,0.830997,25.012904,0.879206,25.085161,1.200713,24.248389,1.001664,24.300653,0.883866,24.304574,0.910714,25.095676,1.061176,25.355706,1.056224,24.417444,0.777276,25.189268,0.917419,25.403786,1.093683,25.328795,1.090957,37.240091,1.376601,36.752520,1.419878,37.961129,1.361792,38.335294,1.317060,39.078644,1.381862,38.221088,1.488178,38.206731,1.365394,37.139165,0.999298,38.147663,1.502996,37.757652,1.589919,38.787358,1.841530,36.765946,1.064746,38.377216,1.419521,38.698814,1.538961
6,25,1440,moderate_profile,low_attention,low_attention,2369.728772,55.207096,2461.010621,111.670449,2500.971540,133.760637,2490.674781,110.157756,2416.115690,87.095529,2365.409936,73.522917,2443.361458,80.354805,2533.398446,113.470693,2463.407782,91.783590,2399.504321,87.929330,2396.839147,78.776888,2440.215835,122.721018,2420.600000,110.663466,2448.869841,71.844618,18.359972,0.800273,18.824376,0.692498,18.683925,0.924900,18.596397,0.474496,18.359615,0.713213,18.499050,0.672796,18.740295,0.810750,18.296650,0.461056,18.338805,0.762475,19.083571,0.671530,18.855898,0.856244,18.066972,0.742305,19.104444,0.655360,18.535420,0.693285,25.083776,1.163934,26.265001,0.845918,25.573159,0.758329,25.792987,1.211685,25.575479,0.879154,24.126957,0.726159,25.169047,0.841553,24.894193,0.977816,25.366206,0.623628,26.013671,0.972038,24.953130,0.921165,25.647452,1.195145,25.419181,1.132584,25.696277,1.162229,37.238113,1.183771,37.207433,1.578000,37.188388,1.509688,38.525278,1.455148,39.619267,1.681598,38.116990,1.566629,37.778380,1.242560,37.771432,1.265875,37.494426,1.453500,37.950098,1.217052,38.933166,1.203748,36.698670,1.482531,38.010650,1.246189,38.391541,1.477779
6,26,1500,moderate_profile,low_attention,low_attention,2374.243996,121.100533,2393.584869,97.871024,2436.863906,105.018932,2446.894537,79.242709,2365.994556,101.427866,2400.409425,92.699697,2425.142639,68.526071,2490.732231,95.708301,2453.513588,103.703248,2354.187122,103.428842,2391.191120,83.657788,2457.092567,71.179356,2359.492494,104.245386,2385.408437,87.838648,18.625552,0.690158,19.217634,0.770692,19.370992,0.606932,18.989474,0.737845,18.904653,0.666484,19.131304,0.668028,19.209334,0.751051,18.480438,0.628665,18.836688,0.888928,19.329059,0.625916,19.284481,0.688461,18.755903,0.614064,19.261989,0.792352,18.879709,0.540575,25.562129,1.103357,26.766960,1.201272,26.499664,0.930182,25.953825,0.925587,26.133013,1.061417,24.833533,0.814232,25.136254,0.848246,25.421368,0.952200,25.803630,1.110740,25.912054,1.042159,25.318596,1.085458,25.453108,1.080136,25.965809,1.063029,25.722050,0.864848,37.111028,1.481989,38.286220,1.210231,37.612941,1.616097,38.799374,1.279266,39.584003,1.234136,37.965923,1.320535,38.100161,1.237980,37.635440,1.663877,36.815104,1.578301,37.527520,1.809581,39.020925,1.474231,36.737974,1.260062,38.883827,1.841611,38.312141,1.375804
6,27,1560,moderate_profile,low_attention,low_attention,2391.582858,93.453898,2373.335145,70.706818,2437.414079,75.009288,2443.729961,99.060617,2381.070665,82.936930,2372.840289,82.584610,2431.001638,86.590177,2495.095494,81.650357,2444.994763,92.299486,2401.155922,76.205737,2369.694272,85.587411,2442.606492,63.657673,2359.286668,86.622451,2378.436605,88.468279,18.884387,0.835514,19.646287,0.786528,19.547157,0.670770,19.155529,0.604258,18.849262,0.494434,19.281097,0.581277,19.427261,0.716114,19.075610,0.594480,19.038626,0.708358,19.424655,0.552959,19.762034,0.519230,18.718330,0.588286,19.672434,0.553754,19.533972,0.879216,25.843289,1.078332,26.384824,1.240908,26.288289,1.031648,26.337545,0.628521,26.107772,0.987787,24.883003,0.954483,25.737142,0.943224,25.767989,0.953970,26.143092,0.980462,26.355635,1.062549,25.726698,0.888040,26.312176,1.073211,26.309578,1.101021,26.305897,0.996745,37.441446,1.590052,37.332715,1.900336,38.272135,1.237093,38.084532,1.681310,39.533361,1.338132,38.005144,1.226023,37.277451,0.917561,37.120538,1.406738,36.635137,1.268662,37.360152,1.759670,38.924309,1.120345,36.709968,1.689235,37.875837,1.618786,38.401616,1.876828
6,28,1620,moderate_profile,low_attention,low_attention,2381.676296,86.899700,2379.198730,82.745511,2393.666048,113.602223,2433.342604,74.595707,2364.310509,97.103593,2419.294313,69.360639,2405.508692,106.342877,2465.230643,92.702812,2493.335470,82.029724,2332.215080,105.886040,2372.918218,101.388531,2424.379535,104.798931,2348.359163,96.482219,2408.569840,98.436695,19.443099,0.857152,19.468404,0.737099,19.535642,0.588132,19.450832,0.628506,19.083702,0.727042,19.559827,0.703472,19.823841,0.722754,19.354298,0.692497,19.397938,0.635985,19.775887,0.878356,19.976354,0.784874,18.940821,0.807971,19.871231,0.813360,19.656429,0.586895,26.109818,0.952081,26.837379,1.049409,26.617766,0.935006,26.481839,1.002517,26.190060,0.956675,25.255999,0.791030,25.853818,0.974778,26.063830,1.021427,26.246471,0.800012,26.261992,0.933106,26.011447,0.966833,26.185200,0.866734,26.303153,0.988029,26.440085,1.042546,36.630388,1.393072,36.977223,1.318714,37.138664,1.539191,37.695169,1.789482,39.334320,1.612892,37.323699,1.577361,36.939869,1.000875,36.691383,1.442712,37.409454,1.348388,36.715659,1.304957,39.106104,1.356059,36.920659,1.398269,37.625012,1.358759,37.842099,1.366795
6,29,1680,moderate_profile,low_attention,low_attention,2404.300415,65.583237,2398.048062,53.759080,2451.323280,88.500562,2463.491476,84.900351,2376.418781,113.269236,2407.169706,83.329994,2403.030956,81.869572,2465.413450,82.944438,2447.630778,82.987396,2337.787727,70.636362,2378.065839,80.716394,2415.927166,110.158635,2380.562210,70.291328,2453.734693,110.065830,19.489200,0.851386,20.168007,0.746079,19.879258,0.946410,19.854229,0.716059,19.384912,0.845159,19.693260,0.865405,19.915549,0.534633,19.357111,0.621414,19.720850,0.658025,19.863330,0.816452,20.397665,0.885560,19.020027,0.665081,20.392915,0.803581,19.624015,0.726608,25.775679,0.784663,27.448883,1.114786,26.695358,0.948332,26.532416,0.915790,26.478969,0.819283,24.889178,0.941065,25.898950,0.933784,26.137277,0.641221,26.420696,1.039847,26.365832,1.284742,26.368598,0.793139,26.510906,0.792509,26.765878,1.046687,27.039966,1.032275,36.833955,1.484969,36.023329,1.067051,37.086897,1.294124,37.909052,1.036162,39.249159,1.420708,37.352626,1.096140,37.303666,1.573195,37.353733,1.539603,36.903098,1.334260,36.612468,1.054960,38.592898,1.547789,37.525664,1.567098,38.255524,1.586294,38.167483,1.097454
6,30,1740,moderate_profile,low_attention,low_attention,2407.071886,96.605041,2381.270635,91.001082,2432.636214,57.348247,2472.564713,90.451979,2408.605173,87.459956,2383.618709,102.812752,2402.590028,114.757619,2450.241012,112.700854,2436.829049,84.848754,2382.576967,97.728715,2379.337401,66.506818,2428.151716,111.567012,2429.179060,76.648446,2446.335481,87.707066,19.531416,0.790284,19.907308,0.778216,20.206790,0.797252,20.028040,0.889375,19.363762,0.727045,19.919888,0.782625,20.075868,0.899207,19.353913,0.565088,19.841440,0.698006,20.014392,0.798119,20.185058,0.587129,19.494923,0.530028,20.350061,0.679542,20.017271,0.635065,25.952923,1.031431,27.480241,0.985671,26.640714,1.092088,26.928699,1.059957,26.763980,1.113431,25.297345,1.085985,26.107344,0.956818,25.839555,0.908197,26.813915,0.962451,26.592966,0.810013,26.179154,1.101496,27.070222,1.081919,26.646323,1.001148,27.312826,0.876226,37.318481,1.435696,36.785985,1.427991,37.497987,1.535670,38.178137,1.919277,38.643762,1.299937,37.315794,1.317745,36.849511,1.338031,37.225991,1.744919,37.022819,1.784060,36.701411,1.446546,38.534527,1.677439,37.141595,0.995282,37.750673,1.312401,37.734919,0.932653
7,1,0,moderate_profile,high_attention,high_attention,2551.731074,80.372192,2466.841607,75.698852,2538.815949,107.540323,2413.595133,101.837773,2476.442671,126.807994,2534.062403,72.968625,2621.298930,67.157836,2548.091069,98.706713,2560.348376,113.250108,2480.981588,90.806719,2452.539333,89.857487,2452.576499,82.110348,2463.881974,88.087464,2469.746630,101.718002,9.867404,0.312988,9.709794,0.409918,9.299511,0.439723,9.451425,0.300528,9.632994,0.375053,9.899692,0.375695,9.554235,0.338159,9.495246,0.348499,9.420593,0.317369,9.653569,0.330104,9.600490,0.398849,9.671048,0.360803,9.786012,0.397696,9.520868,0.288071,15.851619,0.698294,16.567389,0.586746,15.717496,0.686279,15.590260,0.531887,15.980153,0.634075,15.805632,0.421526,15.641147,0.515958,15.922412,0.596976,15.420389,0.660343,15.909714,0.670046,16.142409,0.757708,15.942392,0.627407,15.671661,0.548616,15.873690,0.758563,43.712183,1.308197,44.428017,1.413650,45.564591,2.055044,44.592885,1.598643,44.080118,1.118169,43.555730,1.268922,45.811453,1.929051,43.955023,1.810835,44.557898,1.345326,44.814663,1.063008,43.654667,1.028285,43.735635,1.455652,45.290600,1.995755,45.048743,2.292659
7,2,60,moderate_profile,high_attention,high_attention,2555.032321,86.807961,2483.799777,108.496447,2509.369286,105.458213,2510.572052,87.177049,2500.850816,92.737029,2591.798634,79.418440,2621.478684,52.071506,2568.151067,90.578415,2522.596583,91.121947,2510.652737,93.209922,2487.331508,93.673332,2455.652947,98.730091,2491.455627,107.452197,2486.776385,76.911807,9.821207,0.331908,9.850809,0.432510,9.395288,0.444569,9.431843,0.365575,9.756162,0.351148,9.894884,0.461973,9.559128,0.354438,9.417608,0.334253,9.627551,0.270111,9.560050,0.304083,9.532147,0.441278,9.518052,0.454781,9.630758,0.346358,9.385284,0.278853,15.952918,0.639391,16.617276,0.465707,16.099368,0.557053,16.006405,0.596611,16.597330,0.676305,16.155868,0.527358,15.878574,0.590829,16.414364,0.438724,15.675975,0.480692,15.855457,0.759755,16.182769,0.643885,16.315103,0.506596,16.069628,0.528489,15.978146,0.684179,44.312182,1.728547,44.240482,1.850111,45.002212,1.071753,44.133908,1.878263,44.189764,1.628699,43.540276,1.719131,45.365902,1.599491,43.873309,1.571432,43.934747,1.402897,44.194149,2.021306,43.192946,1.245569,43.502258,2.029525,44.953082,2.171729,45.195274,1.357405
7,3,120,moderate_profile,high_attention,high_attention,2593.349384,79.221684,2532.076017,90.650185,2548.852019,88.640157,2517.394164,78.489174,2476.518000,100.594976,2530.727172,74.004737,2613.348578,78.918420,2604.652814,111.503257,2545.228983,114.040442,2510.087641,80.438040,2489.446918,89.101223,2501.601378,72.099302,2533.855267,85.635534,2518.704668,89.689345,10.009430,0.347164,9.673707,0.313668,9.322714,0.335486,9.341432,0.261043,9.601559,0.357484,9.849908,0.438782,9.304869,0.424111,9.571002,0.410248,9.523364,0.320948,9.603897,0.305751,9.493950,0.398355,9.579939,0.351986,9.625854,0.252832,9.581658,0.328199,15.954255,0.671573,16.246542,0.598140,16.184389,0.503255,15.581926,0.505238,16.288700,0.506311,15.887284,0.747310,15.669391,0.460334,16.327346,0.627861,15.677993,0.555316,16.070055,0.536041,15.815453,0.561276,16.136167,0.512963,15.681935,0.568103,15.606103,0.503364,44.261994,1.257263,43.546189,2.164395,45.044639,1.688686,43.952432,1.226657,44.786501,1.409096,43.598527,1.187652,46.025302,1.768054,43.785838,1.794936,44.152355,1.625134,45.096534,1.519049,43.848458,1.687771,44.294535,1.394778,45.067545,1.963767,45.998934,1.485523
7,4,180,moderate_profile,high_attention,high_attention,2540.599986,96.635821,2495.604843,79.157672,2546.738758,70.915240,2495.130306,89.898687,2548.225446,101.916719,2544.948074,88.794557,2603.075384,94.250129,2576.450500,88.755715,2548.989177,99.372455,2519.755083,93.256813,2438.995270,75.099869,2490.755292,106.692332,2522.303040,68.386218,2498.854517,90.943576,9.771507,0.301016,9.603249,0.369804,9.458554,0.348382,9.575894,0.307871,9.563057,0.393571,9.976220,0.370378,9.448719,0.434282,9.470453,0.331196,9.531417,0.303762,9.567229,0.371458,9.427428,0.279204,9.485919,0.229828,9.712171,0.304976,9.525858,0.339975,15.759752,0.595852,16.242341,0.551118,15.758955,0.545863,15.621619,0.589900,16.282668,0.683371,15.463865,0.446022,15.910251,0.666107,15.848416,0.562849,15.420008,0.507307,15.911076,0.633337,15.893052,0.636213,15.929206,0.456776,15.513002,0.590533,15.542681,0.836141,44.289904,1.456976,44.285800,1.640767,45.052259,1.356256,43.516827,1.696805,44.444479,2.101840,43.630055,1.393536,46.163505,1.459400,43.878086,1.671441,44.331825,1.559692,45.194413,1.272107,43.921184,1.664155,43.126337,1.097174,44.636769,1.759098,45.833846,1.463528
7,5,240,moderate_profile,high_attention,high_attention,2565.900488,102.824333,2476.865470,99.756988,2514.003039,77.330162,2444.077778,82.685908,2488.590182,86.325107,2544.606021,103.388105,2622.651040,120.662468,2546.156949,86.852156,2539.908426,98.690701,2471.268217,77.565885,2433.809047,105.837015,2485.478236,95.739572,2477.401439,80.118300,2559.375469,67.441469,9.858220,0.363612,9.511395,0.327033,9.449253,0.422785,9.433309,0.403549,9.600650,0.359806,9.775960,0.417669,9.463414,0.345630,9.418112,0.367700,9.500112,0.292714,9.584268,0.342304,9.346341,0.335174,9.499824,0.395436,9.462025,0.442048,9.448971,0.240156,15.520268,0.527271,16.487945,0.584519,15.762585,0.592321,15.451632,0.506982,16.132069,0.476378,15.822836,0.706616,15.809855,0.483219,16.181407,0.603731,15.656581,0.626376,15.957600,0.663190,15.970128,0.671315,15.995320,0.471811,15.506808,0.463025,15.795524,0.567110,45.395874,1.385765,44.485061,1.502136,45.321510,0.923241,44.243198,1.796095,44.488142,2.137668,44.158568,1.623365,46.635045,1.628285,44.187372,1.484069,44.425320,1.579086,45.098109,2.011249,43.514762,1.946625,43.930189,1.496034,45.712500,1.865206,45.099039,1.699675
7,6,300,moderate_profile,high_attention,high_attention,2565.160758,96.497957,2487.054007,108.706858,2510.907439,87.727518,2483.607417,58.044962,2476.326580,95.475410,2518.063371,119.373418,2597.581354,71.045208,2507.681901,123.624405,2549.612274,78.275789,2487.391929,91.815357,2432.779688,83.013082,2460.447671,129.214462,2503.311974,108.985710,2468.971990,60.194790,9.959324,0.306546,9.645829,0.382036,9.494188,0.337605,9.466974,0.381164,9.718359,0.359236,9.844496,0.350629,9.488941,0.395721,9.315914,0.421304,9.589879,0.317214,9.583654,0.346768,9.548507,0.366860,9.589441,0.414694,9.417976,0.382740,9.361681,0.336304,15.925052,0.626973,16.475341,0.509866,16.032468,0.638981,15.704022,0.593677,16.225921,0.565413,15.633204,0.813743,15.655323,0.439062,15.890563,0.549920,15.590044,0.515232,15.698256,0.646619,15.770641,0.715477,15.891518,0.413501,15.656843,0.570071,15.690354,0.676597,45.805505,1.607189,44.572877,1.697517,44.970066,1.995077,44.547863,1.458916,44.665776,1.460244,44.194048,1.589994,46.507218,1.526655,44.296081,1.962979,45.264576,1.437087,46.330175,1.835618,44.072484,1.778296,44.690147,1.448290,45.216467,2.343170,46.519485,1.618958
7,7,360,moderate_profile,high_attention,high_attention,2622.547347,79.210622,2546.486197,114.470209,2528.338152,66.412311,2452.884018,92.812930,2560.798608,71.196797,2541.449825,87.470559,2618.868444,88.613503,2571.759676,104.963630,2540.699164,89.444375,2495.735206,125.893760,2460.014161,135.671314,2547.674884,96.489006,2513.353368,93.437699,2486.768363,111.111343,10.355158,0.496337,9.993436,0.308516,9.524880,0.332021,9.597875,0.408608,9.843972,0.438063,10.276312,0.347104,9.847469,0.345919,9.569511,0.361664,9.949484,0.403215,9.927086,0.326988,9.767025,0.319609,9.942574,0.345869,9.836113,0.427725,9.877658,0.420446,16.677056,0.565489,17.276016,0.720330,16.227404,0.614929,16.428313,0.701487,16.843334,0.669166,16.326947,0.497503,16.455532,0.613251,16.688595,0.821923,16.313355,0.625544,16.169014,0.434307,16.555046,0.488437,16.874000,0.737585,16.199043,0.577068,16.324393,0.508651,44.749818,1.491549,43.574038,1.883013,44.624290,1.561736,43.242157,1.884573,43.551817,1.268774,43.053212,1.753846,45.261959,1.272343,43.690663,1.380361,44.790524,1.679170,44.627613,1.727226,43.624012,2.240381,44.534447,1.601350,45.116624,1.584548,45.609092,1.434623
7,8,420,moderate_profile,high_attention,high_attention,2604.730849,91.868091,2532.329070,79.717489,2518.252992,82.284877,2492.081062,102.626935,2525.389158,77.635179,2550.158176,65.174539,2686.014458,64.613092,2582.890974,122.536801,2558.573674,99.209876,2500.192925,90.701727,2480.197736,83.672654,2497.090535,87.360030,2506.340576,68.754787,2511.294449,74.343226,10.534695,0.300790,10.090543,0.560095,9.919843,0.334756,10.113356,0.351623,10.095457,0.419761,10.355388,0.474536,9.912162,0.426103,9.811984,0.317779,10.183424,0.405595,10.081805,0.435520,10.189711,0.328199,10.070942,0.470121,10.140828,0.320044,9.876564,0.333467,17.200938,0.743108,17.819626,0.586758,16.846864,0.557015,16.651177,0.470320,17.200335,0.600683,16.751310,0.722383,16.795928,0.674114,17.156317,0.733237,16.565372,0.666370,16.815800,0.786714,17.010713,0.733524,17.452008,0.615131,16.792229,0.474426,16.841772,0.366485,43.924300,1.526452,43.555660,2.036246,44.215467,1.763210,43.071514,1.513432,43.940186,1.509081,43.359569,1.514002,45.789126,1.770886,42.867829,1.885770,43.003773,1.808025,44.823614,1.617032,43.006276,1.464908,43.160722,1.728257,45.487626,1.643068,45.740817,1.272141
7,9,480,moderate_profile,medium_attention,medium_attention,2555.497452,110.521188,2528.741653,84.966031,2584.932426,71.374767,2504.602646,103.327475,2554.985289,77.058283,2568.488572,86.035403,2654.879026,101.772035,2581.626065,86.562760,2576.584520,110.620387,2570.833272,83.156528,2532.530658,90.919350,2516.881446,92.730693,2554.326824,76.442898,2517.186621,81.080229,11.108482,0.405263,10.917174,0.418467,10.620243,0.327642,10.669852,0.347208,10.621145,0.341768,10.901460,0.369877,10.537370,0.407706,10.450818,0.416798,10.535158,0.543465,10.780282,0.416369,10.722997,0.429188,10.466925,0.321834,10.767230,0.406184,10.421038,0.328187,17.588558,0.737219,18.091567,0.797311,17.409170,0.505254,17.369334,0.545213,17.773933,0.511874,17.257876,0.736804,17.260969,0.678998,17.575061,0.389426,17.186347,0.746082,17.322486,0.548615,17.673455,0.827117,17.834356,0.681911,17.499604,0.658670,17.122010,0.633263,43.227116,1.678474,42.646035,1.606331,44.095384,1.329926,43.211182,1.350747,43.218735,1.908363,43.028052,1.512891,44.740354,1.441509,43.439525,1.905557,43.162214,1.810421,44.960682,1.971957,42.839902,1.422575,43.420950,1.736413,44.985991,1.813642,44.694449,1.564466
7,10,540,moderate_profile,medium_attention,medium_attention,2626.283217,87.994939,2522.269753,80.226678,2512.122612,100.489342,2448.612197,69.467037,2545.746588,80.038241,2555.320718,90.566074,2653.713239,93.209098,2546.866307,95.262102,2598.432053,70.149031,2546.639612,116.292737,2416.958953,81.411477,2455.085401,80.916877,2491.024014,96.337002,2531.719666,98.158321,11.515641,0.482287,11.292089,0.453179,11.172611,0.379733,10.975435,0.357184,11.124791,0.412403,11.400319,0.490359,11.143742,0.447429,10.916415,0.380977,10.946465,0.248708,11.120461,0.342780,10.980281,0.502802,11.017673,0.336448,11.006212,0.345005,10.908935,0.333656,18.508419,0.572242,18.558955,0.446750,17.895072,0.605944,17.578217,0.769705,18.170113,0.901535,17.556153,0.717845,17.671206,0.678321,18.022921,0.625835,17.516189,0.585172,17.845921,0.558446,17.677848,0.624960,18.367845,0.737589,18.043029,0.597444,17.813624,0.781324,42.722895,1.484059,43.281159,1.288567,44.903015,1.486901,43.876427,1.906999,43.497776,1.793072,43.013098,1.536022,46.237186,1.986050,42.571010,1.709656,43.793679,1.663485,44.830820,1.613883,42.843937,1.769483,42.762621,1.573348,45.571618,1.665939,44.940121,1.675861
7,11,600,moderate_profile,medium_attention,medium_attention,2540.788426,78.640273,2512.310429,99.023839,2508.678113,91.988705,2439.766403,93.187810,2535.559620,118.415280,2549.889416,67.455897,2638.257671,101.467280,2591.475989,84.654614,2608.000919,88.261831,2522.977272,63.238933,2476.607183,83.512112,2499.574368,73.232289,2533.993396,100.061873,2501.801392,97.373912,12.206558,0.325085,11.814071,0.480401,11.634097,0.460843,11.760418,0.353962,11.771544,0.467451,12.035445,0.315550,11.663423,0.442921,11.752517,0.536055,11.580896,0.422141,11.880795,0.462214,11.856328,0.313089,11.741872,0.318407,11.718594,0.357358,11.478318,0.442037,19.075400,0.804023,19.443839,0.655195,18.790725,0.863012,18.394007,0.785267,19.010276,0.760562,18.051573,0.506899,18.495065,0.725031,19.011183,0.613903,18.075565,0.698479,18.434828,0.690458,18.795678,0.828677,18.995991,0.563102,18.495392,0.809944,18.777628,0.484458,42.575751,1.539475,41.881643,1.725065,43.777951,1.287354,42.416921,1.652455,42.377337,1.790378,41.722695,1.853986,44.572994,1.645205,42.193814,0.942217,42.507305,1.443576,44.326306,1.469466,41.867635,2.154843,42.943059,1.424148,43.871274,1.069498,43.855447,1.124461
7,12,660,moderate_profile,medium_attention,medium_attention,2609.976308,84.857712,2530.839138,73.256211,2488.047709,95.742865,2437.514202,96.709915,2534.220883,84.553378,2546.395593,74.315187,2634.219072,92.868646,2629.225314,97.797858,2564.597382,112.830440,2516.238479,97.183270,2495.832568,102.145755,2479.978258,84.614672,2581.632788,89.287806,2537.083778,84.989349,13.014104,0.518558,12.714018,0.411224,12.401309,0.308536,12.456572,0.348211,12.494428,0.455639,12.954431,0.554622,12.415524,0.337253,12.471214,0.503066,12.693972,0.413464,12.789883,0.345615,12.457370,0.441349,12.203156,0.460773,12.498765,0.395188,12.238412,0.427118,19.624004,0.508019,19.728660,0.680138,19.249096,0.504222,18.870743,0.628649,19.542624,0.787818,19.329390,0.673952,18.762145,0.841480,19.088388,0.806066,19.039353,0.663106,18.819014,0.566795,19.572199,0.680782,19.231716,0.756043,19.337246,0.628654,19.247866,0.707270,42.175812,1.718133,42.587542,1.850601,43.118940,1.146173,42.230620,1.440120,42.321152,1.242290,42.410734,1.655420,43.986379,1.618963,42.603007,1.735182,42.649960,1.749656,44.002460,1.408894,41.961954,1.642940,43.115038,1.461712,43.533354,1.696595,43.610776,1.489318
7,13,720,moderate_profile,medium_attention,medium_attention,2579.485496,78.066772,2474.295282,66.216903,2488.682617,79.320195,2445.174121,62.378307,2547.408618,77.433106,2532.711442,85.727219,2647.592411,64.650012,2585.083567,69.628332,2553.021277,112.887549,2535.094527,72.963347,2474.536994,58.177313,2489.823753,99.403392,2525.963346,92.736309,2500.277358,91.868020,13.439504,0.403766,12.801236,0.450169,12.961917,0.514193,12.974645,0.372189,13.171423,0.529482,13.475491,0.545580,12.938681,0.466863,12.727588,0.500462,13.048751,0.619039,12.993989,0.538275,12.996633,0.458416,12.913377,0.311338,12.926588,0.421988,12.677404,0.633630,20.395591,0.823116,20.589841,0.900955,20.126031,0.543996,20.073097,0.906113,20.642450,0.773646,19.625439,0.836948,20.086951,0.849263,20.608558,0.845480,19.782418,0.703889,19.926031,0.624992,20.351337,0.757662,20.824716,0.818988,19.990570,0.753277,20.017784,0.842593,42.051645,1.638893,42.538147,1.334294,43.090589,1.491642,42.051069,1.349639,42.255142,1.862680,42.153663,1.471295,43.158141,1.543699,41.926304,1.453021,42.359998,1.524532,43.638856,1.263959,40.850896,1.092090,41.891794,1.850740,43.963448,1.688585,43.453997,1.040747
7,14,780,moderate_profile,medium_attention,medium_attention,2628.556333,142.945560,2504.123868,91.376568,2490.129186,78.193539,2461.212293,73.028791,2556.572038,76.514846,2563.899861,91.411068,2621.462588,84.620757,2594.800848,108.722817,2574.363461,95.246019,2517.182350,102.492434,2499.848523,96.812725,2449.042319,89.392899,2493.600512,99.459434,2456.962971,89.325730,13.961692,0.563887,13.655546,0.487059,13.347133,0.377405,13.310535,0.476412,13.485570,0.614897,13.895727,0.597202,13.280901,0.387971,13.328307,0.515275,13.452334,0.428338,13.446580,0.512327,13.507370,0.531820,13.300158,0.601437,13.318503,0.525136,13.214732,0.531228,20.956285,0.635391,21.218834,0.602333,20.826406,0.642254,20.431232,0.654422,21.114474,0.803262,20.563386,0.971627,20.571054,0.485076,21.205262,0.818456,20.231957,0.614162,20.435975,0.848242,20.903244,0.790688,20.319943,0.885584,20.150824,0.768239,20.707856,0.774745,41.379749,1.572826,40.946209,1.458027,42.017917,1.400183,40.940872,1.353150,41.344592,1.173127,40.844741,1.344160,42.984725,1.499764,41.334422,1.497281,41.656681,2.141115,42.039485,1.433992,40.725624,1.555545,41.346423,1.629785,43.125739,1.783258,43.372468,1.733912
7,15,840,moderate_profile,medium_attention,medium_attention,2641.512168,74.070446,2566.054050,88.045281,2540.078965,93.484680,2493.789749,82.419500,2582.660750,90.658993,2607.839724,88.394614,2667.050511,96.722001,2623.254351,93.991907,2590.655718,145.180075,2520.967568,104.487006,2534.209965,127.737130,2534.803405,63.302361,2514.632234,68.188755,2595.703376,107.513735,14.700975,0.622456,14.248341,0.571347,13.503828,0.519427,13.963077,0.546845,14.031195,0.698279,14.228425,0.564379,13.853204,0.523428,13.703377,0.540492,13.890551,0.522107,13.992403,0.471087,13.836462,0.507434,13.843221,0.492424,13.826865,0.398665,13.416312,0.575351,21.361661,0.898781,21.492605,0.675980,20.827988,1.035092,20.880989,0.979385,21.884074,0.758110,20.806476,0.847481,20.960240,0.599527,21.244916,1.015314,20.511679,0.889038,21.015422,0.826104,21.146526,0.759350,21.032790,0.797293,20.888206,0.758983,21.051599,0.733278,40.965252,1.407852,41.420647,1.203460,41.964878,1.960378,40.783164,0.957879,40.331891,1.429005,40.630776,1.321716,41.899803,1.463148,40.796965,1.767809,40.899488,1.422193,42.009259,1.813790,39.709328,1.362182,40.696490,1.338383,42.289121,1.852174,42.512620,1.487527
7,16,900,moderate_profile,medium_attention,medium_attention,2593.766544,90.644221,2531.017048,91.368986,2499.568001,95.741611,2485.753148,108.999473,2518.462434,88.726793,2556.463072,118.279589,2648.126232,81.290225,2560.403334,91.837791,2571.051384,125.513460,2516.737064,113.189046,2480.111156,96.964966,2503.348512,132.774810,2505.840082,77.558170,2488.412484,87.765530,14.637927,0.596569,14.529574,0.532252,13.834287,0.510561,14.237623,0.463233,14.444373,0.550981,14.531777,0.554567,14.076526,0.399757,13.844242,0.530112,14.008836,0.502658,14.195415,0.487353,14.334041,0.499047,14.059065,0.563514,14.187150,0.357616,13.948532,0.430423,21.871392,0.856561,22.421168,0.921470,21.460660,0.769682,21.825039,0.992738,21.978120,0.882895,21.471834,0.749917,20.992296,0.668879,21.514758,0.805819,20.891157,0.990241,21.513653,0.762174,21.510034,0.762021,21.549257,0.877566,21.428635,0.905390,21.686065,0.850146,41.863679,1.577542,41.892517,1.122137,41.392328,1.515050,41.366556,1.488426,40.998817,1.576768,40.342807,1.595822,43.138872,1.578512,41.506495,1.881768,41.314125,1.635547,41.951509,1.742299,40.084731,1.657893,41.548568,1.334570,43.117052,1.631632,42.879101,1.333077
7,17,960,moderate_profile,medium_attention,medium_attention,2576.521883,85.754726,2513.551487,79.124084,2521.535428,100.125738,2493.819561,77.393671,2553.570566,88.864492,2523.946118,100.333178,2645.746763,81.097449,2563.402468,105.069053,2556.304260,92.024785,2524.780252,79.850850,2484.151155,81.277814,2475.140396,86.247329,2488.553571,83.473862,2562.473932,101.441126,15.237536,0.656164,14.678695,0.651512,14.621805,0.606363,14.644689,0.753600,14.687487,0.497545,15.111686,0.460516,14.733092,0.440359,14.309958,0.452826,14.811196,0.561868,14.992716,0.479429,14.498479,0.667919,14.516581,0.369849,14.654651,0.501473,14.413391,0.379157,22.433609,0.949725,22.750543,0.853529,21.675308,0.718134,22.005769,0.689304,22.677831,0.524853,22.188808,0.944737,21.778860,0.692248,22.315515,0.831477,21.376678,0.886236,21.907931,0.593111,22.318278,0.888290,22.348480,1.014671,22.012270,0.884275,21.404237,0.770185,40.939044,1.252400,41.044052,1.299484,41.700415,1.704871,40.539855,1.536981,40.508848,1.664686,40.374602,1.774916,42.596263,1.762101,40.770198,1.567647,41.195621,2.171359,41.729879,1.669831,40.225423,1.245964,41.507908,1.512910,41.304008,1.389608,42.446507,1.743962
7,18,1020,moderate_profile,medium_attention,medium_attention,2550.565052,108.410213,2493.524733,92.818179,2511.261782,95.861993,2510.677805,80.926439,2521.538707,106.315503,2471.130288,72.121094,2625.365315,89.610016,2569.711687,107.527854,2546.843299,104.191995,2496.011447,107.085533,2480.843500,89.483445,2493.407680,66.521267,2474.340028,128.841481,2467.168675,69.550148,15.692398,0.633086,15.350476,0.522534,15.130073,0.476062,14.899010,0.586712,15.287961,0.643418,15.745184,0.744933,15.136194,0.579995,14.983827,0.506918,15.071401,0.594763,15.297433,0.571824,15.188857,0.524289,15.002126,0.452521,15.311135,0.622657,15.062226,0.353996,22.971775,0.741425,23.537322,0.970565,22.432098,0.940619,22.517247,0.970369,22.928941,0.763326,22.196901,0.699402,22.267795,0.754278,22.763411,0.643343,22.375609,0.817874,22.106832,0.849056,22.047670,0.724211,22.334317,0.486262,22.197640,0.977037,22.331785,0.790691,41.357035,1.476481,41.678817,1.492124,42.339318,1.692827,40.453684,1.153891,41.448485,1.703909,41.129341,0.984372,43.159404,1.761671,40.669954,1.848165,41.956065,1.237196,42.594011,1.791761,40.959729,0.989214,41.390612,1.292131,42.887277,1.629789,43.612440,1.398217
7,19,1080,moderate_profile,medium_attention,medium_attention,2545.497267,93.847938,2521.695182,81.335055,2503.653446,96.013991,2490.841933,65.666394,2510.841109,93.284065,2524.581245,90.121719,2552.671191,93.305185,2596.466168,68.471621,2508.074692,81.298070,2514.819901,79.711807,2502.633700,96.810500,2494.750285,98.711672,2483.358720,109.715869,2490.544094,85.118603,16.173243,0.506798,15.976261,0.391814,15.672608,0.522343,15.659582,0.524373,15.708955,0.629123,15.819541,0.622992,15.559603,0.361130,15.339317,0.554149,15.649004,0.499027,15.683997,0.606567,15.675037,0.532547,15.475631,0.441805,15.726764,0.623544,15.322120,0.678169,23.443675,0.774860,23.802918,0.888911,22.823861,0.926612,22.720243,0.795459,22.936026,1.042380,22.405091,0.917229,22.754879,0.803032,23.302753,0.868481,22.737377,0.893499,22.469841,0.874709,23.186811,0.748697,23.045205,0.753156,22.809549,0.780382,22.547802,0.659914,40.310480,1.185983,40.875301,1.395465,42.413171,1.640772,40.164005,1.539564,40.341622,1.159180,40.221221,1.685456,42.444695,1.748294,39.992293,1.291985,40.707164,1.534475,41.561521,2.191207,40.637969,1.721459,39.873386,1.850824,41.653417,1.377343,42.983494,1.303961
7,20,1140,moderate_profile,medium_attention,medium_attention,2592.258097,104.691415,2478.165119,101.606327,2492.142203,92.163253,2476.331015,81.426238,2468.858532,83.245637,2505.564280,114.010608,2632.142932,97.826406,2547.637916,90.525346,2558.246047,93.404238,2533.165424,105.915949,2485.692730,96.306272,2492.315250,71.158525,2469.747347,78.414582,2499.276252,120.035521,17.081305,0.602866,16.598505,0.523679,16.160237,0.580228,16.277934,0.660923,16.429049,0.538563,16.839836,0.603718,16.431624,0.550967,15.985871,0.472221,16.207403,0.545416,16.441022,0.580074,15.970446,0.708335,16.187421,0.510860,16.305662,0.669053,16.045043,0.496553,23.744010,0.671777,24.646851,0.950770,23.429606,0.765728,23.141029,0.822402,23.859051,0.844437,22.884779,0.914612,23.359896,0.972227,23.777737,0.990547,23.129855,0.945812,22.906553,0.824781,23.696865,1.041902,23.889742,1.096152,23.265355,0.677682,23.312696,0.956992,40.843503,1.661075,40.963523,1.443373,41.964068,1.412505,39.763159,1.685194,40.761177,1.662369,40.871890,1.559942,42.162072,1.373903,40.077966,1.539724,40.169732,1.421800,42.388749,1.748578,40.493770,1.437427,40.813433,1.359111,41.767861,1.774077,41.519492,1.460696
7,21,1200,moderate_profile,medium_attention,medium_attention,2681.359052,110.361500,2512.222451,99.993337,2567.476504,83.175446,2499.125095,117.492003,2518.655084,111.359264,2541.110083,90.461601,2634.901188,114.670407,2603.676205,72.789336,2592.992929,108.457199,2555.390289,86.474422,2506.509441,81.545435,2518.234734,79.172126,2531.950129,95.582339,2517.438996,100.021136,18.001112,0.662593,17.357207,0.612740,17.050938,0.574586,17.186612,0.754398,17.029526,0.629525,17.954815,0.759490,17.060220,0.765540,16.960083,0.512069,17.607221,0.573333,17.342824,0.768900,17.034396,0.728879,17.204677,0.649385,17.189153,0.759187,16.982182,0.574839,24.366808,0.856470,24.986798,0.830246,23.933313,1.147612,23.785286,0.931534,24.271933,0.715066,23.460593,0.913096,23.968930,0.729998,24.306985,0.694160,23.490064,1.032664,23.841650,0.768065,24.262375,0.946909,24.463676,0.701608,23.896720,0.681106,23.994176,0.795910,39.872261,1.628414,40.081678,1.949790,40.728046,1.266146,40.074302,1.208462,40.499592,1.291646,40.078020,1.105281,41.522398,1.602572,39.603159,1.061885,40.280441,1.223676,41.835942,1.340052,39.580083,1.009492,39.856118,1.476707,41.370238,1.499796,41.798136,1.756765
7,22,1260,moderate_profile,medium_attention,medium_attention,2616.279283,100.869263,2536.053280,103.748578,2569.326509,93.565472,2495.846837,103.315523,2557.014428,89.558567,2538.731488,125.832119,2649.990987,79.767110,2592.542763,81.315514,2585.117481,96.514407,2559.875273,97.993159,2523.060495,65.772417,2478.019542,97.543119,2545.538713,89.161944,2493.140349,82.995673,18.947929,0.584344,18.376482,0.681822,17.859325,0.631212,18.204091,0.762566,18.042528,0.750339,18.723831,0.664945,17.656669,0.743066,17.499837,0.542789,17.924585,0.692844,18.084748,0.601080,17.979431,0.806916,17.732349,0.557321,18.037935,0.582685,17.852581,0.692713,25.354380,0.791311,25.978703,0.782263,24.798275,0.740981,24.379416,1.008729,25.126116,1.002785,24.150000,0.798927,24.345335,1.047465,24.500735,0.936352,24.394856,0.865970,24.564202,0.715466,24.874947,0.791247,24.957319,0.780875,24.720525,0.670473,24.953897,0.870436,40.431110,1.477357,39.993783,1.274267,41.045159,1.223061,39.233701,1.289559,39.811311,1.068741,39.126113,1.082249,41.641036,1.306142,39.744542,1.387881,39.875173,1.227095,40.641003,1.509156,40.034888,1.723870,39.492572,1.434407,41.831031,2.346817,41.367011,2.002523
7,23,1320,moderate_profile,low_attention,low_attention,2645.885098,92.516828,2554.092530,85.075612,2598.981341,109.119103,2538.504300,93.738752,2567.803399,116.182733,2599.830217,73.976831,2656.426827,87.322900,2634.336103,85.571319,2571.316744,69.162666,2593.136803,101.625740,2538.774085,90.451803,2495.324885,94.322510,2488.958520,77.400333,2529.823709,85.267772,19.746461,0.726159,18.906508,0.502565,18.693754,0.615514,18.953433,0.476401,19.187158,0.669391,19.508245,0.638379,19.196310,0.816457,18.679689,0.568535,18.997863,0.785257,19.217999,0.828826,18.714376,0.863417,18.769808,0.516492,18.947290,0.486919,18.898978,0.799397,26.092432,0.680023,27.247691,0.908106,26.157466,1.023740,25.753567,1.048811,26.274673,0.976009,25.931775,0.995968,25.605572,1.000006,26.186340,1.052925,25.493154,0.896956,25.962024,1.185531,26.215743,0.874860,25.995040,0.713638,25.895821,1.265134,26.084757,0.852353,39.918825,1.850451,39.626246,1.639347,40.847534,2.104876,38.969285,1.456851,38.842935,1.162228,39.393706,1.672103,40.777483,1.234453,40.104653,1.300970,39.418309,1.579116,39.946191,1.374362,38.915331,1.751982,39.537031,1.592522,40.789416,1.606053,40.819707,1.419993
7,24,1380,moderate_profile,low_attention,low_attention,2618.361816,93.041511,2573.508228,79.977945,2626.095790,72.280916,2531.288617,77.021816,2598.038964,84.727445,2613.017840,104.131522,2684.424893,75.664614,2606.399144,76.592806,2597.111263,102.205988,2572.376462,69.782904,2532.648606,109.410549,2500.041600,98.642839,2533.522788,72.699327,2521.777758,84.462872,20.573768,0.683975,19.701125,0.844978,19.513749,0.780853,19.732371,0.805630,20.211732,0.639097,20.293058,0.934625,19.336403,0.773368,19.241218,0.731344,19.476640,0.827025,19.696717,0.785330,19.855069,0.604271,19.617912,0.652226,19.567081,0.939414,19.465864,0.883728,26.774711,0.691287,27.366448,0.966809,26.526058,0.891131,26.670640,0.742257,26.876244,0.899129,25.996415,0.819376,26.394501,1.045661,26.546359,1.065443,26.120770,0.968524,26.336426,0.983134,26.440559,0.822801,26.683233,0.880161,26.167367,0.899118,26.518654,0.942259,39.738798,1.524133,39.803022,1.350940,40.624616,1.060106,37.989085,1.280167,39.267797,1.409101,39.322996,2.092903,40.693572,1.802546,39.438634,1.625679,39.062619,1.121166,40.417319,1.504715,39.435101,1.520347,39.990707,1.047011,39.688718,1.590618,40.693931,1.060353
7,25,1440,moderate_profile,low_attention,low_attention,2643.523316,106.576434,2598.427408,77.140310,2603.077818,109.961192,2572.774845,108.065273,2625.831314,102.887526,2586.632958,102.563496,2724.660015,95.932662,2659.372400,103.477176,2592.451690,104.055535,2572.327707,95.953926,2531.442911,87.569318,2517.664609,85.099429,2574.078239,71.950522,2564.951267,66.387547,21.194478,0.614695,20.595416,0.995517,19.909283,0.934052,20.213803,0.746195,20.506513,0.784939,21.356307,0.681320,20.168589,0.683910,20.052305,0.577978,20.458244,0.844532,20.958200,0.575736,20.590534,0.584453,20.289215,0.673266,20.436675,0.683832,19.949033,0.900404,28.375961,1.048808,28.163874,0.998116,27.623505,0.986685,27.372975,1.386807,27.779407,0.971174,27.035008,1.114189,27.141771,0.948825,27.395935,1.132191,27.024627,0.765210,27.351629,0.740874,27.666908,0.962386,27.305542,0.968509,27.072832,1.060545,27.495303,1.053636,38.536193,1.548439,38.849568,1.229370,39.998587,0.921679,38.482094,1.225200,38.539983,1.207313,38.578760,1.552475,39.876836,1.958568,38.890247,1.275381,39.219226,1.261949,39.660444,1.513236,38.421422,1.687965,39.415545,1.489739,40.615456,1.613574,39.773796,1.817684
7,26,1500,moderate_profile,low_attention,low_attention,2604.022645,95.113321,2578.812166,119.975410,2623.508839,94.071180,2599.296523,73.782675,2579.476319,89.104855,2651.283288,104.646787,2726.547988,120.842977,2617.768491,117.197527,2618.298286,105.989349,2580.779690,121.949613,2579.199999,103.686405,2522.599094,85.627199,2590.116578,136.843517,2553.283407,103.758418,22.024887,0.685060,21.186940,0.801180,20.499325,0.695210,20.885828,0.661274,21.358831,0.771719,21.709012,0.715170,20.686426,0.799600,20.559811,0.681709,21.305791,0.856392,21.328133,0.732726,20.775167,0.932551,20.904452,0.877098,20.909470,0.945005,20.564743,0.698768,28.030801,1.285540,29.219874,1.271907,27.832432,1.225589,27.698170,0.975386,28.440667,1.089690,27.934835,1.142405,27.430563,0.700869,28.196483,1.006474,27.447654,1.182949,27.463061,0.972167,28.130676,0.831661,28.294627,1.070606,27.688657,1.172569,27.869081,0.584008,38.300504,1.938087,37.810982,1.519227,38.978551,1.629227,37.741267,1.468131,37.967750,1.787056,37.615137,1.702630,38.961321,1.568487,37.616601,0.944669,37.348464,1.163451,38.552614,1.427201,37.087769,1.479582,38.023058,1.562291,39.173297,1.400502,39.545452,1.019294
7,27,1560,moderate_profile,low_attention,low_attention,2677.793305,96.670719,2622.015774,109.486916,2593.131901,94.696679,2524.900630,73.041163,2640.735260,94.962515,2584.244616,91.497162,2783.603262,121.209521,2646.033750,83.249200,2644.951328,85.551568,2584.842863,84.680004,2554.443544,98.497429,2546.407781,95.878384,2561.562220,99.412237,2585.647727,95.876200,22.325268,0.970235,21.822768,0.642099,21.287219,0.608005,21.532712,0.738155,21.408470,0.879260,22.137380,0.925065,21.362159,0.562045,21.127494,0.676504,21.613914,0.858831,21.843131,0.682945,21.612965,0.657565,20.956664,0.690544,21.517069,0.875894,20.990951,1.034739,28.698557,1.393597,29.318612,0.985484,28.089300,1.064922,28.015621,0.969142,29.219216,0.873058,27.855166,1.335382,28.277739,1.020097,28.700078,1.352357,27.830142,1.045153,28.395484,1.020644,28.281743,1.119002,28.545879,1.148152,28.098947,1.429104,28.365199,0.968648,38.675699,1.380750,37.107271,1.341829,38.408705,1.269520,37.383616,1.526684,37.515821,1.325205,36.588945,1.513329,39.511871,1.596292,37.020640,1.475425,38.300196,1.414449,38.827444,1.669383,37.745772,1.307281,36.923440,1.588517,39.184408,1.314587,39.046226,1.240682
7,28,1620,moderate_profile,low_attention,low_attention,2615.065301,117.279307,2583.750699,71.219534,2574.604272,95.930595,2559.577971,87.333737,2571.547619,83.842158,2617.261409,115.520468,2716.238039,97.131707,2607.790473,108.324781,2665.563178,93.931179,2563.378204,88.789589,2516.495450,88.733033,2511.876956,134.072971,2575.940530,108.620992,2560.553306,135.961496,22.553558,0.956989,21.721199,0.823779,21.832793,0.493502,21.796473,0.745636,21.797114,0.905085,22.345693,0.767999,21.532263,0.761012,21.469488,0.903657,21.685524,0.756921,22.436338,0.809401,22.119347,0.871049,21.608059,0.605041,21.878382,0.751696,21.471043,0.772254,29.339269,0.895474,29.464196,1.142493,29.021615,0.863920,28.379358,0.692790,29.214948,0.933013,28.542390,1.197509,28.329724,1.079588,28.738430,0.984630,28.523011,0.987264,28.271945,0.920845,29.216263,1.048157,28.397534,1.092525,28.533552,0.719026,28.244728,1.065362,37.819537,1.267051,37.576576,1.193491,38.796196,1.194126,37.989134,1.315318,37.363195,1.492331,37.042664,1.745009,38.547111,1.174405,37.926418,1.357096,37.148059,1.158015,38.073851,1.596554,36.658040,1.472665,37.247615,1.266847,39.470461,1.510685,38.396113,1.322695
7,29,1680,moderate_profile,low_attention,low_attention,2650.467253,86.082718,2566.766608,61.619461,2597.988012,107.839293,2500.694760,112.984337,2632.387447,101.791004,2613.112411,92.047390,2661.846072,141.269524,2644.905358,102.443355,2629.525961,92.392032,2530.893434,135.619442,2584.587900,89.724673,2584.209885,83.595459,2603.429967,109.614783,2578.481625,94.504931,22.558194,1.112833,22.251732,0.725481,21.676240,0.857606,22.100326,0.593334,22.138958,0.782781,22.480447,0.821264,21.691035,0.937431,21.283531,0.875987,22.033065,0.931718,22.009814,0.937729,21.916226,0.825369,21.377069,0.692263,22.015587,0.826566,21.289814,0.940496,28.986666,1.312395,29.394512,1.310610,28.827478,1.071223,28.095873,1.155495,29.365416,1.031493,28.499686,1.091143,28.114504,0.721536,29.314371,1.138172,27.934958,1.103343,28.635489,1.322173,28.709325,0.713812,28.795269,1.111329,28.704668,1.213216,28.852261,0.972411,38.391682,1.317458,37.324391,1.448374,38.975320,1.349863,38.132412,1.599109,37.694389,1.186188,37.539861,1.351737,39.354449,1.690935,37.447486,1.111291,37.867348,1.434132,39.345623,1.405525,37.794094,1.477822,37.818755,1.390321,39.535873,1.338024,39.396967,1.875006
7,30,1740,moderate_profile,low_attention,low_attention,2598.585173,92.473455,2572.433444,80.759750,2557.575520,72.535577,2549.366119,98.413305,2560.658174,95.242909,2593.148917,88.634104,2654.146355,109.680652,2682.147290,120.858456,2612.558967,109.898419,2575.527093,82.363672,2514.360291,90.241676,2527.294948,99.439721,2558.809206,116.204627,2559.069087,116.388657,22.791793,0.653193,22.534936,0.922055,21.907942,0.784762,21.554826,0.720778,22.019771,0.730861,22.746932,0.785457,21.610303,0.807985,21.529456,0.763107,21.717900,0.943315,22.098071,1.157675,21.918409,1.163142,21.825907,0.794459,21.814793,0.754133,21.503367,0.919936,28.893681,1.077439,30.375608,1.149121,28.581602,1.271627,28.162245,0.904950,29.457148,0.864439,28.372172,1.001773,28.229583,0.908774,28.987548,1.128315,28.395103,0.931291,28.424777,1.076320,28.893463,0.909322,29.076507,1.097590,28.811546,1.013048,28.486061,1.123146,38.555985,1.218443,37.930129,1.214742,39.508112,1.287024,38.151878,1.208184,38.419707,1.217924,37.881691,1.499887,40.124613,1.441721,38.864709,1.279185,38.059472,1.713012,39.157112,1.699321,37.819373,1.231225,37.164473,1.674770,39.835844,0.883858,40.160900,1.488659
8,1,0,good_profile,high_attention,high_attention,2603.612845,60.489129,2520.625362,58.841165,2522.203696,64.209295,2578.688517,53.111747,2554.527895,66.508489,2561.796144,63.742866,2555.795511,61.644769,2594.518079,68.672328,2540.760966,56.716769,2583.009992,54.777018,2521.152452,66.019026,2477.049227,62.454132,2503.726257,75.059020,2496.633173,79.208728,9.471607,0.182440,9.611073,0.269262,9.638448,0.149538,9.748652,0.235270,9.269676,0.187355,9.619890,0.192482,9.615873,0.238019,9.510147,0.187948,9.220886,0.208953,9.550616,0.226527,9.468526,0.200808,9.566589,0.193716,9.372977,0.187496,9.558775,0.210623,15.958570,0.363886,15.686083,0.304370,15.544220,0.305856,15.481156,0.331351,15.471205,0.202253,15.514214,0.348412,15.735351,0.430905,15.852073,0.397967,15.219335,0.356409,15.556749,0.352345,15.778028,0.343244,15.658470,0.471424,15.498320,0.369774,15.144025,0.423593,44.586621,1.019873,44.001662,0.906783,44.099508,1.054361,42.701445,1.110340,43.852643,1.311502,45.129194,0.943329,44.468765,0.994574,45.078689,0.913769,45.300631,0.720268,44.270130,1.090080,44.379313,0.961472,44.825041,0.915541,44.175436,1.137615,44.125342,0.843477
8,2,60,good_profile,high_attention,high_attention,2594.385310,76.232227,2539.223839,59.544786,2526.782320,58.655523,2549.828536,57.033355,2488.604865,48.400703,2581.591778,70.054714,2555.950689,56.515307,2574.518210,42.390208,2500.555998,57.764424,2544.017150,54.753047,2503.713247,64.054334,2488.204264,57.164498,2522.188730,65.066827,2510.303895,50.991559,9.448132,0.242346,9.671902,0.283139,9.615201,0.271653,9.950672,0.156837,9.520291,0.196057,9.530230,0.238737,9.748035,0.153028,9.507607,0.229355,9.379349,0.163854,9.696101,0.198548,9.435851,0.217159,9.545281,0.237321,9.461745,0.361732,9.629264,0.227169,15.862341,0.489874,15.428538,0.319597,15.578462,0.335887,15.627408,0.334561,15.505575,0.402208,15.527192,0.286380,15.507150,0.362427,15.876983,0.352902,15.305723,0.372670,15.508978,0.376894,15.775816,0.461584,15.472846,0.251008,15.494826,0.318596,15.108520,0.387666,45.019439,1.217312,44.788113,1.126939,44.136837,1.022690,44.005946,1.143135,44.553199,1.057230,45.989077,1.387096,45.276740,1.011121,46.130185,1.335026,46.228564,0.996839,45.121609,0.812457,44.794627,1.034265,45.711586,0.777988,44.219804,1.034791,44.707685,1.111593
8,3,120,good_profile,high_attention,high_attention,2602.269242,68.134566,2561.992192,65.425628,2603.215524,61.836351,2585.035395,74.151012,2558.045465,61.143215,2617.285656,46.880947,2638.008924,54.265415,2628.098150,76.440923,2629.437202,78.714385,2575.496332,53.275956,2566.588620,65.579546,2520.702004,62.374626,2539.332015,79.139370,2561.621990,60.704591,9.337780,0.213155,9.654590,0.221796,9.478271,0.179302,9.788076,0.205639,9.359773,0.237057,9.484157,0.278014,9.693408,0.214095,9.581160,0.236544,9.079987,0.209640,9.583752,0.189587,9.403455,0.218338,9.645097,0.184561,9.493619,0.183484,9.496232,0.239278,15.766248,0.457132,15.386375,0.302162,15.726400,0.301476,15.501224,0.335366,15.537396,0.372827,15.569489,0.310090,15.264203,0.369668,15.731165,0.322359,15.190861,0.352704,15.597384,0.300902,15.471655,0.298206,15.280032,0.393328,15.434024,0.451271,15.005903,0.304194,44.248329,1.198071,43.900601,0.964457,43.638355,0.905412,43.760836,1.053985,43.718362,0.830314,45.118819,1.195396,45.187717,0.840397,45.269411,1.150315,45.329618,1.127568,45.244374,1.200846,44.510599,0.947374,45.255257,1.057981,44.334222,0.926909,43.935354,1.059912
8,4,180,good_profile,high_attention,high_attention,2633.274017,58.882134,2582.898624,62.844726,2625.294626,67.232336,2599.420935,43.938184,2541.223240,49.898204,2589.869280,61.112739,2631.545411,49.789401,2621.150257,69.149359,2610.726435,70.051563,2597.286742,64.078013,2542.369289,43.199209,2519.693468,59.404721,2558.309360,65.150539,2577.892092,65.020455,9.418828,0.234501,9.586218,0.228822,9.607828,0.238079,9.886528,0.265006,9.439872,0.171013,9.632993,0.212460,9.681388,0.260997,9.644117,0.260848,9.302946,0.249601,9.601423,0.320374,9.428624,0.150434,9.593779,0.195307,9.533227,0.187641,9.572535,0.224950,15.665511,0.379181,15.231284,0.455133,15.506378,0.406271,15.456673,0.283104,15.182464,0.393457,15.544455,0.317514,15.329547,0.329103,15.683125,0.313100,15.051879,0.329432,15.411645,0.367681,15.526898,0.428674,15.149720,0.370700,15.137805,0.225477,14.867867,0.323593,44.061783,1.146831,43.329474,0.981942,43.618460,1.120454,42.881807,0.793903,43.251305,0.925273,44.967397,1.119319,44.823786,1.133393,44.177285,1.092340,43.911352,1.367501,44.734402,0.891274,43.935480,1.162068,44.570230,0.874065,43.834683,0.696604,42.878260,0.813171
8,5,240,good_profile,high_attention,high_attention,2588.101360,63.142571,2525.800096,49.337304,2567.433208,63.601348,2543.173592,65.924562,2503.779987,62.844477,2586.977927,62.537932,2577.190399,53.029474,2575.369748,45.337407,2546.937100,59.995321,2518.112513,61.214368,2510.540668,76.485026,2498.934685,84.038381,2506.393100,76.559073,2521.174794,80.815919,9.450125,0.160579,9.573083,0.260135,9.613734,0.233107,9.796675,0.214147,9.339506,0.171587,9.729008,0.343809,9.636068,0.228603,9.730990,0.233807,9.303487,0.202118,9.549994,0.221675,9.448794,0.272632,9.573382,0.184671,9.543281,0.222916,9.566372,0.177151,16.116000,0.307566,15.615678,0.286005,15.902026,0.352315,15.836265,0.358418,15.743388,0.465009,15.800616,0.465623,15.879908,0.417268,16.117910,0.414452,15.384913,0.442688,15.862748,0.492266,15.903678,0.362592,15.655013,0.294855,15.562531,0.437455,15.252062,0.323022,44.882993,1.106387,43.385420,1.132392,43.252926,1.018157,43.406867,1.255206,43.030629,0.979805,45.511279,0.837486,45.122038,0.818147,44.568997,1.086196,45.225482,1.044702,44.857585,0.892657,44.207104,0.990734,45.268399,0.822177,43.857808,1.274800,44.031079,1.417561
8,6,300,good_profile,high_attention,high_attention,2584.808390,65.906838,2528.048343,62.770623,2542.172967,70.986565,2561.553290,60.212017,2532.023532,59.402103,2589.410258,52.031040,2587.207230,56.449172,2597.723920,63.523623,2551.711009,62.822958,2579.049723,42.870347,2520.155558,64.067471,2539.182916,45.478728,2514.792122,69.590352,2512.251361,60.545963,9.588052,0.189586,9.678257,0.264954,9.609926,0.231948,9.829000,0.246855,9.463117,0.271031,9.528290,0.279592,9.819690,0.261259,9.621764,0.209066,9.369952,0.265921,9.610703,0.272279,9.575974,0.260603,9.639197,0.230202,9.449457,0.215443,9.467071,0.144879,15.600082,0.323485,15.350378,0.400762,15.871671,0.403426,15.468393,0.321814,15.686475,0.409775,15.414173,0.395140,15.421224,0.449677,16.082161,0.349197,15.430029,0.407980,15.904484,0.408117,15.751515,0.367553,15.228823,0.359118,15.209801,0.292070,15.132993,0.352551,44.267228,1.204751,44.001855,1.233007,43.741239,1.352338,43.508655,0.916344,43.312773,1.291724,45.106415,1.152054,44.558901,1.125489,45.310638,1.254847,45.418616,1.371065,44.682260,1.153919,44.176090,1.109654,45.158746,1.170135,43.745851,0.869829,44.096608,0.813764
8,7,360,good_profile,high_attention,high_attention,2579.903120,60.630702,2501.998822,58.820576,2525.261218,74.354267,2566.397595,55.201917,2506.547417,53.281330,2568.548500,48.223512,2579.443566,53.975361,2615.735747,71.830860,2548.392715,51.555695,2575.459802,44.136552,2524.301634,47.486694,2526.971814,51.749191,2499.298256,56.706912,2515.771618,39.434824,9.414809,0.230424,9.590017,0.197300,9.563903,0.235405,9.609455,0.250189,9.134648,0.170927,9.561627,0.183729,9.577800,0.252627,9.451479,0.219347,9.183035,0.176742,9.413888,0.154905,9.365611,0.180605,9.518453,0.179482,9.401358,0.201592,9.384759,0.204202,15.476441,0.334293,15.256691,0.335638,15.581463,0.292701,15.415452,0.351919,15.465517,0.471426,15.398142,0.314412,15.421479,0.269769,15.878284,0.362392,15.380852,0.370423,15.755801,0.412631,15.368593,0.321703,15.091796,0.286368,15.138007,0.400216,14.982664,0.420001,44.935691,1.136811,44.760672,1.087060,43.858200,1.263950,43.824243,1.121692,44.004436,1.241082,45.825145,1.138162,45.007642,1.152456,45.574923,1.054420,45.254707,1.040651,45.310633,1.132824,45.086693,0.872621,45.602273,0.898110,44.122695,0.874893,44.805954,1.411159
8,8,420,good_profile,high_attention,high_attention,2571.047358,72.612861,2538.580238,58.245817,2562.532811,60.135341,2579.071355,66.133564,2518.895020,47.014425,2575.537140,60.982301,2580.079846,76.965230,2600.888999,69.455970,2557.899946,50.491793,2579.137193,49.375826,2507.674308,54.063595,2504.495026,79.180649,2505.912778,47.825589,2528.048575,54.632618,9.387725,0.217698,9.611739,0.221591,9.604009,0.202621,9.706513,0.193481,9.324781,0.169322,9.494934,0.169277,9.449853,0.215309,9.534681,0.273939,9.305416,0.220669,9.415522,0.249415,9.333434,0.200671,9.507170,0.219023,9.384260,0.227862,9.512477,0.257232,15.698558,0.402164,15.220545,0.215917,15.596669,0.349186,15.621991,0.321607,15.609817,0.352560,15.415488,0.391458,15.521447,0.339994,15.819141,0.272386,15.289174,0.360491,15.700879,0.402105,15.819160,0.493106,15.234902,0.343480,15.168634,0.346679,15.143119,0.381614,45.955888,0.878524,45.362542,1.351805,44.540804,0.914336,44.503900,1.146449,44.702294,0.817240,46.598946,1.184427,45.643371,1.230150,46.825721,1.251142,46.109961,1.109326,45.521989,1.166604,45.409260,1.130563,46.148160,0.663601,45.013646,1.061712,44.100525,1.107219
8,9,480,good_profile,high_attention,high_attention,2587.308615,64.698545,2482.288597,55.765753,2557.298833,61.269278,2570.865447,63.020074,2531.148835,55.743505,2505.947932,56.273164,2540.128336,70.501970,2572.816967,76.805326,2537.299260,53.822255,2553.411846,44.725023,2502.049767,57.443300,2460.724922,59.748136,2510.415339,84.440140,2505.123701,64.260886,9.373910,0.226492,9.654934,0.208884,9.678078,0.268763,9.711986,0.193964,9.369682,0.214417,9.616424,0.248077,9.719427,0.246666,9.568726,0.307373,9.354440,0.186288,9.450193,0.257156,9.366937,0.264414,9.531603,0.193901,9.288217,0.200093,9.426985,0.193808,15.692084,0.401410,15.105099,0.331618,15.878404,0.327390,15.423109,0.368535,15.876015,0.497806,15.745127,0.440159,15.748282,0.302641,15.979025,0.395961,15.227800,0.368436,15.918654,0.457657,15.640935,0.335399,15.379379,0.343745,15.132044,0.364042,15.257998,0.428376,44.985618,0.745351,44.508856,1.053485,43.547788,1.173321,43.714643,0.871548,44.275813,1.104984,45.732523,1.280139,44.882245,0.946843,45.845064,0.867685,45.409333,1.299856,45.798334,0.682438,45.122449,1.198219,45.314651,0.914598,44.519071,1.032954,44.539562,1.192328
8,10,540,good_profile,high_attention,high_attention,2533.579152,41.986990,2495.252173,63.225365,2502.181459,63.427202,2531.017814,54.541661,2498.240034,57.827107,2530.183540,58.727599,2524.161209,55.538214,2539.105969,70.863168,2510.588823,63.285902,2532.179674,59.785485,2470.861260,53.890383,2448.956443,73.794636,2491.035570,63.650328,2500.819434,62.874434,9.544633,0.182687,9.784473,0.258517,9.768467,0.218526,9.781310,0.251458,9.452210,0.150251,9.605371,0.206582,9.636561,0.227455,9.474638,0.266036,9.370833,0.281930,9.584701,0.176264,9.509513,0.247639,9.477744,0.307430,9.401926,0.217292,9.601904,0.258208,16.006479,0.346115,15.468165,0.297160,15.999806,0.254317,15.578809,0.382606,15.968592,0.332114,15.747595,0.423259,15.740973,0.284305,16.053008,0.437995,15.394102,0.518463,16.001243,0.356843,15.948607,0.364478,15.713387,0.283592,15.278412,0.398512,15.551341,0.310202,45.206517,1.045950,44.573817,0.820413,43.702357,1.206410,44.177684,1.013947,44.277640,0.964223,46.222849,1.249465,45.240945,1.021608,45.921252,1.313408,46.319602,1.520791,46.158679,0.960108,45.244282,0.830578,45.316157,1.179113,44.621641,1.085171,44.437278,1.115897
8,11,600,good_profile,high_attention,high_attention,2540.937569,58.170434,2541.555230,63.672111,2522.925735,61.436468,2559.531110,65.352205,2517.333616,84.739561,2546.080271,80.393126,2545.478895,50.181433,2583.256231,48.526327,2552.993087,72.578886,2564.697258,60.517554,2509.175008,49.898803,2497.719469,72.792847,2512.525797,60.862368,2510.099898,54.320367,9.818232,0.220771,10.043922,0.236080,10.039085,0.210855,9.982325,0.238609,9.512677,0.227336,9.962227,0.230605,9.960326,0.243774,9.810982,0.243219,9.830433,0.190442,9.877515,0.239539,9.800872,0.242191,9.782996,0.184906,9.825056,0.219789,10.058837,0.223242,16.271114,0.388582,15.746118,0.385042,16.110582,0.409399,15.797955,0.350682,16.009617,0.403640,16.053329,0.480184,15.923497,0.480297,16.246870,0.387393,15.594512,0.419707,16.246380,0.380565,16.194245,0.299104,15.872368,0.281531,15.794159,0.420294,15.725683,0.342880,45.412028,1.266657,43.787380,1.122207,43.497008,1.122465,44.031863,0.919283,44.051243,1.213889,45.397999,0.883624,45.243576,1.191755,45.861806,1.074012,45.657360,0.928731,45.492414,0.994845,45.046157,1.303246,45.466185,1.153708,44.634690,1.176081,43.988838,1.234009
8,12,660,good_profile,high_attention,high_attention,2590.746263,54.521212,2473.033781,71.585012,2562.544203,77.256464,2600.177034,56.963057,2560.264495,68.053570,2576.476941,39.514036,2569.259419,43.550165,2614.185378,66.041550,2569.550091,50.180977,2546.161137,53.590058,2500.627705,59.020759,2504.835137,75.984370,2483.137178,67.483914,2534.282985,62.665280,10.182962,0.224351,10.444346,0.248832,10.324770,0.284539,10.582554,0.316612,10.070635,0.230837,10.307814,0.193559,10.528704,0.271250,10.208001,0.237117,10.063824,0.246592,10.280537,0.220836,10.114223,0.201072,10.325732,0.296168,10.119703,0.224484,10.225674,0.261809,16.390597,0.334312,15.989633,0.453523,16.369105,0.374549,16.260631,0.395899,16.257150,0.326842,16.589516,0.365593,16.171747,0.342625,16.746567,0.415466,16.084263,0.375425,16.376911,0.458024,16.428945,0.464572,16.326499,0.401518,16.103392,0.307199,15.989941,0.488899,44.895700,1.030578,44.010989,0.906043,43.359597,1.096739,43.123660,0.888120,43.406855,1.128450,45.937592,1.055367,44.695080,0.962004,45.237743,1.051529,45.270979,1.138346,44.928544,1.179876,44.684474,1.144422,45.028768,1.187233,44.064310,0.907477,43.236634,1.242995
8,13,720,good_profile,high_attention,high_attention,2607.922855,49.460589,2575.734198,62.658787,2563.739275,55.023044,2639.590377,52.388089,2590.740050,59.767538,2634.262093,66.371199,2632.121340,65.550167,2672.133852,62.860679,2595.206324,49.332267,2625.655497,61.078429,2568.689068,87.603600,2569.441732,58.091209,2602.301314,78.262504,2598.417413,55.354002,10.643817,0.252589,10.762816,0.262432,10.754474,0.288519,10.847996,0.222436,10.517152,0.216785,10.657349,0.251032,10.850267,0.322596,10.696127,0.231730,10.513641,0.199698,10.736493,0.303912,10.559342,0.289115,10.825805,0.312481,10.453678,0.230789,10.688340,0.267132,17.218354,0.312419,16.890396,0.403015,17.022083,0.402767,17.108924,0.288636,16.958722,0.451829,17.221230,0.318566,16.970167,0.410692,17.376696,0.446375,16.945320,0.470108,17.121332,0.330503,17.319795,0.519774,17.001652,0.302640,16.676405,0.310754,16.688386,0.400879,45.034583,0.941174,44.035698,0.818057,43.465859,0.690317,43.100693,1.047096,43.208163,0.852071,45.423280,0.955146,44.465984,0.998341,44.780316,1.104901,44.294114,1.433020,44.705821,1.202521,44.054291,1.002486,45.060851,0.804010,43.894869,0.915063,43.447465,0.950733
8,14,780,good_profile,high_attention,high_attention,2599.180610,70.847183,2523.971006,52.398950,2595.755181,51.133979,2639.302130,50.039798,2591.473996,61.777008,2651.055242,63.941964,2630.610999,54.811175,2659.019902,66.530292,2612.038589,55.541866,2630.295525,62.285348,2594.330413,68.275574,2530.055612,56.836343,2611.289185,55.957637,2593.709385,53.896192,10.708332,0.198019,10.953165,0.226370,11.128879,0.363784,11.138582,0.192034,10.801845,0.245907,10.966431,0.297684,11.120139,0.335136,10.893665,0.340078,10.717251,0.281759,11.031363,0.254658,11.027587,0.249472,11.005296,0.303808,10.771518,0.198453,10.893607,0.275608,17.875118,0.484047,17.642023,0.411662,17.770288,0.432920,17.652112,0.393790,17.817851,0.350485,17.789377,0.393360,17.531712,0.492821,17.986508,0.387492,17.588726,0.489183,17.903474,0.470054,17.898358,0.434585,17.651434,0.366983,17.411728,0.419773,17.135850,0.398208,43.913488,1.014846,43.575347,1.050018,43.081401,0.758514,42.730644,0.860787,43.125594,1.079452,44.558805,0.809014,43.301572,0.971271,43.609363,0.793911,43.214691,0.995308,44.066935,1.206032,43.641708,0.807319,44.224316,0.950552,43.393856,1.155663,42.229143,1.093947
8,15,840,good_profile,high_attention,high_attention,2644.196142,39.069125,2543.502630,50.049333,2616.607250,49.974374,2616.729419,66.292832,2570.398536,81.918046,2642.627685,50.497385,2582.096890,57.272553,2639.535970,62.503973,2593.735993,64.427626,2606.868235,67.380871,2579.263645,74.121185,2528.475367,69.613813,2625.369284,69.375246,2543.313502,83.257872,11.468860,0.298050,11.519686,0.258378,11.571684,0.233620,11.735682,0.258714,11.272460,0.222590,11.375039,0.303177,11.606077,0.290741,11.427598,0.279619,11.185000,0.265861,11.463952,0.263788,11.218034,0.212891,11.468088,0.195778,11.276045,0.202550,11.325452,0.279052,18.640816,0.472955,18.211412,0.332570,18.364093,0.509424,18.090689,0.450187,18.125748,0.553468,18.399560,0.385733,18.117242,0.391674,18.281859,0.422941,17.899614,0.478321,18.396879,0.435720,18.481585,0.456602,18.157845,0.398821,18.127122,0.433606,18.210061,0.530516,43.600057,0.923905,43.358648,0.873081,42.553900,1.173845,42.711268,0.882737,43.086564,0.730932,44.640228,1.311636,43.890016,1.105019,44.171429,1.031130,44.168067,0.855412,43.016861,1.353941,44.084501,1.317353,43.548486,0.869929,42.929849,1.081054,42.798461,1.221363
8,16,900,good_profile,medium_attention,medium_attention,2572.774341,61.267018,2532.444342,53.344516,2549.744855,47.778006,2572.960391,53.529919,2490.989544,49.647755,2568.507109,81.483117,2560.670770,70.244636,2584.402510,55.668025,2563.835131,56.849910,2585.221541,60.759427,2536.130386,67.448328,2487.555864,65.461228,2511.351082,56.471160,2475.029722,53.850931,11.631342,0.257870,12.020398,0.297530,11.823736,0.198136,11.994363,0.314799,11.590670,0.302533,11.888565,0.271363,11.938126,0.317303,11.875915,0.312257,11.563118,0.275988,11.913573,0.212625,11.623602,0.252326,11.905216,0.241021,11.689710,0.288717,11.873381,0.423411,19.628176,0.307256,19.448940,0.407286,19.862925,0.497925,19.338992,0.488016,19.403968,0.463268,19.598328,0.387270,19.294089,0.444412,19.786292,0.487336,19.103656,0.471139,19.265907,0.452668,19.829577,0.489381,19.051552,0.475532,19.277584,0.379745,19.140041,0.420542,43.603955,0.860754,43.407578,1.087858,43.209627,0.817677,42.096812,0.825052,42.564317,1.256568,44.483257,1.056142,43.650301,0.968811,44.147567,1.190377,43.752220,0.854739,43.297271,1.039835,43.753756,0.742728,44.082380,1.117511,42.798417,1.049753,42.737429,0.864267
8,17,960,good_profile,medium_attention,medium_attention,2613.532033,62.366733,2541.396692,47.278959,2578.175979,42.685618,2581.001760,44.947857,2517.520173,35.052794,2588.027960,54.559599,2578.865783,50.824171,2578.281676,41.156634,2614.487898,69.129352,2579.397549,60.231063,2564.249408,62.383089,2483.777351,63.735163,2521.787589,51.885462,2551.053149,63.434178,12.185567,0.313026,12.371132,0.319626,12.171987,0.382093,12.576049,0.211695,12.093981,0.343848,12.363321,0.401488,12.432824,0.339240,12.404408,0.332903,12.026314,0.296861,12.285387,0.341364,12.163732,0.332517,12.244853,0.306024,12.053526,0.260081,12.264288,0.259774,20.479237,0.537327,20.087653,0.500070,20.460418,0.457387,20.121080,0.485173,20.633705,0.419764,20.358975,0.488392,20.290874,0.491677,20.433493,0.572363,19.942570,0.554818,20.332899,0.515587,20.627741,0.474894,20.257704,0.374747,20.137077,0.424997,19.914813,0.390034,43.124667,1.196413,42.817665,0.991717,42.286187,0.920342,41.865733,0.948381,42.651600,0.938492,43.459384,1.264064,42.892311,1.013257,43.641923,0.945532,44.198539,0.798292,42.927304,0.968447,43.093650,1.007993,43.501523,0.846764,42.203776,1.106166,42.159993,1.233403
8,18,1020,good_profile,medium_attention,medium_attention,2579.037793,63.785888,2518.419350,73.287591,2523.528180,74.952568,2583.322503,59.930419,2524.939103,59.859068,2540.946779,62.011335,2558.868945,49.097759,2565.353959,69.183510,2572.620554,57.078119,2591.980836,75.292083,2524.407337,49.378432,2499.901933,58.236091,2521.437635,45.485286,2514.173323,60.687827,12.457391,0.265427,12.635589,0.304006,12.734147,0.299438,12.924381,0.370217,12.377011,0.301737,12.562225,0.259702,12.633663,0.321102,12.619955,0.257737,12.462918,0.260866,12.633403,0.296127,12.523146,0.289814,12.729053,0.343836,12.377517,0.408954,12.619246,0.303998,21.151237,0.451802,20.869598,0.453162,21.058506,0.516608,20.568398,0.473354,21.015799,0.458255,20.905162,0.589516,20.641990,0.454568,21.172345,0.538369,20.358455,0.335796,21.037729,0.457186,21.241718,0.582253,20.550969,0.495973,20.549240,0.454223,20.428415,0.659986,43.226039,0.858273,43.305516,0.960653,41.772009,1.170844,41.641995,1.095743,42.202695,1.415117,42.949671,0.979646,43.025889,1.074459,43.731294,0.928537,44.020122,0.916864,42.972514,0.979614,43.922464,0.822545,43.695330,1.365837,42.166834,0.836293,42.071933,0.955533
8,19,1080,good_profile,medium_attention,medium_attention,2638.026870,67.722489,2541.638312,50.013273,2625.418989,68.625153,2590.762631,70.905397,2594.732105,50.351803,2605.760147,59.957140,2626.151366,49.091252,2625.172462,53.297768,2612.335808,58.646034,2583.821463,50.347325,2541.860030,63.455295,2543.676887,73.573849,2559.154666,48.103360,2581.393756,56.983165,12.907844,0.315610,13.053531,0.356650,13.031568,0.282214,13.216791,0.222921,12.809143,0.295896,13.087847,0.281369,13.012402,0.416173,12.896596,0.316905,12.653965,0.321104,12.932874,0.216525,12.852646,0.274229,13.132321,0.344147,12.862912,0.275229,12.975145,0.301757,21.440648,0.575091,21.223469,0.556650,21.666650,0.444710,21.138479,0.435001,21.461153,0.450093,21.511075,0.486188,21.257209,0.550659,21.651511,0.618377,20.810795,0.528236,21.303587,0.614149,21.755099,0.546170,20.978110,0.565932,20.851509,0.442199,20.756080,0.478260,42.867618,0.864368,43.313188,0.881455,41.390202,0.907892,41.799859,0.740172,42.630476,1.253037,43.204859,0.796796,43.079130,1.044937,43.848834,0.869195,43.200026,1.301574,42.670495,1.225097,43.588532,1.001805,42.814518,1.162536,42.357812,0.862079,41.367810,0.698606
8,20,1140,good_profile,medium_attention,medium_attention,2541.975717,69.602705,2525.512108,59.512014,2590.041220,56.066630,2602.340137,58.885660,2558.270135,57.085318,2556.650536,50.449259,2572.837916,68.843609,2568.821280,69.725699,2557.822156,56.580409,2590.846479,49.114904,2527.169137,66.306040,2529.288049,61.053438,2546.632367,60.125439,2531.115009,65.494188,12.974041,0.289694,13.318800,0.326356,13.299081,0.225603,13.552351,0.283399,12.926634,0.325398,13.209469,0.240420,13.440646,0.297536,13.334711,0.270733,12.988973,0.284241,13.306430,0.245141,13.178115,0.258933,13.389096,0.190547,13.028375,0.330660,13.247077,0.310960,22.071707,0.459928,21.285688,0.380698,21.549824,0.593902,21.485167,0.441851,21.707827,0.540255,21.798742,0.569796,21.453301,0.369044,21.875126,0.586812,21.277366,0.538482,21.708427,0.424092,21.937229,0.552959,21.350315,0.491683,21.541888,0.533033,21.414134,0.524584,42.420728,0.749871,42.612920,0.972179,41.058697,1.061682,41.532497,0.782867,42.029394,1.169990,43.234559,1.041390,42.540776,1.221471,43.193263,0.983200,43.136876,0.872185,42.605640,0.884756,43.371719,1.108029,42.958957,1.166233,41.474762,0.685967,41.788870,0.899654
8,21,1200,good_profile,medium_attention,medium_attention,2600.343671,43.903435,2548.156985,47.821805,2540.022700,65.254103,2627.123326,71.422857,2583.711688,56.454405,2608.560113,79.016217,2604.138090,63.659613,2592.239073,52.089148,2552.905588,56.148200,2596.146294,74.209994,2567.695290,53.817844,2529.852639,57.382087,2529.796538,55.437089,2540.390973,66.139600,13.325407,0.265172,13.464830,0.442555,13.589430,0.339689,13.924815,0.287840,13.067569,0.327457,13.444270,0.234592,13.639881,0.268865,13.435422,0.282702,13.189625,0.251028,13.465992,0.222334,13.220758,0.341633,13.501849,0.359357,13.478539,0.282288,13.326054,0.298747,22.399509,0.531448,21.962186,0.593589,22.367723,0.540678,21.834457,0.499940,21.889908,0.502002,21.992339,0.623716,22.032507,0.582471,22.279801,0.412159,21.754578,0.543506,21.918597,0.359372,22.301784,0.474140,21.634701,0.496441,21.678196,0.565131,21.738728,0.588847,41.986508,0.933498,42.058005,0.932453,40.467575,1.133651,40.606745,1.262612,41.601474,0.871493,42.576006,1.020234,42.294081,1.039620,42.495180,0.775827,42.484863,1.204840,41.825151,1.074258,42.930608,0.997821,42.477655,0.882072,41.048010,0.810493,41.301581,1.548907
8,22,1260,good_profile,medium_attention,medium_attention,2606.430966,64.142268,2563.931879,56.622372,2540.418153,64.989580,2629.687106,46.414484,2577.768949,55.525232,2591.975644,72.452653,2552.423658,61.924988,2570.969776,54.812116,2573.723007,58.284953,2590.282625,70.203873,2553.685524,68.209398,2560.997265,58.700079,2582.441494,75.956433,2543.330262,76.187669,13.194693,0.347078,13.556315,0.276541,13.526715,0.330461,13.786751,0.294410,13.089995,0.286537,13.355554,0.367374,13.536239,0.335026,13.329564,0.345938,13.237208,0.384122,13.459848,0.337495,13.374338,0.328164,13.410856,0.384989,13.349679,0.406228,13.361991,0.276703,22.200123,0.287049,21.568409,0.397317,21.791561,0.522374,21.763742,0.460785,21.917143,0.383915,21.843099,0.550250,21.640711,0.684161,21.914909,0.387917,21.186639,0.573831,21.771140,0.676055,22.270777,0.487056,21.196143,0.604779,21.418881,0.653607,21.081137,0.504349,41.616733,0.860519,41.873805,0.879419,40.926251,1.136030,40.056532,0.855658,41.159806,0.990015,42.825437,1.384389,41.893227,1.244141,42.197777,1.094014,42.644673,0.944685,41.314734,0.867090,41.935173,0.917786,42.654581,1.010820,41.325153,1.173441,40.751464,0.811799
8,23,1320,good_profile,medium_attention,medium_attention,2633.252105,67.474814,2571.525492,62.167735,2610.897958,45.576571,2646.209022,67.621707,2579.264902,63.829722,2614.484530,61.550467,2619.678739,80.104299,2612.078337,63.473206,2616.189575,55.432895,2603.135629,71.303385,2563.610945,65.100916,2571.865452,55.242982,2580.978849,66.097386,2554.141811,87.166139,13.247679,0.298189,13.045111,0.285284,13.499999,0.363745,13.482468,0.320138,12.896190,0.331344,13.324106,0.350526,13.542157,0.321533,13.256086,0.341826,13.033754,0.342166,13.138396,0.367415,13.139013,0.304014,13.114016,0.253541,13.010743,0.237692,13.252560,0.301604,21.727759,0.451598,21.170344,0.525434,21.614867,0.480841,21.329513,0.406923,21.505843,0.538749,21.558022,0.485417,21.085041,0.427802,21.491230,0.692092,20.975209,0.567243,21.338886,0.596683,21.740877,0.452050,20.780961,0.517387,21.062670,0.572361,20.869969,0.591464,42.365820,1.212064,42.310507,1.110044,41.227155,1.019364,40.950091,0.870758,41.420019,0.990621,43.062358,0.903413,42.767914,1.521313,42.965370,1.055441,43.310950,0.928202,42.573997,0.946894,42.671460,0.808186,42.977017,1.074605,41.287171,1.122230,41.535944,0.796276
8,24,1380,good_profile,medium_attention,medium_attention,2594.765481,60.603447,2556.589858,68.455362,2591.917297,55.722961,2601.592020,57.960946,2582.768622,57.860226,2588.191324,72.482493,2634.344965,67.930773,2619.864826,49.991380,2569.506401,61.022601,2612.170339,82.864870,2543.347844,69.977286,2561.216928,54.489301,2571.647719,55.999183,2561.214085,56.424060,12.587781,0.335784,12.968249,0.262295,13.058158,0.302490,13.275812,0.321143,12.635509,0.312772,12.786719,0.313854,13.074103,0.331097,12.977539,0.320385,12.474974,0.231514,12.837851,0.293549,12.697830,0.360780,12.768066,0.221760,12.706129,0.273282,12.742124,0.339097,20.859398,0.507814,20.096414,0.505181,20.574177,0.517418,20.619819,0.622169,20.702605,0.430761,20.631905,0.535892,20.391389,0.337436,20.942245,0.557487,20.068102,0.544267,20.529838,0.440241,20.936292,0.500584,20.179835,0.572281,20.216039,0.494865,20.014371,0.375764,42.541173,0.935164,42.212236,0.646181,41.273169,0.844178,41.416087,0.845437,41.043225,1.036696,43.524906,0.793439,43.180476,1.343909,42.827626,1.130639,43.120357,1.063145,42.094819,1.433101,42.371451,0.767730,42.780114,1.106783,41.092702,0.894962,41.753036,0.857030
8,25,1440,good_profile,medium_attention,medium_attention,2586.171893,60.503857,2563.359963,41.957415,2541.506082,60.756580,2586.908933,50.050448,2538.489887,56.257450,2576.191486,61.717432,2618.602658,60.729199,2616.601985,62.168913,2561.114408,67.331885,2622.752038,38.987144,2499.570227,63.920737,2534.188913,49.167231,2574.720281,60.021265,2572.260533,56.035297,12.042624,0.190110,12.105519,0.287128,12.213790,0.232761,12.332916,0.313078,11.869782,0.275476,12.069702,0.205133,12.191698,0.277569,12.092402,0.309032,11.816105,0.308228,12.119713,0.298709,11.930825,0.357710,12.130324,0.229195,12.012980,0.238557,12.058995,0.292306,19.845380,0.415289,19.046017,0.552019,19.525120,0.486098,19.467238,0.653530,19.468968,0.413263,19.574687,0.383744,19.335143,0.436891,19.744676,0.427023,19.215227,0.412517,19.534128,0.333305,19.742849,0.400090,19.210762,0.487636,19.155109,0.402149,19.021544,0.442859,43.432911,1.002083,42.258814,1.183059,41.604457,0.973481,41.977029,1.121455,41.540445,1.123009,43.419212,1.273813,43.445270,0.926894,43.393925,1.038538,43.477508,0.957290,43.051924,1.065861,43.424060,1.035740,43.056588,0.970115,42.363508,1.502897,41.934238,1.026314
8,26,1500,good_profile,high_attention,high_attention,2588.784299,47.770558,2555.742854,52.412021,2541.981747,64.609757,2599.184268,54.596886,2579.128250,42.860740,2591.123388,53.589652,2604.082836,55.403138,2623.907506,62.124507,2558.344161,52.114274,2660.032191,62.177610,2495.494233,55.705129,2524.408054,56.313543,2558.419042,48.401105,2573.562326,65.950051,11.403609,0.200467,11.642244,0.298241,11.513091,0.310916,11.511604,0.264209,11.184926,0.253398,11.475165,0.302719,11.601877,0.275279,11.377686,0.288073,11.094461,0.270603,11.491626,0.294901,11.345911,0.316674,11.492834,0.277144,11.327176,0.303738,11.464552,0.189413,18.890438,0.372881,18.321072,0.317987,18.695249,0.372707,18.759600,0.432161,18.644598,0.404904,18.805470,0.361682,18.480487,0.355018,19.061338,0.642167,18.367648,0.374702,18.607172,0.480501,18.775142,0.555916,18.143551,0.400192,18.531091,0.506308,18.085232,0.414745,44.582689,0.837399,43.760683,0.925437,42.448340,1.021903,42.527527,0.889857,42.459950,1.351928,44.628094,1.392977,44.569774,1.027199,45.063339,1.055257,43.714573,0.980391,43.878612,1.075007,44.303394,0.716746,44.814322,0.954899,43.959445,1.374514,43.193085,1.243990
8,27,1560,good_profile,high_attention,high_attention,2592.461054,37.871725,2530.280626,67.973659,2560.748972,61.955382,2592.271326,68.172088,2579.269269,60.992046,2586.703997,57.507653,2607.896395,55.906435,2608.907403,77.633020,2557.531442,76.579370,2619.881796,47.378728,2523.339539,73.082969,2532.195892,63.368682,2545.186531,70.873948,2569.792958,57.668785,10.848803,0.187824,10.921110,0.297936,11.005379,0.298936,11.184002,0.130049,10.634509,0.257132,10.880422,0.286910,11.048345,0.206222,10.871159,0.297119,10.585647,0.280749,10.874009,0.239555,10.710637,0.286011,10.862391,0.294040,10.642010,0.205438,10.931041,0.287621,18.145250,0.523647,17.972246,0.386304,18.315084,0.389740,17.978940,0.304109,18.177694,0.482162,17.990055,0.361745,18.046950,0.388230,18.291127,0.421644,17.531283,0.351425,18.174545,0.475768,18.468379,0.404786,17.786271,0.477724,17.600061,0.469072,17.450647,0.378758,44.594529,1.184013,43.643566,0.764138,42.180994,1.055597,42.581314,1.159149,42.420095,1.088913,44.264581,1.216950,44.807518,0.901523,44.982595,1.090338,43.900989,1.166955,43.533387,0.913121,44.138108,1.352291,44.733033,1.307235,43.675097,1.195283,43.098191,1.338923
8,28,1620,good_profile,high_attention,high_attention,2605.787882,56.567980,2538.967260,58.525003,2592.937048,59.248753,2576.997508,44.233764,2573.181707,80.301592,2597.843776,60.247663,2624.699701,57.928088,2609.523799,70.171485,2592.583266,56.617585,2600.677604,56.062745,2551.853719,60.370950,2501.608856,56.272681,2551.251833,77.234871,2552.766640,60.313045,10.542521,0.281437,10.604359,0.219752,10.711756,0.242576,10.679466,0.230415,10.225294,0.223762,10.432138,0.247703,10.496629,0.251582,10.437178,0.245947,10.377449,0.230666,10.540847,0.249707,10.370761,0.334912,10.390473,0.192442,10.327267,0.279908,10.465089,0.208738,17.498839,0.527528,17.289239,0.352584,17.396850,0.287052,17.117825,0.435238,17.262561,0.496771,17.519338,0.401507,17.200916,0.436259,17.783114,0.406651,17.166302,0.346482,17.258925,0.370243,17.739074,0.359222,17.234437,0.357829,17.053378,0.361756,16.788590,0.458009,44.046158,1.353652,43.344215,1.029867,42.400710,1.245615,43.216689,1.145987,42.374950,1.111539,43.923345,0.910100,44.468160,1.000305,44.339356,1.311147,44.026952,1.025534,44.059628,1.110529,44.086633,1.036187,44.888621,1.029111,43.014372,0.930808,42.836679,1.256692
8,29,1680,good_profile,high_attention,high_attention,2644.634920,50.079887,2578.988845,58.681644,2633.639571,68.468098,2612.425510,51.816800,2590.700223,60.802723,2622.281264,53.224294,2632.433262,57.751644,2611.040867,50.213265,2603.530883,61.472141,2661.325112,56.335885,2547.866403,50.876844,2542.608126,49.589886,2556.872530,47.578758,2571.525030,49.736952,10.062232,0.263550,10.269633,0.256437,10.314742,0.274489,10.331206,0.242044,9.874238,0.260046,10.142220,0.270996,10.098767,0.266179,10.122717,0.272442,9.899297,0.274188,10.134924,0.288388,9.928733,0.281261,10.157698,0.278256,9.914531,0.237426,10.144666,0.200758,16.868766,0.341408,16.770954,0.416861,16.838786,0.339195,16.667081,0.324831,16.785024,0.511900,16.826404,0.456339,16.638647,0.395281,17.152370,0.460341,16.454753,0.431195,16.710835,0.331021,17.034136,0.405780,16.539261,0.410336,16.363631,0.421242,16.411489,0.375772,44.438794,1.273529,44.308893,0.835242,43.234728,0.831827,43.450301,0.911488,43.331465,0.969496,44.357812,0.934073,44.721309,1.069311,45.119900,1.083762,44.074430,1.081302,43.778373,1.090685,44.035243,1.221209,44.986409,1.173642,43.189189,0.901860,43.068776,0.974657
8,30,1740,good_profile,high_attention,high_attention,2604.769759,57.062005,2535.945522,47.935042,2627.136508,55.709096,2595.158933,64.794802,2566.910605,69.289970,2618.778591,45.879334,2615.978815,71.702322,2576.433366,56.181097,2602.992593,73.221267,2664.532830,79.262932,2587.083751,76.560671,2533.097749,82.784787,2534.812140,53.583219,2535.951082,53.025211,9.886410,0.196583,10.033675,0.281969,10.101763,0.238004,10.099473,0.228388,9.832329,0.199399,10.097143,0.197123,9.898542,0.160599,9.797374,0.311087,9.726615,0.256261,10.002247,0.230849,9.819667,0.209806,9.971881,0.234283,9.857982,0.283231,9.801021,0.240722,16.340171,0.480259,16.084023,0.320657,16.460881,0.295834,16.152788,0.497819,16.315755,0.341973,16.389839,0.345711,15.944534,0.429615,16.187944,0.412461,16.119997,0.455711,16.257553,0.395885,16.227136,0.367059,16.148357,0.509004,16.081854,0.465964,15.797105,0.400396,44.105970,1.326362,44.646811,1.043961,43.575042,0.786571,43.496475,0.784627,43.747049,0.996420,45.068994,1.046388,45.481769,1.010909,45.009439,1.126017,44.265783,0.769350,44.544951,0.982236,44.827771,1.052303,44.934226,0.962061,42.741507,0.905951,43.909640,1.161377
9,1,0,moderate_profile,high_attention,high_attention,2533.159802,124.512230,2542.943265,120.217524,2577.425106,93.297683,2629.713642,126.158118,2547.197891,93.270639,2528.103579,124.153544,2589.865925,86.698786,2551.364763,98.580216,2551.691112,108.826267,2598.040892,114.408584,2498.706758,102.362814,2659.902157,122.107319,2704.126285,119.532283,2541.509323,128.970505,9.432177,0.429946,9.442197,0.385926,9.776461,0.443674,10.009420,0.482460,9.475298,0.287926,9.898600,0.475334,9.946888,0.320471,9.953264,0.514174,10.013105,0.427957,9.804078,0.310941,9.569122,0.346787,9.596159,0.348754,9.716274,0.329000,9.770759,0.302686,15.867268,0.845640,15.296571,0.475886,15.298737,0.692056,15.010116,0.465378,14.867862,0.578775,14.933276,0.619710,14.878919,0.683885,15.323134,0.641116,15.653220,0.504037,15.331232,0.844484,14.808270,0.941939,15.308368,0.447551,14.663279,0.729364,14.973506,0.550689,44.236108,1.963310,44.568013,1.973375,45.849109,2.307076,44.348682,1.908405,43.446918,1.579311,43.960575,2.540277,43.445780,1.820187,41.913378,2.107253,42.392339,1.600773,42.330511,2.134929,43.376144,1.947645,43.907503,1.292676,45.170669,2.196776,43.329247,1.641089
9,2,60,moderate_profile,high_attention,high_attention,2548.367013,119.167637,2506.978464,111.198831,2578.724896,117.402330,2665.769314,108.582167,2569.990707,110.336357,2525.351314,144.117372,2581.424256,117.199356,2499.284843,116.636162,2495.094770,113.684294,2566.624778,114.267683,2524.463258,84.590246,2603.299316,128.618587,2630.902404,149.368418,2524.689995,97.277123,9.698117,0.406672,9.601604,0.515392,9.824610,0.400055,9.839892,0.456468,9.587684,0.405601,9.979742,0.287805,9.978597,0.474540,9.799432,0.438070,9.992420,0.452286,9.699493,0.476949,9.745976,0.429509,9.722615,0.517270,9.776465,0.455444,9.876564,0.394311,15.654898,0.549035,15.300298,0.644416,15.741708,0.813727,15.187344,0.667457,15.071243,0.736379,14.748472,0.559064,14.985919,0.604880,15.321270,0.972106,15.466117,0.454825,15.207695,0.550635,15.247767,0.754607,15.203062,0.655240,15.304274,0.607416,14.935952,0.673400,42.155582,2.243856,44.173699,2.110608,44.936153,2.861885,44.926347,2.477331,43.124722,1.935370,43.389005,2.409996,42.916304,2.146274,41.505871,1.826860,42.301723,2.503890,42.675519,1.647956,43.583757,2.395665,42.325192,1.488999,44.637348,2.244117,43.614708,1.796774
9,3,120,moderate_profile,high_attention,high_attention,2655.075885,114.603095,2536.774252,103.995245,2629.546208,147.256885,2692.522199,149.848001,2576.197284,58.141007,2593.358106,96.097463,2608.211606,117.342522,2551.121875,103.938883,2517.246781,83.904865,2663.612952,123.591667,2487.554365,106.576196,2629.622393,130.382366,2661.480491,110.157300,2580.094693,104.648941,9.692170,0.280254,9.720610,0.432145,9.795407,0.411382,9.897677,0.569333,9.788208,0.326861,9.891524,0.356408,9.916489,0.396192,9.879818,0.509941,9.845968,0.359129,9.722843,0.216036,9.781427,0.383601,9.825677,0.472629,9.899573,0.427875,9.869998,0.517654,15.797456,0.891596,14.961532,0.705430,15.311691,0.606529,15.303173,0.916920,14.666919,0.727344,14.736750,0.648135,15.144078,0.684480,15.089790,0.720558,15.288417,0.597368,15.018849,0.782535,15.169701,0.703803,14.736755,0.692534,14.682399,0.558881,14.742788,0.719043,41.926477,1.831444,45.198095,2.466083,45.655047,2.180369,45.454776,1.617191,43.409595,1.888349,43.539728,1.747396,43.269510,1.862371,41.680048,1.905845,42.253550,2.544224,42.243270,1.885987,43.663223,1.581191,42.885629,2.468881,44.633130,2.554488,43.360437,1.747391
9,4,180,moderate_profile,high_attention,high_attention,2563.003442,105.104331,2561.658551,118.412094,2629.488224,106.378863,2652.521787,111.346934,2531.722048,121.054344,2594.791346,103.092880,2549.830143,120.837170,2503.052986,97.863406,2538.485912,104.892692,2567.717360,88.432556,2498.526980,116.896567,2576.212646,122.034887,2639.576611,93.819920,2502.212454,125.082486,9.771271,0.500139,9.476993,0.465337,9.726958,0.362005,9.965138,0.402120,9.686691,0.338592,10.018697,0.550304,10.103895,0.488380,10.012387,0.376709,10.134882,0.503621,9.928578,0.358488,9.651780,0.512244,9.716124,0.378916,9.717664,0.482509,9.959562,0.456977,15.998670,0.772804,15.142952,0.665153,15.349703,0.572842,15.147396,0.852690,14.748288,0.596645,14.876922,0.814324,15.092595,0.587626,15.126942,0.557127,15.642922,0.508641,15.265891,0.419352,15.348843,0.693683,14.581421,0.706483,14.883456,0.732212,15.062058,0.616443,41.912423,2.115708,44.072237,2.038526,45.096827,1.690265,45.139149,1.996800,43.532558,2.246595,43.561615,1.951257,43.907473,1.879654,42.384351,1.968409,42.240954,1.829109,42.348269,2.422115,43.860731,1.675894,43.342333,1.628578,45.548337,2.171620,42.892040,1.801059
9,5,240,moderate_profile,high_attention,high_attention,2539.308667,77.531472,2542.950449,91.577072,2599.880289,128.254216,2625.689035,117.132698,2576.066427,143.770569,2561.050256,111.042991,2569.239356,120.570934,2575.945633,122.859231,2498.938190,83.908270,2605.025134,108.590999,2568.156348,85.267711,2561.145482,83.708017,2643.519461,125.328375,2521.474106,87.168046,9.640035,0.486060,9.263917,0.531075,9.376465,0.405511,9.966671,0.397551,9.575330,0.352716,9.636837,0.480774,10.111857,0.459091,9.925935,0.417451,9.842271,0.440855,9.816154,0.437897,9.510786,0.509237,9.636092,0.379132,9.635724,0.489211,9.673442,0.506524,15.925416,0.769710,14.966328,0.794287,15.220070,0.608092,15.376041,0.615533,14.657356,0.616043,14.891289,0.716622,14.845213,0.752298,15.386211,0.700486,15.574827,0.842654,15.359580,0.549733,15.009155,0.512847,14.905604,0.710790,14.866771,0.565452,14.855528,0.668317,43.168316,1.290998,45.250480,1.527745,45.123705,1.859529,45.724147,2.542702,43.919027,1.567881,42.834713,1.638223,43.821744,1.344549,42.139434,1.266939,43.189967,1.577748,42.909697,1.734738,44.742521,1.963534,42.840805,1.525408,44.077483,2.222674,43.369726,1.725777
9,6,300,moderate_profile,high_attention,high_attention,2503.975764,132.204715,2535.523849,124.902187,2566.248313,126.141558,2671.293106,107.406388,2551.072374,137.130561,2571.900648,112.249578,2614.290556,118.551542,2557.279034,136.683287,2481.605643,129.454287,2552.634476,104.625887,2531.408958,104.217183,2594.174699,67.725591,2617.680256,123.904683,2570.620157,101.731143,9.610047,0.329265,9.456095,0.373705,9.546823,0.345812,10.112305,0.411148,9.848657,0.452429,9.874706,0.575589,10.071279,0.414589,9.898501,0.447889,9.993620,0.480237,9.823098,0.495129,9.586496,0.438604,9.707334,0.471283,9.745132,0.481175,9.740243,0.448167,15.855828,0.785061,15.387111,0.557845,15.194801,0.646860,15.291787,0.782718,14.873238,0.751710,15.398816,0.762371,15.307871,0.678563,15.016423,0.722714,15.826032,0.625082,15.360116,0.644963,15.092174,0.671744,15.207508,0.802112,15.260705,0.639213,15.078545,0.581930,43.568973,2.700321,45.092187,1.657586,45.312427,2.235281,44.730523,2.267465,43.768809,1.507842,43.379935,1.067950,43.596111,1.613219,42.897334,2.084507,43.422138,2.185152,42.213586,1.901083,44.157509,2.054582,43.424275,2.069379,44.115835,1.866665,44.047970,1.755004
9,7,360,moderate_profile,high_attention,high_attention,2498.991345,84.827499,2534.812267,111.430334,2598.588492,143.464954,2618.587034,89.525358,2501.493334,91.671587,2525.356109,127.389989,2501.421614,96.139930,2500.607044,116.134669,2554.314070,95.702439,2564.059350,110.141744,2481.247404,127.963560,2580.375161,137.571579,2647.680240,126.309972,2440.045980,100.359456,9.651072,0.446745,9.546661,0.400794,9.913750,0.395334,10.403445,0.420426,9.961564,0.422539,10.027785,0.458255,10.230477,0.518619,10.132804,0.518656,10.231665,0.394546,9.685355,0.532098,9.826928,0.324950,9.710343,0.308939,9.928391,0.417206,9.902299,0.368283,16.226989,0.736350,15.267406,0.713970,15.807560,0.760778,15.445696,0.655357,14.771694,0.651602,14.923016,0.886426,15.210801,0.494047,15.240379,0.775875,15.467484,0.659181,15.339804,0.729225,15.449789,0.683222,15.160769,0.522989,15.451444,0.649400,15.234665,0.830533,44.192729,2.237028,45.108420,1.699175,44.639570,2.453103,45.884304,1.925470,43.363151,1.878832,45.142982,2.208538,44.486743,1.806655,42.225643,1.335757,44.570871,1.718988,43.139850,1.731633,43.645716,2.143720,43.293898,1.762127,45.563662,1.761413,44.419608,2.284772
9,8,420,moderate_profile,high_attention,high_attention,2465.335349,83.769792,2465.754304,116.410890,2517.840095,95.970872,2587.880769,93.718856,2524.455083,115.833682,2489.854479,107.398811,2484.740067,101.473342,2478.958927,90.236931,2437.565305,124.434311,2482.266196,106.915229,2487.172724,113.788311,2519.662542,103.551081,2577.771528,103.663581,2434.724137,126.400421,10.049364,0.431286,10.077378,0.331432,10.324733,0.480667,10.510684,0.519520,10.198826,0.459941,10.253953,0.531458,10.698129,0.393819,10.434476,0.460821,10.469903,0.600558,10.302038,0.442856,10.117039,0.502413,10.087084,0.511424,10.313989,0.313140,10.380969,0.553655,16.647739,0.710376,15.735124,0.848754,16.003395,0.818705,15.847983,0.607539,14.949760,0.609099,15.217769,0.792772,15.552816,0.661897,15.830536,0.460855,16.226059,0.698024,15.649969,0.662563,15.946406,0.911463,15.616863,0.802897,15.386675,0.793643,15.518397,0.871994,43.649090,2.017752,44.457453,2.232363,45.172207,1.927524,44.185106,2.207043,43.430510,1.821419,42.756066,1.879579,43.525211,1.773324,41.815788,1.679987,42.377536,1.726156,42.732495,1.698445,43.614875,1.541693,43.073497,2.070893,43.543481,1.635222,44.313453,2.183482
9,9,480,moderate_profile,high_attention,high_attention,2526.298941,129.052539,2468.056739,79.550939,2518.211522,109.307542,2599.430279,102.645369,2486.743829,128.531246,2479.081294,125.241919,2487.062546,91.686866,2529.948120,93.064093,2471.098690,92.647332,2489.171109,105.801678,2490.652193,107.296142,2546.126723,111.849390,2563.768878,90.596894,2453.619246,146.289259,10.733932,0.451305,10.415059,0.349402,10.509315,0.352266,10.871598,0.600809,10.350214,0.531249,10.763048,0.574835,10.911050,0.479467,11.191783,0.446923,10.922226,0.459077,10.706154,0.461959,10.501038,0.392516,10.507935,0.423567,10.689775,0.461719,10.715453,0.479187,16.707804,0.743647,15.791844,0.688505,16.259430,0.756900,16.104755,0.522009,15.550200,0.702985,15.650551,0.718791,15.880478,0.704778,15.904043,0.532666,16.288319,0.849698,16.217263,0.788813,15.953235,0.594290,15.668095,0.679530,16.037178,0.959156,15.900262,0.700291,43.282980,2.304582,44.550769,1.855454,44.600305,2.015336,45.716156,2.325007,44.269423,2.172809,43.589347,1.606831,43.581079,1.925427,42.736997,1.283617,42.625347,2.044058,42.642792,1.601778,43.249022,0.715010,43.107899,1.700935,44.218549,2.290301,44.650822,2.372771
9,10,540,moderate_profile,medium_attention,medium_attention,2525.041274,111.268399,2555.491004,109.247379,2563.306210,97.707488,2668.673519,110.515517,2559.821862,114.071680,2481.663035,106.358113,2522.351554,131.319711,2547.750139,100.529039,2504.040250,124.654177,2497.706400,107.175010,2507.497977,115.436632,2598.709995,120.887460,2564.657734,82.823272,2514.173087,118.744665,10.854218,0.365763,11.162936,0.395803,11.135714,0.565509,11.021370,0.478332,11.038041,0.643802,11.395093,0.504732,11.475478,0.419858,11.203354,0.403142,11.221953,0.526101,11.176459,0.580744,10.952391,0.581385,10.967500,0.463282,10.989446,0.551337,11.191627,0.482855,17.298816,0.810279,16.699314,0.643332,16.888453,0.642803,16.789237,0.764928,16.083816,0.587752,16.047494,0.620005,16.436579,0.699636,16.075130,0.586045,16.840111,0.836648,16.613588,0.638739,16.673024,0.795336,16.255925,0.557332,16.648386,0.606109,16.380532,0.685387,43.055278,1.935283,44.135383,2.798262,44.423826,1.869652,44.981162,1.786450,43.499477,1.942977,42.510450,1.975778,42.754729,2.029848,41.848079,2.158214,42.145572,1.734776,42.474332,1.871229,43.023817,1.665950,42.072344,1.783693,43.718192,2.584138,43.050080,1.569351
9,11,600,moderate_profile,medium_attention,medium_attention,2515.400200,78.282703,2529.213555,131.901916,2606.404133,121.603125,2594.602619,109.369438,2481.521906,86.537683,2486.594170,115.503646,2527.616606,128.388645,2459.514806,116.096936,2507.007064,133.636838,2489.493822,119.247867,2519.413218,93.596438,2567.254797,107.172096,2603.502848,128.859060,2485.634656,114.054057,11.416410,0.529327,11.725551,0.509504,11.649128,0.567856,11.956013,0.480206,11.401760,0.526364,11.902581,0.624892,11.968859,0.596085,11.614519,0.519264,11.843353,0.394336,11.708538,0.470003,11.745104,0.433464,11.416773,0.527343,11.798652,0.684652,11.772595,0.418045,17.913727,0.857754,17.163451,0.668296,17.399222,0.699959,17.133560,0.586242,16.773427,0.662042,16.767249,0.610686,17.516660,0.911993,16.942398,0.618835,17.416581,0.887081,17.190692,0.877645,17.238288,0.903676,16.905032,0.618221,17.397432,0.737847,16.934260,0.950376,42.910388,1.869325,43.550288,1.902712,43.495398,1.462495,44.514496,1.643069,42.912126,2.180841,42.657723,1.718751,42.661210,1.702738,40.854294,1.956235,41.635105,2.224437,41.645106,1.847206,42.627724,1.744749,41.437187,1.635072,43.646225,1.915856,41.650698,2.049011
9,12,660,moderate_profile,medium_attention,medium_attention,2476.098649,104.078133,2474.669608,114.128639,2574.949192,116.021968,2589.370891,149.760460,2529.056140,120.035218,2459.185235,133.409386,2528.721435,116.606726,2533.949364,122.451914,2546.004376,129.392669,2532.069501,123.964481,2465.201015,99.011335,2566.773237,157.589790,2640.637628,108.752135,2526.222873,96.960290,11.814600,0.593853,12.063508,0.602166,12.274200,0.716656,12.525080,0.646380,12.060156,0.456309,12.513453,0.466168,12.679405,0.458418,12.364544,0.596794,12.575471,0.405871,12.252281,0.544986,12.199522,0.659982,12.193109,0.534762,12.396716,0.444445,12.405817,0.338241,18.617217,0.983534,17.756277,0.644628,18.599051,1.016419,17.913450,0.662192,17.348082,0.579100,17.450734,0.810400,18.036917,0.806120,17.734073,0.757840,18.527309,0.720503,17.850004,0.720916,18.076843,1.084681,17.876828,0.780099,18.035325,0.827304,17.702496,0.925446,41.117865,1.897885,42.564563,2.799765,42.541896,1.342594,43.719687,1.754054,41.216046,1.304237,41.382634,2.151019,41.077949,2.166641,40.665879,1.945407,40.660850,2.212088,41.689740,1.692342,41.870925,1.984592,41.437816,1.236843,43.000055,1.973840,41.534669,2.122733
9,13,720,moderate_profile,medium_attention,medium_attention,2555.058003,103.456097,2482.150068,90.480681,2579.240084,110.372761,2624.298133,115.877752,2504.868937,116.634587,2532.446133,102.564538,2570.143087,107.237979,2498.240154,119.497554,2541.826527,140.288210,2547.271659,94.749232,2497.741449,112.107058,2563.615280,115.006595,2666.920397,114.760172,2512.691168,82.003815,12.535710,0.577408,12.485363,0.648640,12.900434,0.731110,13.314747,0.649842,12.442408,0.556165,12.970259,0.666084,13.150201,0.442102,12.871988,0.624045,12.854887,0.704383,12.674926,0.481664,12.454548,0.475255,12.796309,0.579838,12.637465,0.613060,12.836740,0.703913,19.236227,0.981521,18.528572,0.791588,19.080386,0.996549,18.689681,0.924533,18.169857,0.782224,18.209417,0.693030,18.518208,0.794708,18.521104,0.811684,19.015271,1.106821,18.894621,0.711042,19.000585,0.794903,18.435164,0.715529,18.779150,0.736881,18.187793,0.566815,40.871334,1.686978,42.891506,1.245658,42.386069,1.676732,43.981963,1.148593,41.938652,1.987339,41.197343,1.898531,41.781316,2.054996,41.340013,1.515932,40.679855,1.685240,40.311583,1.590763,42.019830,1.927817,41.495987,1.788391,42.916662,1.746159,43.005026,2.023357
9,14,780,moderate_profile,medium_attention,medium_attention,2552.573132,86.204569,2519.318049,125.533293,2618.012611,126.322853,2668.703175,91.460118,2554.619384,111.875329,2563.700437,104.704986,2586.350201,98.703717,2569.711437,82.436244,2534.704263,76.244425,2554.425824,112.916933,2529.566341,86.973219,2663.889334,119.593674,2653.955701,121.082384,2573.694497,152.276899,12.822659,0.531058,12.950825,0.504827,13.316582,0.521752,13.446032,0.579403,12.908501,0.456592,13.274787,0.566335,13.564215,0.587515,13.552486,0.457931,13.186884,0.559323,13.074591,0.508922,12.990306,0.567940,13.232317,0.607342,13.108176,0.545418,13.251935,0.691530,20.333642,1.048409,18.964757,0.651880,19.580328,1.122948,18.855561,0.985728,18.648324,0.871851,18.522119,0.856573,18.743342,0.569662,19.154288,1.116320,19.675502,0.644741,19.270021,0.820417,19.599702,0.966445,18.599655,0.724487,18.912406,0.965169,18.816129,1.059998,41.363010,1.567030,42.616023,2.114961,44.021182,1.544509,43.872164,2.282790,41.958597,1.934879,41.359907,1.879359,42.495552,1.749401,41.461927,2.079770,40.763913,2.237738,42.061979,2.217775,41.706646,1.927111,42.325148,2.081326,42.904564,1.863003,42.437341,2.166981
9,15,840,moderate_profile,medium_attention,medium_attention,2601.266405,99.821569,2561.373414,94.421945,2606.137802,110.015134,2696.320648,120.636084,2536.801667,110.111788,2550.019322,113.345056,2563.956805,150.221919,2520.404381,84.338565,2568.510262,101.471288,2530.318404,109.482547,2483.671815,123.198780,2632.591739,104.663727,2659.762560,105.929201,2578.565105,81.647451,13.387818,0.643482,13.465854,0.615987,13.792724,0.673424,13.976109,0.576281,13.375973,0.624492,13.979709,0.682272,14.089192,0.688468,13.749361,0.556248,14.042544,0.657129,13.619231,0.526387,13.428457,0.543556,13.802375,0.797456,13.656693,0.496677,14.009507,0.472903,19.959923,0.913738,19.210447,0.830644,20.068062,0.982356,19.642806,0.872048,19.236944,0.866690,19.125708,0.755649,19.209439,0.826163,19.271243,0.868126,19.736408,0.982466,19.304629,0.952921,19.570672,0.988678,19.069714,1.135433,19.269022,1.092038,19.195641,0.857240,41.812627,2.377971,42.446201,1.686388,42.897296,2.424073,43.903662,1.938832,41.459177,1.752091,41.800622,1.576809,41.248990,1.978707,40.106582,1.850690,41.557330,1.978837,41.496903,1.603467,41.944430,1.570487,41.366222,1.563147,43.467097,2.177461,42.397744,1.807991
9,16,900,moderate_profile,medium_attention,medium_attention,2567.403692,104.500195,2554.413466,106.369478,2625.955334,143.805346,2598.412401,121.093024,2559.555026,107.559061,2492.673367,93.304740,2544.250359,115.598245,2545.025425,133.314593,2493.288839,111.075451,2517.158613,100.528882,2485.179037,79.344100,2578.944758,118.242218,2661.270725,117.379324,2541.040867,114.642381,13.662371,0.727406,13.489657,0.571142,14.454965,0.610756,14.234135,0.657424,13.998618,0.558272,14.032906,0.651235,14.076538,0.760623,14.206672,0.754547,14.046155,0.476047,13.754543,0.613563,13.789772,0.590527,13.877913,0.735161,14.008458,0.672499,14.306632,0.688829,21.035582,1.109904,19.988884,1.025782,20.576949,0.848791,20.446582,0.776395,19.608084,1.106939,19.986450,0.902611,19.585127,0.958479,20.230213,0.796773,20.230404,0.927765,19.996558,0.970906,20.193536,1.046079,19.945995,1.026961,19.837133,0.889703,20.073506,1.029445,41.932223,1.414192,42.273017,1.569692,42.641482,1.213951,43.415020,2.048581,41.247414,1.924548,41.623201,1.884105,41.693633,2.332479,41.008646,2.386349,40.767205,1.777332,42.316353,2.057371,41.916888,2.089499,41.331309,2.219450,42.608835,1.975352,41.962543,1.922304
9,17,960,moderate_profile,medium_attention,medium_attention,2506.549549,125.437263,2542.930742,106.635280,2597.568452,93.643550,2655.529854,137.469708,2565.744780,115.133919,2576.582778,132.396171,2560.462986,95.499225,2588.486276,151.613125,2564.606867,132.537361,2570.997580,153.345385,2492.664402,77.344902,2587.371899,121.285432,2699.451090,106.921686,2591.453925,164.685201,14.189357,0.604570,13.936326,0.551558,14.421092,0.798582,14.770304,0.536788,14.433712,0.459310,14.400454,0.836010,14.488934,0.550448,14.828853,0.717213,14.628112,0.562332,14.517224,0.744979,14.036135,0.606748,14.111020,0.656447,14.325597,0.516437,14.437142,0.552311,20.919347,0.809063,20.050626,0.806722,20.926262,1.028259,20.622219,0.737388,19.704024,0.952045,19.743710,0.818871,20.367737,0.715893,20.419249,0.903127,20.708395,1.012320,20.480705,1.156054,20.153557,1.060735,19.996315,0.873101,20.037942,0.910766,20.223965,1.077432,41.087183,1.764167,42.017189,2.203760,42.344439,1.332252,43.070328,1.475982,41.251949,1.599482,41.333408,1.941060,41.067857,1.197499,39.969750,1.580495,40.774770,2.199027,40.890951,2.213691,40.348172,1.877425,40.634896,1.972159,41.108660,1.243148,41.683971,1.869002
9,18,1020,moderate_profile,medium_attention,medium_attention,2591.664883,90.779677,2609.398665,131.499379,2613.985446,102.649012,2692.695688,120.622544,2578.104751,106.159747,2569.106600,98.037717,2622.847526,130.530405,2584.100538,118.732731,2619.974925,102.228783,2571.510102,99.296574,2602.018879,103.517696,2667.824163,118.985164,2717.686928,171.765617,2636.127966,111.613303,14.160848,0.548610,14.603078,0.696219,14.439553,0.704619,15.055739,0.595990,14.672086,0.710672,14.949213,0.670878,15.066200,0.837852,14.609654,0.629495,14.490996,0.821556,14.649797,0.759723,14.988539,0.720428,14.625284,0.534701,14.327922,0.659803,14.692720,0.545490,20.962558,1.026773,20.387544,0.765582,21.383048,0.892740,20.553322,0.818742,20.179423,0.754181,20.228668,0.968195,20.293109,0.913448,20.590260,0.947961,20.801446,0.915627,20.853258,0.570779,20.311205,0.892020,20.101054,0.744210,20.196548,0.733190,20.213818,1.154610,40.793300,2.067756,42.616013,1.251913,42.128220,2.043588,42.698560,1.603613,41.258001,1.818561,41.173557,1.599334,40.411718,1.890829,38.976724,2.467224,41.098859,1.878330,41.052812,1.967917,41.263869,1.846273,40.361390,1.696918,41.856209,2.043308,40.096162,1.751261
9,19,1080,moderate_profile,medium_attention,medium_attention,2541.950750,84.420692,2509.995499,103.741766,2547.352875,111.058585,2641.700800,129.020764,2515.217157,112.474202,2484.692040,94.043939,2603.004393,106.614258,2502.032193,112.187711,2562.529381,141.148531,2473.118691,106.284791,2526.639364,132.350678,2619.990214,89.494488,2642.335484,129.071849,2492.196554,101.231547,14.416920,0.522572,14.937134,0.739545,14.980100,0.561510,15.401438,0.720987,14.995953,0.876977,15.226647,0.715347,15.671225,0.660411,15.577371,0.660051,15.205415,0.600165,14.926932,0.485603,14.667499,0.594559,14.737410,0.840499,14.912686,0.690228,15.226123,0.694805,21.962626,1.041435,20.794222,1.295379,21.264026,0.833561,20.847009,1.014686,20.433345,0.943037,20.760213,0.950674,21.214789,0.871622,20.736417,0.857783,21.476286,0.960955,21.266000,1.079422,20.802871,1.053930,20.812686,0.862189,20.736177,0.947934,20.910542,0.784191,40.274223,1.713716,42.567760,1.909131,42.029076,1.509693,43.264506,1.498976,41.632407,0.999594,40.209557,2.080608,41.401067,2.393682,39.690810,2.032740,40.375907,1.739118,40.440635,1.745087,41.281996,1.576110,40.583791,1.648783,41.938231,1.965980,41.035793,1.659773
9,20,1140,moderate_profile,medium_attention,medium_attention,2559.127592,74.158834,2529.362785,87.511188,2612.840126,118.369173,2692.899978,136.994919,2581.038609,84.424157,2501.613642,88.958449,2539.496731,125.282193,2521.925303,115.359715,2481.742061,106.101513,2513.446090,128.546978,2570.522009,138.949238,2637.098626,131.069777,2689.652328,148.332367,2593.271371,153.387328,15.288233,0.619087,15.298859,0.656063,15.616378,0.688546,16.091218,0.757996,15.547042,0.687198,15.726454,1.009645,15.710803,0.643797,15.939389,0.691594,15.800332,0.785230,15.348001,0.606794,15.394503,0.675354,15.573035,0.733805,15.567829,0.652528,15.591837,0.631943,22.271939,1.055233,21.057099,0.718046,21.747920,0.855129,21.803361,0.972534,20.915463,1.133899,20.892145,0.945631,21.772614,0.914268,21.700691,1.136070,21.506410,1.068733,21.282743,0.845281,21.775002,0.968060,21.367334,1.235476,21.280670,1.045737,21.348648,1.010210,39.098268,1.874569,41.080706,1.341394,41.804182,1.973672,41.570939,1.883902,40.927026,1.700946,40.128638,1.953473,40.388881,2.012434,39.888173,2.158978,39.679893,1.550628,39.578813,1.767592,40.172023,1.786184,40.978677,1.575553,41.619810,1.859328,40.360210,1.724872
9,21,1200,moderate_profile,medium_attention,medium_attention,2555.717003,136.791341,2519.005767,107.680737,2608.590827,155.635698,2690.865779,113.234835,2569.714156,140.289789,2550.158778,85.641802,2521.881711,122.840264,2536.369612,108.376572,2500.309978,79.968435,2535.665558,130.066425,2529.309309,138.616178,2645.852827,106.964879,2617.914122,117.374194,2529.578501,116.917013,15.758639,0.720095,15.969701,0.741960,16.064052,0.823443,16.854475,0.703886,16.061320,0.685748,16.546008,0.839648,17.183089,0.637683,16.738412,0.756152,16.347253,0.717144,16.411286,0.558548,16.377983,0.833769,16.440826,0.763997,16.457092,1.039113,16.740188,0.788323,23.060973,1.262009,21.903045,1.116347,22.849334,1.098786,22.309202,1.005767,21.545767,0.874215,21.636108,0.742665,21.775285,0.842138,22.287666,1.026626,22.430213,0.756456,21.799450,1.185598,22.057111,0.939846,21.916093,1.130816,21.718808,1.230413,21.949030,1.494548,38.802635,2.018232,40.369201,2.209461,40.824515,1.785168,41.281949,1.533945,40.452289,2.472737,40.312497,1.792650,39.926979,1.609310,38.639196,1.690129,39.145021,1.791325,39.800618,1.570676,40.273393,1.401820,40.560720,2.177356,41.244734,1.871831,39.995078,1.630024
9,22,1260,moderate_profile,medium_attention,medium_attention,2571.141669,100.272393,2493.579480,104.534155,2642.057196,114.511698,2645.964491,152.820434,2513.580637,123.923419,2551.877379,138.499641,2567.006046,110.276023,2518.355327,132.324355,2519.492713,96.869085,2510.991020,80.426205,2517.719700,120.444733,2625.752464,99.065965,2623.605845,106.314701,2482.545202,108.112074,16.707335,0.773648,17.044157,0.736311,17.359036,0.765362,17.801416,0.622928,17.095952,0.773922,17.214045,0.570290,18.004281,0.775717,17.802679,0.686290,17.702668,0.844293,17.603332,0.821629,17.213471,0.545236,17.255063,0.752063,17.192569,1.048040,17.644277,0.877306,23.502645,1.038897,22.271138,0.965390,22.877365,1.190333,23.244980,0.935185,22.646247,0.984993,22.709709,0.939992,22.930455,1.191750,23.050081,1.041133,22.985124,1.311231,22.805466,1.330950,23.027164,1.056593,22.462894,0.960551,22.900964,0.780765,22.284391,0.966993,39.362590,2.152199,39.833813,1.972984,40.181373,1.095669,41.153811,1.768584,40.175381,1.360301,39.195703,1.360798,40.228417,1.899998,38.177733,1.688332,38.945750,1.701532,38.552183,2.004433,38.718388,1.674995,39.112548,1.825433,40.590434,1.767982,39.948754,1.524646
9,23,1320,moderate_profile,medium_attention,medium_attention,2490.803772,105.894609,2531.023004,112.870594,2581.123285,115.928518,2635.987755,122.455226,2499.875254,101.374765,2511.803335,94.625365,2560.470638,101.277302,2499.551959,111.759332,2466.177027,107.134441,2543.556076,71.594662,2468.887088,73.030636,2516.542217,103.385714,2594.962296,94.546674,2517.452044,90.642122,17.669477,0.979244,17.863950,0.640744,18.334551,0.906960,18.659609,1.100584,18.045040,0.681814,18.463698,0.647054,18.516578,0.704095,18.720957,0.869273,18.444072,0.889858,18.368972,0.914573,17.786873,0.788416,17.825601,0.681815,17.795780,0.946432,18.606719,0.775571,24.994833,0.918619,23.890358,1.099674,24.407009,0.963634,23.711872,0.962976,23.707826,1.043819,23.695227,1.150236,23.515593,1.123108,23.508794,0.623026,24.139306,0.974061,23.583281,0.707391,23.446426,0.779672,23.512911,1.213801,23.749115,1.013158,23.337525,1.143661,39.083477,2.154912,41.444774,2.174518,41.766652,1.882004,41.995690,1.731007,39.666360,1.658496,39.862911,1.888476,40.805173,1.536998,38.878888,2.537334,39.702353,1.085313,38.944377,1.355111,39.736937,1.763691,38.723224,1.577062,41.146204,1.616029,40.274225,1.993282
9,24,1380,moderate_profile,low_attention,low_attention,2439.289620,96.819091,2512.931005,117.498100,2596.797801,136.146031,2645.206218,118.847574,2532.047469,120.452550,2550.964326,95.629091,2469.707084,115.633139,2531.710059,123.453404,2501.025616,89.466383,2478.630721,130.320006,2519.224552,76.604123,2573.452730,126.379030,2687.618838,82.114130,2462.496018,97.487569,18.870909,0.674668,18.724630,0.837789,19.015165,0.693088,19.829265,0.649082,19.021753,0.808571,19.555249,0.891880,19.876703,0.768199,19.942398,0.760082,19.564737,0.900280,19.459935,0.746101,18.754672,0.826300,18.949892,0.699361,19.103512,0.616297,19.791969,1.040557,25.975708,1.227048,24.684765,0.908865,24.593292,1.386773,24.838801,0.848482,24.324837,1.231679,24.240226,1.307981,24.097802,1.116025,24.800481,0.876141,25.692770,1.148951,24.590212,0.834705,24.894938,0.975737,24.453822,0.755688,25.081641,1.004906,24.509851,1.365563,38.311839,1.494989,40.349885,1.701454,40.494710,1.530709,40.946511,2.272446,39.082247,1.560442,39.017782,1.645447,38.803733,1.888992,37.562547,1.657267,38.730900,1.143164,38.109752,1.286408,38.323547,1.719913,39.175381,1.822288,40.165848,1.958339,40.065112,2.198914
9,25,1440,moderate_profile,low_attention,low_attention,2554.243377,100.437504,2512.887406,138.399011,2596.656222,134.911033,2670.601547,108.182490,2531.671983,124.464086,2501.238036,88.171233,2478.440610,101.510468,2543.641667,92.301353,2465.374515,90.830457,2512.341886,123.961982,2555.574795,86.337521,2553.736074,92.260079,2642.095122,105.612962,2510.014138,144.382286,19.398813,0.896237,19.595646,0.721030,20.007578,0.980849,20.328990,0.925138,19.890839,0.814556,20.313159,0.666907,20.854394,0.959067,20.600620,0.972798,20.242744,0.779452,20.127984,1.068938,20.114669,0.738191,19.916464,0.875531,20.200257,1.050429,20.347030,0.813943,26.634591,1.181242,25.113708,1.296019,25.966712,1.315955,25.527111,1.064115,25.132131,1.062112,25.205223,1.165263,25.110889,1.146705,25.822508,1.222852,26.424928,1.268413,25.947593,1.172660,25.466833,1.063259,24.859577,1.163207,25.605805,1.298190,25.211979,0.903954,38.145544,1.101959,40.039831,2.395467,40.316423,1.785958,40.604520,1.730859,38.831353,1.828688,38.851859,1.710119,38.478587,1.576716,36.976721,1.388316,38.213036,1.807032,38.169103,1.936172,39.182953,1.901345,38.931523,2.310050,39.404220,1.320634,39.813117,2.013194
9,26,1500,moderate_profile,low_attention,low_attention,2534.680125,136.562219,2553.161252,133.097966,2571.681913,132.676450,2684.490439,100.417496,2501.480319,121.979243,2575.079779,124.475053,2569.697348,71.031502,2582.309422,96.913169,2521.244254,151.870749,2534.008755,128.768650,2541.495385,104.636403,2651.436570,107.807207,2672.700103,134.019083,2537.205093,136.848203,20.126245,1.019535,19.989542,0.832425,20.803845,0.725249,21.514512,1.041259,20.609147,0.871231,20.728672,1.047851,21.392843,1.075712,21.026199,0.964944,20.595216,0.816002,20.940888,0.982508,20.717092,0.645143,20.533307,0.974996,20.800502,0.978426,20.858039,0.937188,27.411315,1.028152,25.965196,1.283057,26.428799,1.341814,25.825238,1.035514,25.851709,0.888923,25.878540,0.991202,25.869368,0.948420,25.874896,0.917335,26.884255,0.888083,26.322028,1.091582,25.709786,1.209934,25.991423,1.246890,25.832709,1.272449,25.864968,0.920182,37.887743,1.823704,39.807560,1.874596,38.686690,2.196204,39.673305,1.414421,38.314696,1.563106,38.157586,1.935723,39.047147,1.772828,37.202589,1.067252,36.892556,2.032260,37.903933,1.571220,37.709253,1.898481,38.484135,1.658656,39.226575,1.567726,38.863620,1.796327
9,27,1560,moderate_profile,low_attention,low_attention,2606.010223,103.941024,2538.431486,95.156448,2595.617619,149.204627,2617.510358,133.222920,2567.106051,83.458490,2554.208317,119.911439,2547.557301,102.252154,2507.205789,125.785120,2583.371046,97.577254,2582.955418,110.363347,2531.681862,118.672696,2621.053725,120.828819,2650.446465,86.994506,2513.510459,98.716872,21.085602,0.895004,20.821232,1.118350,21.517373,1.069484,21.759473,0.954035,21.032792,0.618377,21.379326,0.630563,21.908581,0.857231,22.024297,0.946861,22.048457,0.886217,21.451774,0.967280,21.207622,1.101681,20.990802,0.868094,21.536160,1.036068,21.724471,0.925912,28.031661,0.913526,26.799694,1.050974,28.077465,1.380635,26.303013,1.196186,26.301715,1.241322,25.584895,0.975479,26.268628,1.152344,26.441599,0.851329,27.084798,0.982094,27.050204,0.996894,26.515581,1.296260,25.937189,1.244739,26.491246,0.925435,26.246874,1.404263,36.768055,2.154250,37.589687,1.442514,38.686610,1.994740,39.244039,1.516393,37.432252,1.623776,37.567791,1.749430,37.344200,1.814456,36.013637,1.445434,36.701840,1.629563,35.632321,1.808906,37.256305,1.577669,37.546111,1.960538,37.970227,1.547014,37.426365,1.828139
9,28,1620,moderate_profile,low_attention,low_attention,2521.784782,131.243693,2515.821003,86.740315,2620.712430,127.064714,2577.568795,125.890422,2545.428086,111.309254,2544.724318,117.297597,2589.312208,124.580830,2511.640075,104.395950,2548.552459,105.429562,2581.332151,152.275130,2521.119393,122.695389,2559.697337,100.815771,2644.843849,136.311402,2551.743544,101.994198,21.442761,1.067555,21.190386,0.876947,21.336083,0.995238,22.152558,0.976455,21.402327,1.096891,21.748422,1.319671,22.082836,0.816729,21.947501,1.051470,22.020213,1.045175,21.581974,1.017651,21.030919,0.885222,21.320789,0.872461,21.686702,1.124057,22.247735,1.230703,27.716331,1.480354,26.686405,1.021647,27.092186,1.127691,26.955947,1.336015,26.084434,1.449959,26.393868,1.076016,26.503555,1.124733,26.590799,1.365384,27.541121,1.025309,26.310025,0.983072,27.035527,1.152661,26.327509,1.401574,26.204433,1.091994,26.343348,1.119214,36.677559,2.015967,38.068783,1.207223,39.952595,1.606953,39.130784,1.719284,37.237036,1.487771,37.096394,1.555880,37.219529,1.162180,36.811960,1.432684,36.567422,1.908953,36.021015,1.728460,37.503829,1.410196,37.217051,1.648764,38.340006,1.271567,36.826683,1.651555
9,29,1680,moderate_profile,low_attention,low_attention,2573.409468,114.859057,2518.302000,103.441555,2608.654269,124.136662,2671.755228,94.588840,2576.283338,109.406514,2587.009957,93.137209,2587.305198,106.918562,2553.670784,83.106852,2505.710567,114.717053,2580.745676,142.860729,2515.708144,91.446233,2549.687947,104.062553,2713.945985,115.869918,2538.120831,79.932477,21.304673,0.969995,21.536926,0.916015,21.851881,0.853165,22.813065,0.870802,21.874922,0.891094,22.053721,0.880085,22.228836,0.716059,22.143932,0.751140,22.110132,1.119320,21.470098,1.114017,21.980190,0.788075,21.778803,0.920209,22.121980,1.075925,22.444143,0.801909,28.442348,1.180502,26.565350,1.169885,27.926493,1.220465,26.724905,1.082551,26.511993,1.363354,26.799335,0.958527,26.761436,1.181065,26.904420,1.104670,26.670800,1.129144,27.154007,1.607628,27.248807,1.094160,26.775810,1.134394,26.565908,1.254115,26.375238,1.192672,36.382671,1.850281,37.294735,1.495584,38.698261,1.998589,38.750536,2.231364,37.639439,1.962624,38.350529,1.602191,37.398593,1.144251,35.899228,1.757181,36.711243,1.517753,36.197915,1.262615,36.851637,1.878354,36.962376,1.833380,37.803171,1.332314,35.835203,1.007308
9,30,1740,moderate_profile,low_attention,low_attention,2495.924208,90.726561,2554.966221,111.446669,2599.338228,130.919183,2600.143323,118.043774,2600.014129,134.606049,2485.983301,138.270927,2533.664898,129.672558,2581.529055,141.277148,2508.219383,103.759064,2530.535086,103.178115,2532.072193,94.062112,2600.678218,106.888356,2644.339597,117.348509,2520.958291,116.695511,21.563343,0.652734,21.208963,0.895287,21.879960,0.900823,22.549630,1.032475,22.015840,0.851495,22.362475,0.875672,22.887255,0.825631,22.419000,0.899584,22.036753,1.007229,21.775317,1.153918,21.700347,0.730533,21.403414,1.037518,22.223393,1.136296,22.115861,1.087276,28.078141,1.204785,26.564597,1.387310,27.797937,1.223587,27.015842,1.175609,26.561144,1.297874,26.984516,1.118389,26.517460,1.095557,27.294481,1.314849,27.493953,1.380859,27.301280,1.173097,26.973681,1.528620,27.064841,1.017884,26.234576,1.334237,26.728628,1.342926,36.133675,1.416813,36.863022,1.234479,38.242281,1.381915,37.966844,1.420536,36.373007,1.628099,36.517896,1.494527,36.538398,2.176612,35.204421,1.838730,35.256546,1.495511,34.966194,1.822442,37.169993,1.519275,36.497535,1.065493,36.358284,1.552643,35.773668,1.597382
10,1,0,good_profile,high_attention,high_attention,2517.695823,93.078730,2620.388953,105.228703,2584.829768,98.312919,2531.370941,102.341849,2494.003260,91.116212,2562.673307,59.065309,2553.934185,73.676293,2540.468166,85.000670,2538.041409,71.748291,2517.884980,104.300989,2578.384407,97.020049,2475.026780,101.785553,2435.775139,67.829110,2541.351836,83.616538,9.536155,0.361394,9.610768,0.306710,9.337252,0.260657,9.540569,0.265054,9.437689,0.294145,9.502206,0.417592,9.322342,0.266620,9.586945,0.382549,9.424140,0.290912,9.627352,0.316512,9.378007,0.326139,9.205895,0.303469,9.539672,0.342643,9.559899,0.345181,16.043327,0.431258,16.673378,0.567892,17.260262,0.735202,16.708232,0.495237,16.353327,0.599281,17.122129,0.601459,16.783020,0.596062,16.896748,0.515722,16.577461,0.648302,16.564989,0.562589,16.708317,0.533327,17.024956,0.429251,16.439298,0.555797,16.577533,0.599332,44.636215,1.533924,45.076904,1.218444,45.616635,1.256200,44.419889,1.057954,45.146688,1.259518,44.633939,1.523591,44.437500,1.019999,45.968018,1.692192,46.145333,1.594612,46.568910,1.225999,44.910008,1.483524,44.735478,1.212442,44.658447,1.775242,45.255952,1.056045
10,2,60,good_profile,high_attention,high_attention,2514.041252,86.574947,2593.240761,88.599216,2541.309201,95.425729,2558.623869,91.754121,2465.938465,101.226262,2566.296008,62.411754,2538.477659,67.035163,2537.639500,89.305440,2535.398919,66.408121,2479.035651,101.778246,2572.081854,66.985025,2481.353183,59.202260,2430.461981,90.565985,2568.114589,100.417889,9.457533,0.288640,9.532259,0.360654,9.340527,0.297230,9.513719,0.225918,9.465826,0.257802,9.621398,0.248121,9.361687,0.369674,9.778635,0.292625,9.511637,0.428366,9.537923,0.199333,9.314245,0.343362,9.141387,0.335963,9.617369,0.297875,9.678308,0.301585,16.561560,0.610292,16.917014,0.392387,17.359776,0.541554,16.848888,0.574602,16.424203,0.558836,17.421935,0.384422,16.819882,0.529754,16.934025,0.373521,17.002367,0.563450,16.665752,0.726732,16.744385,0.490287,16.938260,0.554719,16.520035,0.542273,16.704295,0.423249,44.319299,1.581786,44.957581,1.180796,45.048267,1.452133,44.127163,1.470439,44.877520,1.247849,44.754415,1.349164,44.852053,1.129589,45.951002,1.180738,45.483683,1.391201,45.974711,1.326213,45.461578,1.157988,44.233797,1.071706,44.368669,1.553789,45.640468,0.942425
10,3,120,good_profile,high_attention,high_attention,2503.662902,66.291982,2581.939060,76.094964,2551.690969,81.973070,2561.616570,115.093530,2492.271311,82.659855,2582.584008,103.462577,2510.738570,91.193828,2529.051911,88.692657,2529.691053,63.171851,2521.869294,86.762378,2604.391851,68.784086,2479.318388,108.224962,2416.980038,92.045907,2540.682796,64.351691,9.486630,0.202036,9.348666,0.257825,9.330429,0.238921,9.351507,0.313298,9.248374,0.306991,9.404713,0.272403,9.396390,0.274356,9.714165,0.282311,9.250916,0.281635,9.366545,0.310700,9.348560,0.191544,9.071101,0.333611,9.642969,0.338251,9.540100,0.363160,16.561785,0.513792,16.827636,0.311684,17.708760,0.519115,16.709331,0.508951,16.600743,0.559569,17.431831,0.655463,16.901872,0.629789,16.774565,0.543920,17.086354,0.456872,17.063751,0.423234,17.233747,0.455040,17.044200,0.361750,16.752771,0.461848,16.550711,0.472118,44.471051,1.420256,45.356007,1.318029,44.642200,1.725815,44.373468,1.329182,44.357421,1.306330,44.338544,1.410411,45.083146,1.628344,45.609266,1.557780,45.247146,1.285518,45.831016,1.266786,44.975642,1.520047,45.156863,1.506574,44.820334,1.699934,45.101065,1.131236
10,4,180,good_profile,high_attention,high_attention,2529.853423,94.546216,2596.102529,89.345252,2547.743728,89.685549,2533.479024,72.578278,2500.330839,73.520769,2612.841298,77.938099,2573.234881,88.341938,2548.700250,76.081366,2572.871670,89.534906,2534.710192,69.955230,2607.502245,71.521494,2538.050252,81.417430,2453.601064,82.146944,2553.368427,80.978365,9.692662,0.339151,9.593753,0.233082,9.459623,0.361071,9.444469,0.245778,9.395447,0.290694,9.625501,0.256002,9.520480,0.293428,9.576753,0.347053,9.463068,0.315842,9.500913,0.242757,9.443194,0.284009,9.164704,0.267823,9.731628,0.393067,9.659999,0.314088,16.435802,0.506204,16.989656,0.598812,17.690227,0.628585,16.983485,0.581584,16.320169,0.438309,16.984918,0.624976,16.714187,0.564635,16.902574,0.485968,16.844937,0.595335,16.973498,0.641765,16.948603,0.469763,16.992903,0.473869,16.591275,0.542873,17.058753,0.464409,44.260541,1.028051,44.601496,1.465879,44.204542,1.390414,44.108769,1.289852,44.620641,1.547341,44.149369,1.196934,44.303619,1.342443,45.287456,1.690599,45.232279,1.140365,45.863273,1.927127,45.279779,0.904185,44.397573,1.326387,44.364548,0.965541,45.065236,1.291547
10,5,240,good_profile,high_attention,high_attention,2531.768843,64.023009,2646.216980,80.192837,2606.629527,84.443747,2565.595501,92.738546,2501.072001,94.532548,2587.376156,81.770297,2533.861441,106.643476,2500.031707,87.459417,2579.684390,58.655699,2558.530139,68.729906,2585.629951,77.688750,2512.953715,66.644668,2435.035151,86.495108,2621.262743,90.199903,9.663437,0.254220,9.518198,0.340858,9.602532,0.273432,9.485518,0.389994,9.425911,0.320392,9.424466,0.318884,9.444312,0.345968,9.723608,0.404351,9.315459,0.304315,9.376465,0.342430,9.332619,0.263206,9.236309,0.253225,9.529785,0.245373,9.776971,0.277289,16.529979,0.558969,16.616527,0.616583,17.519211,0.643724,16.927826,0.560645,16.158273,0.464115,17.038127,0.461527,16.663741,0.441907,16.782938,0.424256,16.784880,0.544692,16.908591,0.499966,16.897007,0.471751,16.987924,0.435392,16.662497,0.638012,16.838767,0.366678,44.680809,1.655373,44.480736,1.483378,44.775427,1.443946,43.627015,1.296827,44.769611,1.256791,44.897736,1.183307,44.400646,1.649379,45.506295,1.244169,45.562234,1.091269,45.770739,1.717977,44.575303,1.426233,45.144373,1.352036,44.744345,1.229654,45.495870,1.026470
10,6,300,good_profile,high_attention,high_attention,2548.055655,83.770260,2678.573391,80.663598,2543.085431,90.373292,2544.443379,97.389808,2487.745973,92.553442,2577.282573,86.378865,2560.656710,47.929510,2512.732918,60.350591,2567.347043,71.509525,2541.884541,108.817969,2585.002237,62.772413,2493.880818,80.946090,2433.633866,79.934602,2558.083026,72.883176,9.628073,0.249927,9.520768,0.272961,9.439437,0.305988,9.468640,0.299349,9.656127,0.322274,9.643205,0.307634,9.444322,0.301166,9.650327,0.280721,9.726244,0.232351,9.547161,0.321258,9.344727,0.282798,9.265696,0.276231,9.740037,0.246569,9.689507,0.343718,16.405714,0.371818,16.642730,0.514084,17.404206,0.466695,16.565183,0.561051,16.049464,0.354617,16.910183,0.607789,16.777628,0.508799,16.676638,0.426084,16.764865,0.559403,16.798458,0.459384,16.758260,0.442019,16.942070,0.459447,16.203154,0.496261,16.714900,0.423700,43.958777,1.602653,44.340203,1.635193,44.442624,1.402593,44.093069,1.609105,44.723259,1.145253,44.767246,1.664748,44.596546,1.412319,44.234193,0.894069,45.637180,1.094179,45.646504,1.019845,44.320549,1.525809,45.035240,1.231519,44.942836,1.226137,45.200180,1.458767
10,7,360,good_profile,high_attention,high_attention,2531.931529,79.170194,2661.022531,71.906753,2517.472451,77.555194,2568.354141,74.662734,2508.015333,108.602748,2561.697741,96.295289,2532.086050,63.382490,2537.362519,69.240468,2538.044899,88.689480,2490.569598,81.070888,2543.605996,91.274858,2504.736770,63.711659,2411.992314,61.673005,2573.673612,93.148230,9.530152,0.241405,9.512714,0.313563,9.584108,0.323163,9.597452,0.370235,9.472627,0.315212,9.539659,0.280529,9.342096,0.376649,9.858491,0.222550,9.843686,0.353062,9.658603,0.385265,9.361778,0.380913,9.259024,0.256959,9.754150,0.311494,9.557282,0.275079,16.278388,0.492892,16.744723,0.567043,17.590851,0.434390,16.679568,0.578468,16.246516,0.510935,17.083187,0.577505,16.735556,0.558767,16.949423,0.442433,16.617076,0.449878,16.492988,0.346421,16.965499,0.480379,16.922028,0.377377,16.670443,0.489767,16.719498,0.656747,43.534438,1.504110,44.616501,1.266834,44.346778,1.428878,44.161653,1.319759,44.385014,1.534446,44.664598,1.242555,44.552688,1.105421,45.650565,1.093392,44.596507,1.424418,45.571208,1.464341,44.140630,1.177208,44.352934,1.442219,44.252127,1.240981,44.599678,1.118043
10,8,420,good_profile,high_attention,high_attention,2510.922762,80.071670,2627.379356,64.416095,2522.287574,85.226945,2534.922043,89.555512,2500.711135,109.792152,2606.096177,55.809625,2511.897295,81.713941,2518.723099,37.800412,2562.101304,76.611904,2473.611834,81.502533,2566.638312,98.580986,2514.174546,79.880432,2435.184493,73.235263,2553.029758,78.206433,9.517333,0.297691,9.556781,0.274932,9.494182,0.333146,9.467073,0.200222,9.583771,0.255387,9.581233,0.228368,9.363998,0.305147,9.744877,0.337939,9.693444,0.253804,9.585916,0.300190,9.257071,0.303024,9.094488,0.338120,9.707193,0.289301,9.603159,0.250261,16.154144,0.439339,16.587148,0.509984,17.029523,0.627618,16.465826,0.539821,16.207480,0.640270,17.040419,0.559524,16.780193,0.664660,16.767087,0.654778,17.006234,0.553072,16.661683,0.587730,16.617571,0.373595,16.657894,0.500812,16.418097,0.579263,16.494858,0.582059,44.136717,1.396491,43.595068,1.239381,44.676494,1.724889,43.911949,1.428286,44.157732,1.121399,44.612232,1.282853,45.026128,1.508392,45.670787,1.301370,44.671164,1.330196,46.003911,1.182873,44.580599,1.376305,44.625453,0.772545,44.769983,2.175491,43.823400,1.541489
10,9,480,good_profile,high_attention,high_attention,2545.936018,87.360875,2596.348290,101.008765,2547.729482,97.468699,2551.968717,66.399776,2471.184804,89.976251,2559.757130,87.205522,2520.228535,61.426395,2533.940234,80.326187,2545.719675,94.659608,2532.369047,78.550580,2574.552944,67.939585,2474.408296,89.380660,2434.829132,60.087202,2557.374083,83.020196,9.505281,0.286420,9.396314,0.293556,9.348496,0.361238,9.336353,0.280094,9.299132,0.375025,9.409177,0.321074,9.431147,0.325100,9.567269,0.398262,9.517068,0.358143,9.339266,0.274374,9.109518,0.361341,9.123940,0.287246,9.526020,0.345217,9.619774,0.317575,16.081523,0.563602,16.284108,0.498808,17.483184,0.621612,16.650360,0.574959,16.380656,0.479592,16.904214,0.428739,16.576227,0.625985,16.754760,0.561046,16.711980,0.485879,16.773399,0.579154,16.695200,0.456882,16.741252,0.400256,16.783691,0.461532,16.850453,0.401897,45.090553,2.125574,44.477085,1.483890,45.434505,1.337915,44.018197,1.293126,44.204401,1.480604,44.879804,1.473410,44.978061,1.405855,45.617864,1.299289,45.115020,1.286082,46.319776,1.633283,44.824757,1.366024,44.602548,1.631327,44.768375,1.308857,44.920719,1.384465
10,10,540,good_profile,high_attention,high_attention,2527.065450,63.876176,2602.928654,78.951601,2547.284250,87.469973,2548.203801,85.173948,2467.111472,82.095945,2577.044191,76.782199,2559.909706,75.777420,2548.393627,72.753709,2559.499508,72.530257,2507.747240,95.301547,2551.350169,78.468129,2508.066274,84.597914,2427.810924,71.439605,2535.938683,83.467104,9.607855,0.281281,9.407339,0.335671,9.408404,0.278132,9.412871,0.357337,9.315098,0.334481,9.378698,0.295128,9.367933,0.358288,9.658261,0.243062,9.638316,0.304250,9.426424,0.338562,9.227974,0.233309,9.301372,0.314404,9.726842,0.233576,9.740459,0.331277,15.842179,0.464498,16.360653,0.600965,17.506321,0.541527,16.499823,0.430744,15.821265,0.447562,17.033631,0.509359,16.259654,0.605909,16.377103,0.444537,16.514524,0.401867,16.684493,0.514678,16.636940,0.596890,16.394474,0.755547,16.343327,0.557965,16.401526,0.492105,44.708554,1.295263,44.673310,1.803864,44.643046,1.531588,44.760024,1.582438,45.055828,1.861338,45.235223,1.227709,44.615800,1.327037,46.166055,1.329328,45.684198,1.344415,46.254297,1.353099,44.626736,1.431261,43.873271,1.356655,45.049704,1.565026,45.215939,1.632106
10,11,600,good_profile,high_attention,high_attention,2556.737463,63.997791,2644.064365,99.266784,2570.651390,90.187465,2561.121071,57.933562,2484.889438,104.762902,2588.300507,96.433134,2576.484504,107.476404,2548.257033,81.941093,2567.341967,74.313095,2550.737551,79.961575,2574.750341,60.644117,2532.234250,85.833553,2455.820547,78.294895,2545.369374,76.419418,9.496730,0.316209,9.487338,0.256736,9.368122,0.347824,9.463769,0.294368,9.533301,0.312804,9.431522,0.193507,9.459014,0.329004,9.588989,0.368109,9.574302,0.333928,9.455894,0.261583,9.342141,0.323086,9.156183,0.322975,9.469269,0.264286,9.701534,0.325616,16.230430,0.534548,16.732558,0.493944,17.512240,0.489276,16.826268,0.546820,16.436675,0.462455,17.259975,0.680930,16.695937,0.655386,16.705426,0.454456,17.068865,0.644386,16.799496,0.476462,17.006199,0.373446,17.049735,0.617057,16.305636,0.506260,16.489465,0.495411,44.326079,1.258352,44.360410,1.298201,45.041513,1.368215,44.218519,1.141143,43.814902,0.850376,44.491501,1.396891,44.652153,1.688596,45.297902,1.795372,45.000947,1.337284,46.184462,1.399327,44.122625,1.774068,44.695177,0.973357,45.204653,1.546064,44.969120,1.162814
10,12,660,good_profile,high_attention,high_attention,2519.372405,114.066966,2643.128016,62.931942,2583.097175,90.287366,2583.503320,93.877564,2457.048994,80.020387,2581.089251,67.524800,2564.510043,71.986533,2531.030870,75.592872,2578.308543,88.543588,2532.781666,92.411050,2622.550859,66.895010,2506.929488,72.199101,2455.433338,68.481367,2581.523021,102.621941,9.689732,0.363651,9.572138,0.257340,9.696925,0.268077,9.662677,0.373054,9.775650,0.205967,9.622068,0.302397,9.447925,0.397147,9.852558,0.398940,9.787659,0.376936,9.693005,0.372011,9.302174,0.353337,9.364725,0.292773,9.681862,0.244118,9.702320,0.348051,16.565482,0.623148,17.235649,0.673966,17.826690,0.571621,17.022313,0.492950,16.770796,0.547219,17.534595,0.651185,17.054333,0.558932,17.114166,0.566620,17.362763,0.578793,17.115417,0.712824,17.177715,0.562136,17.396996,0.691945,17.039691,0.422058,16.978713,0.416091,44.624111,1.520427,45.023514,1.299356,45.272280,1.623419,44.428163,1.401202,44.733176,1.183162,45.475157,1.591595,44.411948,1.485155,45.640272,1.328162,45.311030,1.456496,46.544632,1.769561,45.156469,1.715909,45.253224,1.633688,45.133232,1.462526,45.909753,1.467278
10,13,720,good_profile,high_attention,high_attention,2502.134602,75.822569,2621.044689,95.872983,2569.471436,127.616319,2532.918640,80.352879,2478.268490,94.943231,2570.784153,78.854054,2533.708807,72.597138,2560.622011,92.005915,2556.674018,76.395084,2527.917815,75.996681,2540.279385,91.572477,2463.614617,65.553722,2403.656399,74.658586,2532.326439,69.999494,10.012112,0.356936,9.929636,0.255287,9.915463,0.362926,10.000433,0.286153,9.923678,0.358591,9.836867,0.259083,9.759836,0.299902,9.917605,0.334539,9.790718,0.262717,9.805446,0.280141,9.773236,0.344496,9.709222,0.281818,9.986291,0.430583,9.914702,0.320735,17.068395,0.669658,17.677916,0.504273,18.421927,0.626974,17.744834,0.498304,17.180975,0.585730,18.251712,0.635629,17.783569,0.607362,17.535248,0.544183,17.869765,0.579829,17.803026,0.543114,17.532650,0.720848,17.638828,0.680161,17.419908,0.621047,17.294596,0.483190,45.093810,1.366131,44.768346,1.387790,45.296490,0.912506,44.107947,1.293638,45.210286,1.346812,44.943790,1.522764,45.300408,1.391454,45.881466,1.294192,45.077760,1.556919,47.305081,1.234496,45.113187,1.270904,45.267453,1.349277,44.717539,1.841538,45.103459,1.264382
10,14,780,good_profile,high_attention,high_attention,2571.756668,88.702333,2606.464870,75.485553,2605.383140,81.843998,2508.999739,56.349659,2491.787409,74.817036,2535.763449,69.191124,2513.002983,68.485383,2488.130218,75.224968,2507.014053,55.176228,2499.051239,69.028761,2565.147718,79.810965,2504.999618,85.846829,2443.382645,74.736514,2570.096868,80.323495,10.322801,0.212106,10.139114,0.249043,10.197253,0.274801,10.365956,0.203204,10.238687,0.389076,10.199597,0.299359,9.962072,0.324448,10.394546,0.367494,10.283963,0.321159,10.172707,0.313727,10.101196,0.361651,10.044332,0.300237,10.291535,0.346435,10.305573,0.337825,17.616775,0.532924,18.308483,0.539344,18.860700,0.598135,18.300318,0.462908,17.579365,0.652821,18.408370,0.575880,18.149888,0.456368,18.133501,0.501232,18.295000,0.605648,18.275871,0.299889,18.252356,0.780335,18.060724,0.595834,17.873138,0.454283,17.874020,0.559670,44.865327,1.395678,44.340009,1.400775,44.590825,1.462840,43.498107,1.587469,44.166189,1.460261,44.956699,1.424591,44.417476,1.132134,45.056255,1.670279,45.566330,1.590494,46.093709,1.522533,44.744324,1.671288,44.801630,1.252218,44.879230,1.454712,44.816503,1.419790
10,15,840,good_profile,high_attention,high_attention,2557.532802,67.205426,2589.814320,55.234311,2534.747823,91.440808,2525.809171,93.221778,2500.305319,57.538879,2569.393750,63.012255,2550.320754,79.990168,2547.265656,78.333780,2529.484211,80.811377,2504.291607,69.669704,2596.547107,99.363017,2490.151300,75.104757,2470.306117,80.583031,2525.611841,84.702851,10.747977,0.315236,10.507613,0.284776,10.639219,0.254670,10.532283,0.293519,10.550198,0.306049,10.686254,0.236158,10.383158,0.300907,10.761102,0.319052,10.665771,0.378846,10.543324,0.315219,10.417874,0.299144,10.520494,0.269622,10.821316,0.332308,10.823410,0.349699,18.043951,0.509666,18.619199,0.603374,19.528152,0.582418,18.332778,0.469342,18.233912,0.508213,18.897133,0.686639,18.788693,0.591260,18.756321,0.831994,19.067521,0.697185,18.784306,0.478251,18.704526,0.644193,18.964370,0.647506,18.363358,0.583010,18.374057,0.586011,43.711026,1.070010,44.073759,1.116101,44.132589,1.504894,43.721516,1.592428,43.695767,1.263835,43.991144,1.330971,44.298514,1.403697,45.132352,1.210921,45.099524,1.475947,45.984085,1.602711,44.446628,1.267085,44.485233,1.328548,43.895911,1.782485,44.298822,1.648814
10,16,900,good_profile,high_attention,high_attention,2508.101770,62.734732,2552.530209,64.212372,2524.017638,87.760137,2536.708364,67.943447,2471.355906,75.831735,2511.263941,71.815695,2561.717147,100.540932,2528.806472,91.295278,2522.006306,78.823365,2492.400645,109.262582,2525.694503,77.703269,2471.073277,77.216957,2416.653898,87.449463,2516.423430,80.779464,11.022442,0.360129,11.057658,0.300363,10.855727,0.357578,10.880160,0.400508,11.074059,0.336700,11.060478,0.325321,10.780278,0.322907,11.221652,0.298473,11.158482,0.300115,11.044906,0.474711,10.971092,0.315636,10.660407,0.345645,11.113350,0.342012,11.211165,0.368398,18.656813,0.560246,19.169720,0.580344,20.253895,0.653999,19.102155,0.663451,18.578657,0.778688,19.409322,0.818585,19.385428,0.483050,19.516740,0.523024,19.668085,0.576045,19.156894,0.457078,19.545838,0.538148,19.223562,0.583623,19.158655,0.618570,19.279072,0.503792,43.406712,1.288626,43.683389,1.354511,43.222094,1.180014,42.847955,1.213586,42.765821,1.553970,43.300151,1.087483,43.339826,1.174754,44.229525,1.398581,44.968336,1.193107,45.156837,1.135171,43.535588,1.622163,43.274393,1.263430,43.042274,1.469597,43.734402,1.193240
10,17,960,good_profile,high_attention,high_attention,2490.498607,72.993689,2591.284687,76.283782,2543.785456,72.349704,2494.441400,88.430327,2473.659267,73.456717,2552.037631,87.199713,2530.319416,68.607618,2484.241802,93.027318,2510.928246,85.103733,2521.740209,84.436522,2552.514803,82.751919,2491.450537,90.741996,2401.218463,83.772330,2526.721247,74.304540,11.830962,0.376364,11.476243,0.302061,11.516074,0.362997,11.341970,0.425279,11.522549,0.295919,11.505868,0.399072,11.303102,0.382971,11.724905,0.278500,11.499663,0.332053,11.659095,0.441346,11.316224,0.323866,11.223130,0.366095,11.623924,0.415934,11.826044,0.383402,19.340045,0.720288,20.265408,0.650939,20.664487,0.722326,20.084956,0.794305,19.711338,0.651073,20.776569,0.519538,20.252611,0.673478,19.947672,0.451938,20.274301,0.639717,19.914758,0.661724,20.078517,0.657883,20.326822,0.658081,20.020995,0.652674,19.928743,0.720111,42.644614,1.250273,42.631389,1.095963,42.855255,1.114234,42.390312,1.036512,43.348901,1.596539,43.195563,1.196790,42.615854,1.036614,43.256039,1.461270,44.165284,1.454303,43.733093,1.450620,42.887633,1.464480,42.713360,1.525225,42.951583,1.404173,43.300162,1.489910
10,18,1020,good_profile,medium_attention,medium_attention,2510.332927,64.335636,2563.029489,78.803695,2547.134055,86.218692,2476.508734,64.195652,2475.169323,73.414155,2545.665125,80.167047,2558.594210,70.934541,2481.461505,80.460658,2520.739823,82.574977,2506.561993,61.429611,2529.180258,80.167064,2474.648496,58.948679,2421.791261,66.680830,2551.119886,69.860995,12.197398,0.411866,11.930662,0.403016,12.134118,0.323987,12.046716,0.467767,12.139105,0.328654,12.112978,0.372276,11.788815,0.389201,12.077800,0.396927,11.943723,0.286878,12.030467,0.425586,11.894510,0.345786,11.838534,0.372544,12.079700,0.362921,12.347017,0.375641,20.111415,0.608583,20.604137,0.687652,21.461406,0.569409,20.612912,0.519844,20.034093,0.559036,20.734000,0.633515,20.798096,0.846770,20.721901,0.708092,20.813768,0.625618,20.729336,0.694307,20.911601,0.787667,20.970611,0.581983,20.636623,0.654853,20.098725,0.626159,42.603043,1.538083,42.716109,1.174518,43.042810,1.350854,43.529686,1.312261,42.686840,1.209606,42.808258,1.032917,43.654012,1.322363,44.149636,1.611875,43.538454,1.387110,44.151773,1.127669,43.440261,1.148176,43.098537,1.521797,42.896765,1.086287,43.401827,1.676865
10,19,1080,good_profile,medium_attention,medium_attention,2488.503807,95.467881,2613.736938,64.458787,2480.402561,84.370767,2484.874061,47.953191,2496.239392,74.747003,2512.745157,78.255613,2511.726788,89.801822,2498.087095,69.461464,2509.124507,73.158652,2488.172975,61.150204,2540.328015,51.276335,2429.180616,80.494458,2416.680831,82.421528,2500.602882,100.095451,12.527665,0.283442,12.411549,0.419507,12.434111,0.351312,12.540569,0.402329,12.362760,0.558787,12.544279,0.448093,12.299966,0.556548,12.705750,0.388855,12.521084,0.359957,12.287265,0.294027,12.366930,0.317815,12.130706,0.341816,12.530657,0.496825,12.565112,0.333924,20.510723,0.600646,21.142195,0.588251,21.980998,0.734265,21.449481,0.510170,20.584687,0.506521,21.415666,0.594662,21.197443,0.658851,21.436919,0.703953,21.599829,0.788730,21.649647,0.595392,21.645175,0.642400,21.004427,0.479362,20.903052,0.556225,20.901496,0.688842,42.021610,1.450960,42.725803,1.469197,42.731965,1.083860,42.110130,1.229865,41.925535,1.411470,41.852319,1.342814,42.831770,1.662803,43.020469,1.360163,43.101685,1.460231,43.271166,1.280488,42.638535,1.502410,41.996398,1.270757,42.038936,1.383217,41.993763,1.567442
10,20,1140,good_profile,medium_attention,medium_attention,2527.515347,80.636114,2540.394028,99.305802,2503.127363,83.352902,2517.753610,94.055150,2462.446339,90.608098,2562.859841,93.359434,2556.378043,70.042551,2506.325173,80.656477,2525.168218,112.222594,2480.804060,74.907741,2550.944855,73.338427,2449.032705,79.961173,2440.848126,57.887686,2524.889796,63.543620,12.827164,0.354886,12.810361,0.418016,12.816165,0.387302,13.048025,0.435613,12.937471,0.361324,12.947371,0.369247,12.764025,0.441636,13.178890,0.432988,13.020778,0.422697,12.944861,0.316685,12.802574,0.320569,12.665001,0.465176,13.077059,0.416791,13.160139,0.428283,21.068383,0.555799,21.509050,0.657567,22.342441,0.759316,21.721880,0.728555,21.001169,0.643520,22.138364,0.586573,21.766228,0.677922,21.670668,1.024693,21.758040,0.945937,21.924429,0.627385,22.057086,0.650239,21.931203,0.628382,21.583381,0.636755,21.175432,0.657644,42.197504,1.098862,41.484658,1.467473,42.563428,1.298792,41.519650,1.028440,41.986518,1.293863,42.290578,1.206619,42.572097,1.227220,42.468457,1.273159,42.628135,1.206962,43.470929,1.360993,42.164224,1.386953,42.295597,1.268387,41.635367,1.471871,42.165382,1.137660
10,21,1200,good_profile,medium_attention,medium_attention,2500.954630,74.467590,2594.659801,72.838445,2540.913336,83.475498,2473.674625,88.435135,2492.062367,80.768161,2567.650676,67.364678,2554.121520,67.030286,2516.452324,65.107160,2543.991196,92.358344,2500.165267,61.885920,2512.762550,89.081481,2503.443831,56.889940,2431.907717,75.890622,2586.878081,81.320630,13.383359,0.411341,13.322293,0.437820,13.007056,0.367259,13.251344,0.331494,12.994845,0.386632,13.326939,0.438897,12.974616,0.315228,13.414118,0.400278,13.221117,0.456363,13.214324,0.317266,12.979279,0.425626,12.976553,0.406079,13.375243,0.378331,13.306692,0.425111,21.577566,0.726674,22.227026,0.673810,23.188167,0.725000,22.310200,0.735264,21.572145,0.699554,22.603944,0.649068,22.219003,0.743311,22.413483,0.779574,22.883838,0.666761,22.142830,0.641842,22.000564,0.803439,22.519541,0.599227,22.073220,0.612747,22.275008,0.766390,41.354628,1.162131,41.337098,1.407805,42.307775,1.627943,41.161969,1.305631,42.194705,1.351104,40.961076,1.221327,41.772621,1.423019,41.743008,1.134108,42.180581,1.084423,42.752804,1.321657,41.335201,1.850792,41.449192,1.164764,41.203871,1.370887,42.230524,1.480652
10,22,1260,good_profile,medium_attention,medium_attention,2467.912924,83.044119,2582.171114,69.897339,2552.996134,62.785390,2502.345015,63.925662,2485.721143,76.484622,2496.608277,68.022564,2508.738255,85.380621,2508.964593,95.847050,2538.302657,71.807902,2501.551402,87.777792,2557.846533,73.312426,2458.789666,83.072525,2407.114438,72.666486,2529.284258,87.193226,13.671234,0.487513,13.506880,0.399863,13.364899,0.529467,13.468195,0.457919,13.450434,0.325851,13.280260,0.363251,13.187993,0.482243,13.634487,0.456074,13.329737,0.523683,13.555552,0.427472,13.067939,0.417909,13.124931,0.386191,13.660362,0.430798,13.587404,0.460919,21.951521,0.772509,22.492681,0.895386,23.350636,0.765479,22.335025,0.515446,21.890294,0.842699,22.688175,0.740835,22.342892,0.626677,22.779182,0.699558,22.850051,0.891630,22.616416,0.654541,22.400595,0.785272,22.621172,0.935866,22.231888,0.742232,22.150161,0.514129,40.975087,1.170358,41.328303,1.212508,42.198195,1.519007,41.220291,1.022135,41.423649,1.456474,41.635228,1.561510,41.859991,1.475447,42.461625,1.380294,41.567089,1.291446,43.009159,1.126004,41.454611,1.099643,41.534279,1.312735,41.312819,1.310836,41.903053,1.286991
10,23,1320,good_profile,medium_attention,medium_attention,2481.239393,82.603953,2583.709633,65.892218,2523.329386,74.040184,2527.959721,87.457428,2441.462201,73.408686,2544.983975,89.365430,2501.659668,84.789253,2494.844905,89.857326,2520.771827,71.922427,2501.345223,81.609781,2534.225193,71.828008,2480.935987,77.360885,2421.650448,61.158618,2494.293634,80.331755,13.654858,0.358844,13.684755,0.529764,13.228379,0.351344,13.525789,0.464330,13.580784,0.453638,13.329776,0.378654,13.314010,0.422912,13.886149,0.470529,13.416152,0.553652,13.462176,0.286196,13.030015,0.391482,13.077696,0.523743,13.517780,0.376996,13.477874,0.426189,21.635096,0.526151,22.207904,0.767177,23.424934,0.740112,22.260952,0.782523,21.852711,0.602695,22.967890,0.507501,22.400205,0.676004,22.435801,0.686209,22.855333,0.514761,22.297257,0.537734,22.551955,0.788370,22.506732,0.854725,22.033507,0.771809,22.256707,0.417206,42.040526,1.192819,41.667818,0.989809,41.562659,1.589983,41.520289,1.308914,40.450355,1.331714,41.925735,0.807571,41.510274,1.344154,42.311910,1.350396,41.934087,1.073421,42.866342,0.948599,41.872509,1.068419,41.192471,1.375910,41.214848,1.316348,42.294758,1.465476
10,24,1380,good_profile,medium_attention,medium_attention,2478.770774,75.803835,2607.600956,94.992481,2566.040877,79.235254,2526.462678,64.075429,2475.093141,72.419882,2521.643270,87.652730,2530.401923,92.349522,2518.725486,96.581420,2525.299440,59.868511,2487.013754,78.575920,2517.185718,83.217873,2467.079264,81.615681,2429.560712,88.830682,2523.019419,67.348105,13.269341,0.380431,13.047886,0.414232,13.119152,0.343889,13.114634,0.485328,13.142569,0.384782,13.134654,0.417657,13.089898,0.489235,13.415249,0.395168,13.364144,0.450112,13.049214,0.526260,12.725637,0.408370,13.001094,0.437061,13.306902,0.541637,13.324231,0.458950,21.515393,0.651068,22.463004,0.680795,22.650505,0.645966,22.299304,0.582380,21.533008,0.624133,22.590222,0.863142,22.113028,0.805519,22.271011,0.570841,22.263745,0.579512,22.236249,0.851852,22.279667,0.727463,22.042543,0.489755,21.706696,0.818917,21.874567,0.758073,41.529367,1.379099,41.495225,1.361890,42.259668,1.179348,41.044535,1.635840,41.338760,1.379414,42.708070,1.191014,42.502242,1.480172,42.705743,1.343924,42.428945,1.701382,42.930886,0.968597,41.853002,0.919005,41.289780,1.339712,41.560937,1.139248,43.184101,1.158224
10,25,1440,good_profile,medium_attention,medium_attention,2526.219097,101.053188,2617.313787,93.179498,2549.860193,55.906863,2516.899970,71.366672,2522.040608,86.403493,2581.875304,75.514036,2532.301264,90.645978,2544.731017,82.083683,2510.110313,94.914782,2502.127343,80.784488,2544.612187,91.207845,2540.618131,69.683058,2439.621365,57.858716,2525.790130,75.563156,12.649048,0.276621,12.426225,0.357993,12.606133,0.356708,12.652565,0.217163,12.388256,0.455371,12.529845,0.423984,12.578066,0.424695,12.788994,0.391437,12.622315,0.428901,12.760626,0.564497,12.422027,0.315123,12.281088,0.518586,12.856901,0.333337,12.772190,0.318593,20.548830,0.804154,21.337508,0.563657,22.116103,0.837440,21.540599,0.543431,20.985137,0.592398,21.751669,0.755775,21.071663,0.484789,21.612295,0.824136,21.717763,0.608222,21.530207,0.621311,21.538501,0.785130,21.661298,0.511270,21.222257,0.678008,21.280075,0.887967,41.361043,1.501474,41.087530,1.672741,41.661760,1.194914,41.468452,1.181903,41.322848,1.372586,41.992411,1.212633,41.445069,1.368420,42.585103,1.212309,42.582908,1.133043,42.929720,1.188445,40.534367,1.331442,41.555159,1.715841,41.573129,1.570088,42.613332,1.530217
10,26,1500,good_profile,high_attention,high_attention,2497.160766,64.565657,2550.867502,58.951476,2542.733542,73.010864,2554.199610,61.347579,2443.749109,88.786649,2530.684084,76.284400,2525.368034,77.087168,2513.090906,80.963521,2532.976862,84.086873,2499.429507,111.982165,2516.428766,58.604297,2467.042040,75.897985,2445.492957,90.333123,2569.805453,94.385695,12.191308,0.331217,11.977507,0.362605,11.922852,0.253159,12.087949,0.452502,11.952686,0.495062,12.004495,0.347620,11.798433,0.433305,12.294621,0.504009,12.262823,0.286328,11.834615,0.332577,11.663922,0.475909,11.604433,0.344411,12.147310,0.304872,12.118793,0.296558,19.614237,0.585383,20.142055,0.769806,20.988685,0.540355,20.633956,0.756549,19.604752,0.465582,20.591842,0.554913,20.108437,0.705218,20.379061,0.583451,20.473778,0.601786,20.386476,0.548657,20.005966,0.586823,20.586454,0.751405,20.095445,0.577927,20.076405,0.551617,42.816495,1.096593,42.581775,1.085860,43.741422,1.132268,42.377811,1.183896,42.440331,1.617615,42.382422,1.467022,43.495297,1.265927,43.500385,1.781542,43.034431,0.990807,44.112434,1.283864,42.238037,1.212598,42.620660,1.580304,42.768910,1.331453,42.969508,1.217889
10,27,1560,good_profile,high_attention,high_attention,2535.427664,76.998867,2610.106502,74.290597,2544.586740,103.130540,2521.936319,71.769976,2447.158411,68.683477,2596.596862,55.514508,2527.461179,80.152221,2487.688788,67.876462,2502.415438,72.044695,2478.808495,67.229555,2552.033950,113.014945,2502.595997,86.204410,2458.224917,82.346687,2538.830987,74.448373,11.235984,0.252176,11.264736,0.348075,11.068164,0.346157,11.366774,0.438526,11.133064,0.369275,11.235205,0.246450,11.203859,0.321223,11.415074,0.299852,11.329378,0.321341,11.388821,0.435724,11.141952,0.381149,11.008834,0.366496,11.277635,0.403803,11.467814,0.293419,19.050077,0.547173,19.161846,0.714318,20.643488,0.457210,19.507007,0.581875,18.893697,0.709443,19.705509,0.618187,19.474418,0.703975,19.680237,0.773571,19.469636,0.460373,19.499327,0.701596,19.756362,0.678551,19.520021,0.814124,19.192904,0.471286,19.021782,0.494161,43.008969,1.567644,43.161549,1.172294,44.101382,1.756400,43.188019,1.655279,43.117564,1.460942,43.228692,1.553986,43.398173,1.171790,44.538875,1.532368,44.083112,1.178706,45.340847,1.360802,43.673239,1.740647,43.658102,1.037872,43.935103,1.425595,44.359491,0.704305
10,28,1620,good_profile,high_attention,high_attention,2527.705910,71.388181,2587.725459,83.225909,2536.718009,104.342971,2487.964345,91.456370,2462.916042,73.648451,2543.330748,70.483280,2473.573872,79.500901,2496.422583,71.939970,2514.534657,65.482297,2497.694435,70.205658,2570.748510,81.527858,2476.359126,76.089958,2439.182194,115.840341,2538.276124,80.378063,10.898441,0.362759,10.581772,0.307775,10.523218,0.295353,10.797302,0.325486,10.576558,0.331986,10.808444,0.339168,10.516450,0.337767,10.766485,0.371093,10.851021,0.390364,10.745039,0.283329,10.456269,0.286622,10.334023,0.310503,10.844631,0.373921,10.783972,0.361621,17.783123,0.432481,18.338760,0.369395,19.540776,0.847002,18.396409,0.532860,17.914143,0.669287,18.786274,0.750264,18.188722,0.698473,18.634349,0.550546,18.546017,0.536957,18.522467,0.503207,18.385984,0.631648,18.873252,0.524957,18.192255,0.503065,18.479029,0.649363,43.946685,1.101800,43.373380,1.497250,43.864519,1.641507,43.414371,0.997136,43.691849,1.511895,43.705374,1.417768,43.497414,1.537026,44.278747,1.826348,44.594928,1.353018,44.866430,1.392456,44.036142,1.318218,43.562702,1.332329,44.224764,1.666628,44.660430,1.372284
10,29,1680,good_profile,high_attention,high_attention,2534.000163,88.192061,2594.453855,78.742967,2551.709000,85.761646,2529.258234,83.570429,2475.239698,97.610085,2542.800719,65.913813,2494.692040,74.048874,2526.086461,102.777550,2516.857427,88.966406,2479.054521,101.510862,2511.231663,78.343435,2472.357512,102.576618,2388.483315,70.920568,2551.618040,62.739755,10.603474,0.319492,10.416935,0.335118,10.437617,0.366469,10.328397,0.378948,10.456082,0.324284,10.478450,0.327473,10.311674,0.290645,10.646208,0.431269,10.567884,0.366260,10.466664,0.374339,10.208173,0.269027,10.015588,0.428250,10.527029,0.347795,10.571884,0.288434,17.376061,0.519097,18.023487,0.644663,18.577855,0.556558,18.071914,0.740968,17.444859,0.483834,18.331736,0.412803,17.820857,0.614590,17.799227,0.596310,18.031668,0.736589,17.953672,0.607876,18.238139,0.344752,18.143230,0.479363,17.703693,0.444793,17.954253,0.497911,44.075555,1.319146,43.629316,1.241168,44.165022,1.213000,43.780235,1.159639,44.206371,1.584163,44.469444,1.270847,44.896292,1.633009,45.457061,1.540977,45.046417,1.199557,45.635521,1.478530,43.448629,1.584745,44.576533,1.360382,45.182280,1.335291,44.837308,1.628698
10,30,1740,good_profile,high_attention,high_attention,2517.645618,91.125816,2638.082418,67.830589,2576.495725,108.249718,2544.409624,73.083960,2508.461546,87.284929,2601.002874,93.959470,2525.954931,60.093937,2548.493811,52.925118,2521.412588,104.808712,2526.561043,75.340628,2550.220099,88.385340,2500.791944,82.313817,2423.761431,66.642226,2570.572728,66.357413,10.229674,0.321870,10.167522,0.303316,9.994716,0.291410,10.130229,0.308877,9.972878,0.306966,10.295481,0.284355,9.992413,0.288335,10.253044,0.307703,10.152989,0.294472,10.187962,0.272439,9.944185,0.231716,9.827637,0.278596,10.148323,0.276693,10.209893,0.321672,16.989035,0.727634,17.452769,0.645858,18.139661,0.608118,17.541910,0.478046,16.979473,0.342939,17.910478,0.476544,17.468496,0.503320,17.388128,0.606490,17.623799,0.495916,17.740209,0.668294,17.531366,0.648903,17.804386,0.644365,17.252445,0.546873,17.352639,0.565477,43.316272,1.146516,44.423452,1.596641,44.808480,1.457379,43.979668,1.171373,43.955748,1.496118,44.696132,1.572811,44.114117,1.437567,44.932920,1.215410,44.572599,1.550865,46.159622,1.062776,44.776317,1.457742,44.184754,1.129296,44.536345,1.829728,44.516542,1.535027
